csv_row	parliament_year	motion_path	exact_match	precision	recall	f1	true_positives	false_positives	false_negatives	gold_signee_count	xml_predicted_signee_count	miss_rate	coverage	extra_rate	gold_ids	xml_predicted_ids	true_positive_ids	false_positive_ids	false_negative_ids	xml_body_ids	xml_metadata_ids	body_metadata_agree	signature_item_count	unknown_signature_count	missing_who_count	non_swerik_who_values	metadata_placeholder_count	metadata_non_swerik_values	xml_read_error	motion
2	1867	data/1867/mot-1867--ak--00233.xml	False	0.0	0.0	0.0	0	0	1	1	0	1.0	0.0	0.0	i-4ACwbbRqtvjW5TygyEQort				i-4ACwbbRqtvjW5TygyEQort			True	2	2	0		0			https://github.com/swerik-project/riksdagen-motions/blob/main/data/1867/mot-1867--ak--00233.xml
3	1867	data/1867/mot-1867--ak--00267.xml	True	1.0	1.0	1.0	1	0	0	1	1	0.0	1.0	0.0	i-S9pkMWTec6tTT7sDMuDncn	i-S9pkMWTec6tTT7sDMuDncn	i-S9pkMWTec6tTT7sDMuDncn			i-S9pkMWTec6tTT7sDMuDncn		False	1	0	0		0			https://github.com/swerik-project/riksdagen-motions/blob/main/data/1867/mot-1867--ak--00267.xml
4	1867	data/1867/mot-1867--fk--00023.xml	False	0.5	1.0	0.6666666666666666	1	1	0	1	2	0.0	1.0	0.5	i-QnzZpk49d9g2M6XVsGFeZi	i-QnzZpk49d9g2M6XVsGFeZi; i-UM8fdU1UJVJ23DcbWqVD9z	i-QnzZpk49d9g2M6XVsGFeZi	i-UM8fdU1UJVJ23DcbWqVD9z		i-QnzZpk49d9g2M6XVsGFeZi; i-UM8fdU1UJVJ23DcbWqVD9z		False	2	0	0		0			https://github.com/swerik-project/riksdagen-motions/blob/main/data/1867/mot-1867--fk--00023.xml
5	1868	data/1868/mot-1868--ak--00188.xml	False	0.0	0.0	0.0	0	0	1	1	0	1.0	0.0	0.0	i-QMTFCSUSN2Q2UCGk1ku63M				i-QMTFCSUSN2Q2UCGk1ku63M			True	1	1	0		0			https://github.com/swerik-project/riksdagen-motions/blob/main/data/1868/mot-1868--ak--00188.xml
6	1868	data/1868/mot-1868--fk--00014.xml	True	1.0	1.0	1.0	1	0	0	1	1	0.0	1.0	0.0	i-9fnjME1eW8K8kyikqsAoDW	i-9fnjME1eW8K8kyikqsAoDW	i-9fnjME1eW8K8kyikqsAoDW			i-9fnjME1eW8K8kyikqsAoDW		False	2	0	0		0			https://github.com/swerik-project/riksdagen-motions/blob/main/data/1868/mot-1868--fk--00014.xml
7	1868	data/1868/mot-1868--fk--00073.xml	True	1.0	1.0	1.0	1	0	0	1	1	0.0	1.0	0.0	i-E7aB8B6ZVrFekyhd9pNoQt	i-E7aB8B6ZVrFekyhd9pNoQt	i-E7aB8B6ZVrFekyhd9pNoQt			i-E7aB8B6ZVrFekyhd9pNoQt		False	1	0	0		0			https://github.com/swerik-project/riksdagen-motions/blob/main/data/1868/mot-1868--fk--00073.xml
8	1869	data/1869/mot-1869--ak--00131.xml	False	0.0	0.0	0.0	0	0	1	1	0	1.0	0.0	0.0	i-9mpjL7WndAk2vS1p76SEft				i-9mpjL7WndAk2vS1p76SEft			True	2	2	0		0			https://github.com/swerik-project/riksdagen-motions/blob/main/data/1869/mot-1869--ak--00131.xml
9	1869	data/1869/mot-1869--ak--00197.xml	False	0.0	0.0	0.0	0	0	1	1	0	1.0	0.0	0.0	i-EEpr1Cx3sBrwmNG6AU1JMZ				i-EEpr1Cx3sBrwmNG6AU1JMZ			True	0	0	0		0			https://github.com/swerik-project/riksdagen-motions/blob/main/data/1869/mot-1869--ak--00197.xml
10	1869	data/1869/mot-1869--fk--00014.xml	True	1.0	1.0	1.0	1	0	0	1	1	0.0	1.0	0.0	i-FBVyR2c9ZXHBjh2ETNQb8U	i-FBVyR2c9ZXHBjh2ETNQb8U	i-FBVyR2c9ZXHBjh2ETNQb8U			i-FBVyR2c9ZXHBjh2ETNQb8U		False	1	0	0		0			https://github.com/swerik-project/riksdagen-motions/blob/main/data/1869/mot-1869--fk--00014.xml
11	1870	data/1870/mot-1870--ak--00144.xml	False	0.0	0.0	0.0	0	0	1	1	0	1.0	0.0	0.0	i-9mpjL7WndAk2vS1p76SEft				i-9mpjL7WndAk2vS1p76SEft			True	2	2	0		0			https://github.com/swerik-project/riksdagen-motions/blob/main/data/1870/mot-1870--ak--00144.xml
12	1870	data/1870/mot-1870--ak--00215.xml	False	0.0	0.0	0.0	0	0	2	2	0	1.0	0.0	0.0	i-LV4qwHZuebFeCkPRrYTymH; i-QPqdt6oyauaJTMvLrNY52z				i-LV4qwHZuebFeCkPRrYTymH; i-QPqdt6oyauaJTMvLrNY52z			True	1	1	0		0			https://github.com/swerik-project/riksdagen-motions/blob/main/data/1870/mot-1870--ak--00215.xml
13	1870	data/1870/mot-1870--fk--00049.xml	True	1.0	1.0	1.0	1	0	0	1	1	0.0	1.0	0.0	i-MkpKqs9yn98uRBF1pm57dP	i-MkpKqs9yn98uRBF1pm57dP	i-MkpKqs9yn98uRBF1pm57dP			i-MkpKqs9yn98uRBF1pm57dP		False	1	0	0		0			https://github.com/swerik-project/riksdagen-motions/blob/main/data/1870/mot-1870--fk--00049.xml
14	1871	data/1871/mot-1871--ak--00125.xml	False	1.0	0.3333333333333333	0.5	1	0	2	3	1	0.6666666666666666	0.3333333333333333	0.0	i-CyRoxEq2KbDs42MtkNnNiv; i-PpXkS4cgF1EgE9P8Av12WY; i-WPYsj5FcCBkGfYE9xtHntv	i-WPYsj5FcCBkGfYE9xtHntv	i-WPYsj5FcCBkGfYE9xtHntv		i-CyRoxEq2KbDs42MtkNnNiv; i-PpXkS4cgF1EgE9P8Av12WY	i-WPYsj5FcCBkGfYE9xtHntv		False	2	1	0		0			https://github.com/swerik-project/riksdagen-motions/blob/main/data/1871/mot-1871--ak--00125.xml
15	1871	data/1871/mot-1871--ak--00163.xml	False	0.0	0.0	0.0	0	0	1	1	0	1.0	0.0	0.0	i-7uuUnyJ3bq5XG4rgJmW78G				i-7uuUnyJ3bq5XG4rgJmW78G			True	1	1	0		0			https://github.com/swerik-project/riksdagen-motions/blob/main/data/1871/mot-1871--ak--00163.xml
16	1871	data/1871/mot-1871--ak--00166.xml	True	1.0	1.0	1.0	1	0	0	1	1	0.0	1.0	0.0	i-UAK3AB1CjWSo8XH9S5ZhDk	i-UAK3AB1CjWSo8XH9S5ZhDk	i-UAK3AB1CjWSo8XH9S5ZhDk			i-UAK3AB1CjWSo8XH9S5ZhDk		False	1	0	0		0			https://github.com/swerik-project/riksdagen-motions/blob/main/data/1871/mot-1871--ak--00166.xml
17	1872	data/1872/mot-1872--ak--00009.xml	False	0.0	0.0	0.0	0	0	1	1	0	1.0	0.0	0.0	i-BqxiGcrvRSyw7vSVD9ghzT				i-BqxiGcrvRSyw7vSVD9ghzT			True	1	1	0		0			https://github.com/swerik-project/riksdagen-motions/blob/main/data/1872/mot-1872--ak--00009.xml
18	1872	data/1872/mot-1872--ak--00198.xml	True	1.0	1.0	1.0	1	0	0	1	1	0.0	1.0	0.0	i-GPg5vqkZaJNKMwueErhxNf	i-GPg5vqkZaJNKMwueErhxNf	i-GPg5vqkZaJNKMwueErhxNf			i-GPg5vqkZaJNKMwueErhxNf		False	1	0	0		0			https://github.com/swerik-project/riksdagen-motions/blob/main/data/1872/mot-1872--ak--00198.xml
19	1872	data/1872/mot-1872--ak--00208.xml	True	1.0	1.0	1.0	1	0	0	1	1	0.0	1.0	0.0	i-37qgHWj8Zd858MSWDhN8Zo	i-37qgHWj8Zd858MSWDhN8Zo	i-37qgHWj8Zd858MSWDhN8Zo			i-37qgHWj8Zd858MSWDhN8Zo		False	1	0	0		0			https://github.com/swerik-project/riksdagen-motions/blob/main/data/1872/mot-1872--ak--00208.xml
20	1873	data/1873/mot-1873--ak--00010.xml	False	0.0	0.0	0.0	0	0	1	1	0	1.0	0.0	0.0	i-M8iT3fNaEahQCDyU7KD4Xo				i-M8iT3fNaEahQCDyU7KD4Xo			True	2	2	0		0			https://github.com/swerik-project/riksdagen-motions/blob/main/data/1873/mot-1873--ak--00010.xml
21	1873	data/1873/mot-1873--ak--00039.xml	False	0.0	0.0	0.0	0	0	1	1	0	1.0	0.0	0.0	i-E9wRrmWzHKZve8zXnpQf1w				i-E9wRrmWzHKZve8zXnpQf1w			True	2	2	0		0			https://github.com/swerik-project/riksdagen-motions/blob/main/data/1873/mot-1873--ak--00039.xml
22	1873	data/1873/mot-1873--fk--00039.xml	True	1.0	1.0	1.0	1	0	0	1	1	0.0	1.0	0.0	i-E7aB8B6ZVrFekyhd9pNoQt	i-E7aB8B6ZVrFekyhd9pNoQt	i-E7aB8B6ZVrFekyhd9pNoQt			i-E7aB8B6ZVrFekyhd9pNoQt		False	1	0	0		0			https://github.com/swerik-project/riksdagen-motions/blob/main/data/1873/mot-1873--fk--00039.xml
23	1874	data/1874/mot-1874--ak--00016.xml	False	0.0	0.0	0.0	0	1	4	4	1	1.0	0.0	1.0	i-5GqnTURvMSP3hjBB327kuL; i-CWFbCpTNYcEzzAhNPvdKj9; i-Vob6hqQX7xJmVsZEt2LqUi; i-W25G9CwkvEKmT8UAjmJw3U	i-LuFYHhoNXD6PSHzC7CsSDs		i-LuFYHhoNXD6PSHzC7CsSDs	i-5GqnTURvMSP3hjBB327kuL; i-CWFbCpTNYcEzzAhNPvdKj9; i-Vob6hqQX7xJmVsZEt2LqUi; i-W25G9CwkvEKmT8UAjmJw3U	i-LuFYHhoNXD6PSHzC7CsSDs		False	3	2	0		0			https://github.com/swerik-project/riksdagen-motions/blob/main/data/1874/mot-1874--ak--00016.xml
24	1874	data/1874/mot-1874--ak--00065.xml	False	0.0	0.0	0.0	0	0	1	1	0	1.0	0.0	0.0	i-FxdNXf7jNvFd3tSPCRfsJN				i-FxdNXf7jNvFd3tSPCRfsJN			True	1	1	0		0			https://github.com/swerik-project/riksdagen-motions/blob/main/data/1874/mot-1874--ak--00065.xml
25	1874	data/1874/mot-1874--ak--00171.xml	False	0.0	0.0	0.0	0	0	1	1	0	1.0	0.0	0.0	i-2jDQuhvFoLEMg5TXt8wPgR				i-2jDQuhvFoLEMg5TXt8wPgR			True	1	1	0		0			https://github.com/swerik-project/riksdagen-motions/blob/main/data/1874/mot-1874--ak--00171.xml
26	1875	data/1875/mot-1875--ak--00067.xml	False	0.5	1.0	0.6666666666666666	1	1	0	1	2	0.0	1.0	0.5	i-LuFYHhoNXD6PSHzC7CsSDs	i-LuFYHhoNXD6PSHzC7CsSDs; i-MuZZJeVubv6LTYMAZhgoZK	i-LuFYHhoNXD6PSHzC7CsSDs	i-MuZZJeVubv6LTYMAZhgoZK		i-LuFYHhoNXD6PSHzC7CsSDs; i-MuZZJeVubv6LTYMAZhgoZK		False	3	1	0		0			https://github.com/swerik-project/riksdagen-motions/blob/main/data/1875/mot-1875--ak--00067.xml
27	1875	data/1875/mot-1875--fk--00009.xml	True	1.0	1.0	1.0	1	0	0	1	1	0.0	1.0	0.0	i-AFafkqp43qaf9gEGTZMMhQ	i-AFafkqp43qaf9gEGTZMMhQ	i-AFafkqp43qaf9gEGTZMMhQ			i-AFafkqp43qaf9gEGTZMMhQ		False	1	0	0		0			https://github.com/swerik-project/riksdagen-motions/blob/main/data/1875/mot-1875--fk--00009.xml
28	1875	data/1875/mot-1875--fk--00044.xml	False	0.0	0.0	0.0	0	1	1	1	1	1.0	0.0	1.0	i-MUyEorK3Jrs76puMnBfwJQ	i-Csc7yC4r8hvm8juPSLyuDt		i-Csc7yC4r8hvm8juPSLyuDt	i-MUyEorK3Jrs76puMnBfwJQ	i-Csc7yC4r8hvm8juPSLyuDt		False	1	0	0		0			https://github.com/swerik-project/riksdagen-motions/blob/main/data/1875/mot-1875--fk--00044.xml
29	1876	data/1876/mot-1876--ak--00120.xml	True	1.0	1.0	1.0	1	0	0	1	1	0.0	1.0	0.0	i-3ePoSaapEuMxyrxRtcXnE2	i-3ePoSaapEuMxyrxRtcXnE2	i-3ePoSaapEuMxyrxRtcXnE2			i-3ePoSaapEuMxyrxRtcXnE2		False	2	1	0		0			https://github.com/swerik-project/riksdagen-motions/blob/main/data/1876/mot-1876--ak--00120.xml
30	1876	data/1876/mot-1876--fk--00014.xml	False	0.0	0.0	0.0	0	1	1	1	1	1.0	0.0	1.0	i-WmTdAfV5HETvBJeXjPDkNq	i-BWrrLCo5SxLJXHedGLLCjS		i-BWrrLCo5SxLJXHedGLLCjS	i-WmTdAfV5HETvBJeXjPDkNq	i-BWrrLCo5SxLJXHedGLLCjS		False	2	1	0		0			https://github.com/swerik-project/riksdagen-motions/blob/main/data/1876/mot-1876--fk--00014.xml
31	1876	data/1876/mot-1876--fk--00019.xml	False	0.0	0.0	0.0	0	0	1	1	0	1.0	0.0	0.0	i-FBVyR2c9ZXHBjh2ETNQb8U				i-FBVyR2c9ZXHBjh2ETNQb8U			True	0	0	0		0			https://github.com/swerik-project/riksdagen-motions/blob/main/data/1876/mot-1876--fk--00019.xml
32	1877	data/1877/mot-1877--ak--00046.xml	False	0.0	0.0	0.0	0	0	1	1	0	1.0	0.0	0.0	i-FxdNXf7jNvFd3tSPCRfsJN				i-FxdNXf7jNvFd3tSPCRfsJN			True	1	1	0		0			https://github.com/swerik-project/riksdagen-motions/blob/main/data/1877/mot-1877--ak--00046.xml
33	1877	data/1877/mot-1877--ak--00065.xml	True	1.0	1.0	1.0	1	0	0	1	1	0.0	1.0	0.0	i-266bJc5RtSGNFxNkBXfTw6	i-266bJc5RtSGNFxNkBXfTw6	i-266bJc5RtSGNFxNkBXfTw6			i-266bJc5RtSGNFxNkBXfTw6		False	1	0	0		0			https://github.com/swerik-project/riksdagen-motions/blob/main/data/1877/mot-1877--ak--00065.xml
34	1877	data/1877/mot-1877--ak--00094.xml	False	0.0	0.0	0.0	0	0	1	1	0	1.0	0.0	0.0	i-25EEgWidbVVQMzbXZMgAXZ				i-25EEgWidbVVQMzbXZMgAXZ			True	1	1	0		0			https://github.com/swerik-project/riksdagen-motions/blob/main/data/1877/mot-1877--ak--00094.xml
35	1878	data/1878/mot-1878--ak--00074.xml	False	0.0	0.0	0.0	0	0	1	1	0	1.0	0.0	0.0	i-3ePoSaapEuMxyrxRtcXnE2				i-3ePoSaapEuMxyrxRtcXnE2			True	1	1	0		0			https://github.com/swerik-project/riksdagen-motions/blob/main/data/1878/mot-1878--ak--00074.xml
36	1878	data/1878/mot-1878--fk--00003.xml	True	1.0	1.0	1.0	1	0	0	1	1	0.0	1.0	0.0	i-VQhNrVCrzk1PveUhY2rpJZ	i-VQhNrVCrzk1PveUhY2rpJZ	i-VQhNrVCrzk1PveUhY2rpJZ			i-VQhNrVCrzk1PveUhY2rpJZ		False	2	1	0		0			https://github.com/swerik-project/riksdagen-motions/blob/main/data/1878/mot-1878--fk--00003.xml
37	1878	data/1878/mot-1878--fk--00037.xml	True	1.0	1.0	1.0	1	0	0	1	1	0.0	1.0	0.0	i-E7aB8B6ZVrFekyhd9pNoQt	i-E7aB8B6ZVrFekyhd9pNoQt	i-E7aB8B6ZVrFekyhd9pNoQt			i-E7aB8B6ZVrFekyhd9pNoQt		False	1	0	0		0			https://github.com/swerik-project/riksdagen-motions/blob/main/data/1878/mot-1878--fk--00037.xml
38	1879	data/1879/mot-1879--ak--00018.xml	False	1.0	0.07142857142857142	0.13333333333333333	1	0	13	14	1	0.9285714285714286	0.07142857142857142	0.0	i-266bJc5RtSGNFxNkBXfTw6; i-69ZLoSBPdFgrd1wNkm56PY; i-6XRq5NMShPXgkNELyP1nWR; i-89izzNXPgBWj2WAHiaRLG5; i-9kQEhG7b4RhJm3feAQj7DQ; i-B1TD61aoCX1X8inXyshE45; i-JSEJ4s9Z7CEa5xpm114bT2; i-JybGN9aHM3q5M4kgRwLipb; i-R97w3nuXuTMZKkdjArixv8; i-RdYE6KVYFYvYSD6eDEHsCg; i-S1hDhfBXq9vXtBfgz4QX6Z; i-SpE4p6y5t2Rpicx6uK8qTp; i-T4PCemjgWrppB1oqqmKKFp; i-TFZQYjpx1wcSHA6fwttW17	i-JSEJ4s9Z7CEa5xpm114bT2	i-JSEJ4s9Z7CEa5xpm114bT2		i-266bJc5RtSGNFxNkBXfTw6; i-69ZLoSBPdFgrd1wNkm56PY; i-6XRq5NMShPXgkNELyP1nWR; i-89izzNXPgBWj2WAHiaRLG5; i-9kQEhG7b4RhJm3feAQj7DQ; i-B1TD61aoCX1X8inXyshE45; i-JybGN9aHM3q5M4kgRwLipb; i-R97w3nuXuTMZKkdjArixv8; i-RdYE6KVYFYvYSD6eDEHsCg; i-S1hDhfBXq9vXtBfgz4QX6Z; i-SpE4p6y5t2Rpicx6uK8qTp; i-T4PCemjgWrppB1oqqmKKFp; i-TFZQYjpx1wcSHA6fwttW17	i-JSEJ4s9Z7CEa5xpm114bT2		False	1	0	0		0			https://github.com/swerik-project/riksdagen-motions/blob/main/data/1879/mot-1879--ak--00018.xml
39	1879	data/1879/mot-1879--ak--00061.xml	False	0.0	0.0	0.0	0	0	1	1	0	1.0	0.0	0.0	i-DE86LDEC7dgsNMqreAPcdK				i-DE86LDEC7dgsNMqreAPcdK			True	0	0	0		0			https://github.com/swerik-project/riksdagen-motions/blob/main/data/1879/mot-1879--ak--00061.xml
40	1879	data/1879/mot-1879--ak--00080.xml	False	0.0	0.0	0.0	0	0	1	1	0	1.0	0.0	0.0	i-ALf1dLQQ1zU42JvCjYwPAf				i-ALf1dLQQ1zU42JvCjYwPAf			True	1	1	0		0			https://github.com/swerik-project/riksdagen-motions/blob/main/data/1879/mot-1879--ak--00080.xml
41	1880	data/1880/mot-1880--ak--00008.xml	False	0.0	0.0	0.0	0	0	1	1	0	1.0	0.0	0.0	i-DWoRJk5rw6WHBeByBxHKMY				i-DWoRJk5rw6WHBeByBxHKMY			True	1	1	0		0			https://github.com/swerik-project/riksdagen-motions/blob/main/data/1880/mot-1880--ak--00008.xml
42	1880	data/1880/mot-1880--ak--00021.xml	False	0.0	0.0	0.0	0	0	1	1	0	1.0	0.0	0.0	i-Eh28M5AZY2tWhNydPzRYf3				i-Eh28M5AZY2tWhNydPzRYf3			True	1	1	0		0			https://github.com/swerik-project/riksdagen-motions/blob/main/data/1880/mot-1880--ak--00021.xml
43	1880	data/1880/mot-1880--ak--00103.xml	False	0.0	0.0	0.0	0	0	1	1	0	1.0	0.0	0.0	i-EN2Ltfa3VFVFqNbPXeanv				i-EN2Ltfa3VFVFqNbPXeanv			True	14	14	0		0			https://github.com/swerik-project/riksdagen-motions/blob/main/data/1880/mot-1880--ak--00103.xml
44	1881	data/1881/mot-1881--ak--00008.xml	True	1.0	1.0	1.0	1	0	0	1	1	0.0	1.0	0.0	i-4Cx4dJwPinjKGZyEZjBPZM	i-4Cx4dJwPinjKGZyEZjBPZM	i-4Cx4dJwPinjKGZyEZjBPZM			i-4Cx4dJwPinjKGZyEZjBPZM		False	1	0	0		0			https://github.com/swerik-project/riksdagen-motions/blob/main/data/1881/mot-1881--ak--00008.xml
45	1881	data/1881/mot-1881--ak--00155.xml	False	0.1111111111111111	1.0	0.2	1	8	0	1	9	0.0	1.0	0.8888888888888888	i-F25NVHcBHh8Wvt6w7kLUBA	i-F25NVHcBHh8Wvt6w7kLUBA; i-GzcgHC81WecVydysZueFQ2; i-MbYpLQfZtjn59wD9ia9qcL; i-PpXkS4cgF1EgE9P8Av12WY; i-TYTRLcvnTBCfR2iBbM2cHU; i-Td2yJfZ5Qefi6A4TjBimJr; i-VLvjpdQ5xfXLC5LHymYTQx; i-VuLqMbgdBDWY874zTU3wuB; i-X2XD7JrVM6rYB4vDf23Zsg	i-F25NVHcBHh8Wvt6w7kLUBA	i-GzcgHC81WecVydysZueFQ2; i-MbYpLQfZtjn59wD9ia9qcL; i-PpXkS4cgF1EgE9P8Av12WY; i-TYTRLcvnTBCfR2iBbM2cHU; i-Td2yJfZ5Qefi6A4TjBimJr; i-VLvjpdQ5xfXLC5LHymYTQx; i-VuLqMbgdBDWY874zTU3wuB; i-X2XD7JrVM6rYB4vDf23Zsg		i-F25NVHcBHh8Wvt6w7kLUBA; i-GzcgHC81WecVydysZueFQ2; i-MbYpLQfZtjn59wD9ia9qcL; i-PpXkS4cgF1EgE9P8Av12WY; i-TYTRLcvnTBCfR2iBbM2cHU; i-Td2yJfZ5Qefi6A4TjBimJr; i-VLvjpdQ5xfXLC5LHymYTQx; i-VuLqMbgdBDWY874zTU3wuB; i-X2XD7JrVM6rYB4vDf23Zsg		False	11	2	0		0			https://github.com/swerik-project/riksdagen-motions/blob/main/data/1881/mot-1881--ak--00155.xml
46	1881	data/1881/mot-1881--ak--00162.xml	False	0.5	1.0	0.6666666666666666	1	1	0	1	2	0.0	1.0	0.5	i-FErqYyg4ctnxLzmQuzsAZ5	i-FErqYyg4ctnxLzmQuzsAZ5; i-HtqAYT2HofS4owTcoSefFQ	i-FErqYyg4ctnxLzmQuzsAZ5	i-HtqAYT2HofS4owTcoSefFQ		i-FErqYyg4ctnxLzmQuzsAZ5; i-HtqAYT2HofS4owTcoSefFQ		False	2	0	0		0			https://github.com/swerik-project/riksdagen-motions/blob/main/data/1881/mot-1881--ak--00162.xml
47	1882	data/1882/mot-1882--ak--00012.xml	False	0.0	0.0	0.0	0	0	1	1	0	1.0	0.0	0.0	i-9faG75S9uS5dwmJ9GTvda1				i-9faG75S9uS5dwmJ9GTvda1			True	2	2	0		0			https://github.com/swerik-project/riksdagen-motions/blob/main/data/1882/mot-1882--ak--00012.xml
48	1882	data/1882/mot-1882--ak--00093.xml	True	1.0	1.0	1.0	1	0	0	1	1	0.0	1.0	0.0	i-8g3J5JC2XCnPcVSbLrtfED	i-8g3J5JC2XCnPcVSbLrtfED	i-8g3J5JC2XCnPcVSbLrtfED			i-8g3J5JC2XCnPcVSbLrtfED		False	1	0	0		0			https://github.com/swerik-project/riksdagen-motions/blob/main/data/1882/mot-1882--ak--00093.xml
49	1882	data/1882/mot-1882--fk--00022.xml	False	0.0	0.0	0.0	0	0	1	1	0	1.0	0.0	0.0	i-NjP1xjERFHKgSe8SCzjx72				i-NjP1xjERFHKgSe8SCzjx72			True	0	0	0		0			https://github.com/swerik-project/riksdagen-motions/blob/main/data/1882/mot-1882--fk--00022.xml
50	1883	data/1883/mot-1883--ak--00006.xml	False	0.0	0.0	0.0	0	0	1	1	0	1.0	0.0	0.0	i-YFzzFKh2NjM54cFjad2qWQ				i-YFzzFKh2NjM54cFjad2qWQ			True	1	1	0		0			https://github.com/swerik-project/riksdagen-motions/blob/main/data/1883/mot-1883--ak--00006.xml
51	1883	data/1883/mot-1883--ak--00031.xml	False	0.0	0.0	0.0	0	0	1	1	0	1.0	0.0	0.0	i-StedJdxnLqw4NbNmZQ7ibE				i-StedJdxnLqw4NbNmZQ7ibE			True	1	1	0		0			https://github.com/swerik-project/riksdagen-motions/blob/main/data/1883/mot-1883--ak--00031.xml
52	1883	data/1883/mot-1883--ak--00044.xml	False	0.0	0.0	0.0	0	1	1	1	1	1.0	0.0	1.0	i-QNVcQXgDqnpMz9845nhFr1	i-3h4JLudD4ghwrTDYsHbDm4		i-3h4JLudD4ghwrTDYsHbDm4	i-QNVcQXgDqnpMz9845nhFr1	i-3h4JLudD4ghwrTDYsHbDm4		False	3	2	0		0			https://github.com/swerik-project/riksdagen-motions/blob/main/data/1883/mot-1883--ak--00044.xml
53	1884	data/1884/mot-1884--ak--00015.xml	False	0.0	0.0	0.0	0	0	1	1	0	1.0	0.0	0.0	i-7b4dYVJhQNDZvhFY8Qawzv				i-7b4dYVJhQNDZvhFY8Qawzv			True	1	1	0		0			https://github.com/swerik-project/riksdagen-motions/blob/main/data/1884/mot-1884--ak--00015.xml
54	1884	data/1884/mot-1884--ak--00067.xml	False	0.0	0.0	0.0	0	0	2	2	0	1.0	0.0	0.0	i-37qgHWj8Zd858MSWDhN8Zo; i-7DD9UiYqJkTfq9tkRcCA2k				i-37qgHWj8Zd858MSWDhN8Zo; i-7DD9UiYqJkTfq9tkRcCA2k			True	3	3	0		0			https://github.com/swerik-project/riksdagen-motions/blob/main/data/1884/mot-1884--ak--00067.xml
55	1884	data/1884/mot-1884--fk--00038.xml	True	1.0	1.0	1.0	1	0	0	1	1	0.0	1.0	0.0	i-8cB9HzwUC3zBvWCxe32vRE	i-8cB9HzwUC3zBvWCxe32vRE	i-8cB9HzwUC3zBvWCxe32vRE			i-8cB9HzwUC3zBvWCxe32vRE		False	1	0	0		0			https://github.com/swerik-project/riksdagen-motions/blob/main/data/1884/mot-1884--fk--00038.xml
56	1885	data/1885/mot-1885--ak--00030.xml	False	0.0	0.0	0.0	0	0	1	1	0	1.0	0.0	0.0	i-LUnWpAjcsRaRqb78mxeJ15				i-LUnWpAjcsRaRqb78mxeJ15			True	1	1	0		0			https://github.com/swerik-project/riksdagen-motions/blob/main/data/1885/mot-1885--ak--00030.xml
57	1885	data/1885/mot-1885--ak--00142.xml	False	1.0	0.5	0.6666666666666666	1	0	1	2	1	0.5	0.5	0.0	i-B1TD61aoCX1X8inXyshE45; i-DbdvN45VmHEK9gFMtoD6DC	i-DbdvN45VmHEK9gFMtoD6DC	i-DbdvN45VmHEK9gFMtoD6DC		i-B1TD61aoCX1X8inXyshE45	i-DbdvN45VmHEK9gFMtoD6DC		False	4	3	0		0			https://github.com/swerik-project/riksdagen-motions/blob/main/data/1885/mot-1885--ak--00142.xml
58	1885	data/1885/mot-1885--fk--00053.xml	False	0.0	0.0	0.0	0	0	1	1	0	1.0	0.0	0.0	i-NFdqatonfRsGCESVshuU5V				i-NFdqatonfRsGCESVshuU5V			True	1	1	0		0			https://github.com/swerik-project/riksdagen-motions/blob/main/data/1885/mot-1885--fk--00053.xml
59	1886	data/1886/mot-1886--ak--00036.xml	False	0.0	0.0	0.0	0	0	5	5	0	1.0	0.0	0.0	i-3sN9DMuKUv4qbPVAGpgpoG; i-L9x9NkF1idfQrSZjXw8xc1; i-Lq454nVDYrDHNLUERQsYDn; i-Qdz4d8Ykv3zsRZVZxrcte1; i-TG7FNMEqNgriHtpUnpX6DL				i-3sN9DMuKUv4qbPVAGpgpoG; i-L9x9NkF1idfQrSZjXw8xc1; i-Lq454nVDYrDHNLUERQsYDn; i-Qdz4d8Ykv3zsRZVZxrcte1; i-TG7FNMEqNgriHtpUnpX6DL			True	1	1	0		0			https://github.com/swerik-project/riksdagen-motions/blob/main/data/1886/mot-1886--ak--00036.xml
60	1886	data/1886/mot-1886--ak--00137.xml	True	1.0	1.0	1.0	1	0	0	1	1	0.0	1.0	0.0	i-K6LggWsK7BZ5j7BRK6tMfD	i-K6LggWsK7BZ5j7BRK6tMfD	i-K6LggWsK7BZ5j7BRK6tMfD			i-K6LggWsK7BZ5j7BRK6tMfD		False	1	0	0		0			https://github.com/swerik-project/riksdagen-motions/blob/main/data/1886/mot-1886--ak--00137.xml
61	1886	data/1886/mot-1886--fk--00007.xml	False	0.0	0.0	0.0	0	0	1	1	0	1.0	0.0	0.0	i-YKcHW4nbwE58e3oApp2AGd				i-YKcHW4nbwE58e3oApp2AGd			True	1	1	0		0			https://github.com/swerik-project/riksdagen-motions/blob/main/data/1886/mot-1886--fk--00007.xml
62	1887	data/1887/mot-1887-janmar-ak--00024.xml	True	1.0	1.0	1.0	1	0	0	1	1	0.0	1.0	0.0	i-9hGKtwhDVvJSEkq4CXz1ii	i-9hGKtwhDVvJSEkq4CXz1ii	i-9hGKtwhDVvJSEkq4CXz1ii			i-9hGKtwhDVvJSEkq4CXz1ii		False	1	0	0		0			https://github.com/swerik-project/riksdagen-motions/blob/main/data/1887/mot-1887-janmar-ak--00024.xml
63	1887	data/1887/mot-1887-janmar-ak--00131.xml	False	0.0	0.0	0.0	0	0	1	1	0	1.0	0.0	0.0	i-25EEgWidbVVQMzbXZMgAXZ				i-25EEgWidbVVQMzbXZMgAXZ			True	1	1	0		0			https://github.com/swerik-project/riksdagen-motions/blob/main/data/1887/mot-1887-janmar-ak--00131.xml
64	1887	data/1887/mot-1887-majjul-ak--00026.xml	False	0.0	0.0	0.0	0	0	1	1	0	1.0	0.0	0.0	i-M3ZXFztHLDDpAd9W9omcqs				i-M3ZXFztHLDDpAd9W9omcqs			True	1	1	0		0			https://github.com/swerik-project/riksdagen-motions/blob/main/data/1887/mot-1887-majjul-ak--00026.xml
65	1888	data/1888/mot-1888--ak--00024.xml	True	1.0	1.0	1.0	1	0	0	1	1	0.0	1.0	0.0	i-QfeDyZ27DQmH17bsjAZDYK	i-QfeDyZ27DQmH17bsjAZDYK	i-QfeDyZ27DQmH17bsjAZDYK			i-QfeDyZ27DQmH17bsjAZDYK		False	1	0	0		0			https://github.com/swerik-project/riksdagen-motions/blob/main/data/1888/mot-1888--ak--00024.xml
66	1888	data/1888/mot-1888--ak--00142.xml	False	1.0	0.6666666666666666	0.8	4	0	2	6	4	0.3333333333333333	0.6666666666666666	0.0	i-2gFz918CyUZkTuGwyS9VJt; i-4Ccm565qW4Wb9cJczxcvaC; i-JJfxL8iy6S3cbrc3sTmdRE; i-Ru4m7PwPngedWP65bhXJgu; i-Sy81b3ig3xaNxXhrHU6mdJ; i-VuLqMbgdBDWY874zTU3wuB	i-2gFz918CyUZkTuGwyS9VJt; i-4Ccm565qW4Wb9cJczxcvaC; i-JJfxL8iy6S3cbrc3sTmdRE; i-VuLqMbgdBDWY874zTU3wuB	i-2gFz918CyUZkTuGwyS9VJt; i-4Ccm565qW4Wb9cJczxcvaC; i-JJfxL8iy6S3cbrc3sTmdRE; i-VuLqMbgdBDWY874zTU3wuB		i-Ru4m7PwPngedWP65bhXJgu; i-Sy81b3ig3xaNxXhrHU6mdJ	i-2gFz918CyUZkTuGwyS9VJt; i-4Ccm565qW4Wb9cJczxcvaC; i-JJfxL8iy6S3cbrc3sTmdRE; i-VuLqMbgdBDWY874zTU3wuB		False	6	2	0		0			https://github.com/swerik-project/riksdagen-motions/blob/main/data/1888/mot-1888--ak--00142.xml
67	1888	data/1888/mot-1888--ak--00157.xml	True	1.0	1.0	1.0	1	0	0	1	1	0.0	1.0	0.0	i-bAkDtRbC4qwseLUQ1m5S3	i-bAkDtRbC4qwseLUQ1m5S3	i-bAkDtRbC4qwseLUQ1m5S3			i-bAkDtRbC4qwseLUQ1m5S3		False	2	1	0		0			https://github.com/swerik-project/riksdagen-motions/blob/main/data/1888/mot-1888--ak--00157.xml
68	1889	data/1889/mot-1889--ak--00029.xml	True	1.0	1.0	1.0	1	0	0	1	1	0.0	1.0	0.0	i-9wYeeuP3RWB6bA1svcTBE	i-9wYeeuP3RWB6bA1svcTBE	i-9wYeeuP3RWB6bA1svcTBE			i-9wYeeuP3RWB6bA1svcTBE		False	1	0	0		0			https://github.com/swerik-project/riksdagen-motions/blob/main/data/1889/mot-1889--ak--00029.xml
69	1889	data/1889/mot-1889--ak--00139.xml	True	1.0	1.0	1.0	1	0	0	1	1	0.0	1.0	0.0	i-XGV9WC6oL1KU2HeBs1bLQi	i-XGV9WC6oL1KU2HeBs1bLQi	i-XGV9WC6oL1KU2HeBs1bLQi			i-XGV9WC6oL1KU2HeBs1bLQi		False	1	0	0		0			https://github.com/swerik-project/riksdagen-motions/blob/main/data/1889/mot-1889--ak--00139.xml
70	1889	data/1889/mot-1889--fk--00050.xml	False	0.5	1.0	0.6666666666666666	1	1	0	1	2	0.0	1.0	0.5	i-Y9YbqDh3YmC3zyXjWiT1re	i-LkZi3hQne6xsLtDL597mit; i-Y9YbqDh3YmC3zyXjWiT1re	i-Y9YbqDh3YmC3zyXjWiT1re	i-LkZi3hQne6xsLtDL597mit		i-LkZi3hQne6xsLtDL597mit; i-Y9YbqDh3YmC3zyXjWiT1re		False	2	0	0		0			https://github.com/swerik-project/riksdagen-motions/blob/main/data/1889/mot-1889--fk--00050.xml
71	1890	data/1890/mot-1890--ak--00043.xml	True	1.0	1.0	1.0	1	0	0	1	1	0.0	1.0	0.0	i-2VZTfC47GBddiryCh2CpHE	i-2VZTfC47GBddiryCh2CpHE	i-2VZTfC47GBddiryCh2CpHE			i-2VZTfC47GBddiryCh2CpHE		False	1	0	0		0			https://github.com/swerik-project/riksdagen-motions/blob/main/data/1890/mot-1890--ak--00043.xml
72	1890	data/1890/mot-1890--ak--00045.xml	False	0.0	0.0	0.0	0	0	4	4	0	1.0	0.0	0.0	i-2QcpwTvuvuHLaCWaSG33nF; i-8pbX6LRKzxvUdbXMazCxto; i-Ao65QGy15CSfY5Bs93ui2H; i-BpjQbCyD87dfhoTPHChrGZ				i-2QcpwTvuvuHLaCWaSG33nF; i-8pbX6LRKzxvUdbXMazCxto; i-Ao65QGy15CSfY5Bs93ui2H; i-BpjQbCyD87dfhoTPHChrGZ			True	1	1	0		0			https://github.com/swerik-project/riksdagen-motions/blob/main/data/1890/mot-1890--ak--00045.xml
73	1890	data/1890/mot-1890--ak--00214.xml	False	0.0	0.0	0.0	0	0	2	2	0	1.0	0.0	0.0	i-DtUBL4PhS8MGp9QnAiAJc7; i-Jux87Y67Kxg3c73zqd7Xud				i-DtUBL4PhS8MGp9QnAiAJc7; i-Jux87Y67Kxg3c73zqd7Xud			True	0	0	0		0			https://github.com/swerik-project/riksdagen-motions/blob/main/data/1890/mot-1890--ak--00214.xml
74	1891	data/1891/mot-1891--ak--00046.xml	False	0.0	0.0	0.0	0	0	37	37	0	1.0	0.0	0.0	i-2ASB6DoU1XW9sV8ZGbcxey; i-2VZTfC47GBddiryCh2CpHE; i-5Yh6HBknHoPtKFgLtpMaDp; i-6GAocgVxQ6jiDDMLZHLu3d; i-6nb5Nksypt5HiLFAGwZTw3; i-7DD9UiYqJkTfq9tkRcCA2k; i-831weVJUgdkHmNJ3qar1qk; i-8pbX6LRKzxvUdbXMazCxto; i-9wuGFV27d4wT614qHyapco; i-Ao65QGy15CSfY5Bs93ui2H; i-B1SwupwM9QjXTLJUdzWAMP; i-BqxiGcrvRSyw7vSVD9ghzT; i-CFgTG42GDu6i8infTbEfdz; i-CPfUdQUFStbLWNfMwcYqBw; i-CRg57QyeX8aiXhez3Dk7Ai; i-CvE9G8tRKYnVxdnpwQtaEa; i-CyRoxEq2KbDs42MtkNnNiv; i-DaGNzDugnyRMkYYfAo2AZy; i-ERiVJNFmpgUdsS9YuT6kpg; i-ESAm1DKfv3KraeQ1CSiwmq; i-Hyqvgdf3ZjCXhRaGtAsh5V; i-JSD38mWT7YyULoZeavmfbP; i-Jux87Y67Kxg3c73zqd7Xud; i-LQv7xeJqieeAUann5fmxiL; i-LZdMKNSEVGNKsWS2UasAi3; i-M3ZXFztHLDDpAd9W9omcqs; i-M8iT3fNaEahQCDyU7KD4Xo; i-N6Keb2NhChtqLkNGdsJVHC; i-PPQzQpjxJgK9T8oVftkuFD; i-Q9NZspFD2eAfFJcRFPWqM; i-StedJdxnLqw4NbNmZQ7ibE; i-TYTRLcvnTBCfR2iBbM2cHU; i-UoV3vX6cKBePnhvLmRZwB; i-Xb3C5Vr1Nuk3LEZVCSNSgM; i-Xdy8t5sLfraMuoGMNLMKVs; i-Xe7y1HUKo3cwvjoGKibVwZ; i-YazX28KdBe9qGR8fKzRszT				i-2ASB6DoU1XW9sV8ZGbcxey; i-2VZTfC47GBddiryCh2CpHE; i-5Yh6HBknHoPtKFgLtpMaDp; i-6GAocgVxQ6jiDDMLZHLu3d; i-6nb5Nksypt5HiLFAGwZTw3; i-7DD9UiYqJkTfq9tkRcCA2k; i-831weVJUgdkHmNJ3qar1qk; i-8pbX6LRKzxvUdbXMazCxto; i-9wuGFV27d4wT614qHyapco; i-Ao65QGy15CSfY5Bs93ui2H; i-B1SwupwM9QjXTLJUdzWAMP; i-BqxiGcrvRSyw7vSVD9ghzT; i-CFgTG42GDu6i8infTbEfdz; i-CPfUdQUFStbLWNfMwcYqBw; i-CRg57QyeX8aiXhez3Dk7Ai; i-CvE9G8tRKYnVxdnpwQtaEa; i-CyRoxEq2KbDs42MtkNnNiv; i-DaGNzDugnyRMkYYfAo2AZy; i-ERiVJNFmpgUdsS9YuT6kpg; i-ESAm1DKfv3KraeQ1CSiwmq; i-Hyqvgdf3ZjCXhRaGtAsh5V; i-JSD38mWT7YyULoZeavmfbP; i-Jux87Y67Kxg3c73zqd7Xud; i-LQv7xeJqieeAUann5fmxiL; i-LZdMKNSEVGNKsWS2UasAi3; i-M3ZXFztHLDDpAd9W9omcqs; i-M8iT3fNaEahQCDyU7KD4Xo; i-N6Keb2NhChtqLkNGdsJVHC; i-PPQzQpjxJgK9T8oVftkuFD; i-Q9NZspFD2eAfFJcRFPWqM; i-StedJdxnLqw4NbNmZQ7ibE; i-TYTRLcvnTBCfR2iBbM2cHU; i-UoV3vX6cKBePnhvLmRZwB; i-Xb3C5Vr1Nuk3LEZVCSNSgM; i-Xdy8t5sLfraMuoGMNLMKVs; i-Xe7y1HUKo3cwvjoGKibVwZ; i-YazX28KdBe9qGR8fKzRszT			True	1	1	0		0			https://github.com/swerik-project/riksdagen-motions/blob/main/data/1891/mot-1891--ak--00046.xml
75	1891	data/1891/mot-1891--ak--00184.xml	False	0.0	0.0	0.0	0	0	1	1	0	1.0	0.0	0.0	i-N6Keb2NhChtqLkNGdsJVHC				i-N6Keb2NhChtqLkNGdsJVHC			True	1	1	0		0			https://github.com/swerik-project/riksdagen-motions/blob/main/data/1891/mot-1891--ak--00184.xml
76	1891	data/1891/mot-1891--ak--00186.xml	False	0.0	0.0	0.0	0	0	1	1	0	1.0	0.0	0.0	i-UoV3vX6cKBePnhvLmRZwB				i-UoV3vX6cKBePnhvLmRZwB			True	1	1	0		0			https://github.com/swerik-project/riksdagen-motions/blob/main/data/1891/mot-1891--ak--00186.xml
77	1892	data/1892/mot-1892--ak--00075.xml	False	0.0	0.0	0.0	0	0	1	1	0	1.0	0.0	0.0	i-RsWf3KiYWHHJuK6ijo9Gta				i-RsWf3KiYWHHJuK6ijo9Gta			True	2	2	0		0			https://github.com/swerik-project/riksdagen-motions/blob/main/data/1892/mot-1892--ak--00075.xml
78	1892	data/1892/mot-1892--ak--00091.xml	False	0.0	0.0	0.0	0	0	1	1	0	1.0	0.0	0.0	i-6GAocgVxQ6jiDDMLZHLu3d				i-6GAocgVxQ6jiDDMLZHLu3d			True	1	1	0		0			https://github.com/swerik-project/riksdagen-motions/blob/main/data/1892/mot-1892--ak--00091.xml
79	1892	data/1892/mot-1892-urtima-fk--00002.xml	False	0.0	0.0	0.0	0	0	1	1	0	1.0	0.0	0.0	i-PZo61ze3oe2bePYTHaDHM9				i-PZo61ze3oe2bePYTHaDHM9			True	1	1	0		0			https://github.com/swerik-project/riksdagen-motions/blob/main/data/1892/mot-1892-urtima-fk--00002.xml
80	1893	data/1893/mot-1893--ak--00096.xml	True	1.0	1.0	1.0	1	0	0	1	1	0.0	1.0	0.0	i-NG4dqakBciKkUVzvvpPCRD	i-NG4dqakBciKkUVzvvpPCRD	i-NG4dqakBciKkUVzvvpPCRD			i-NG4dqakBciKkUVzvvpPCRD		False	1	0	0		0			https://github.com/swerik-project/riksdagen-motions/blob/main/data/1893/mot-1893--ak--00096.xml
81	1893	data/1893/mot-1893--ak--00115.xml	True	1.0	1.0	1.0	1	0	0	1	1	0.0	1.0	0.0	i-9wYeeuP3RWB6bA1svcTBE	i-9wYeeuP3RWB6bA1svcTBE	i-9wYeeuP3RWB6bA1svcTBE			i-9wYeeuP3RWB6bA1svcTBE		False	1	0	0		0			https://github.com/swerik-project/riksdagen-motions/blob/main/data/1893/mot-1893--ak--00115.xml
82	1893	data/1893/mot-1893--ak--00126.xml	False	0.0	0.0	0.0	0	0	1	1	0	1.0	0.0	0.0	i-LzAkAb8hM4738RATfMA7Wt				i-LzAkAb8hM4738RATfMA7Wt			True	1	1	0		0			https://github.com/swerik-project/riksdagen-motions/blob/main/data/1893/mot-1893--ak--00126.xml
83	1894	data/1894/mot-1894--ak--00016.xml	False	0.0	0.0	0.0	0	0	1	1	0	1.0	0.0	0.0	i-LUnWpAjcsRaRqb78mxeJ15				i-LUnWpAjcsRaRqb78mxeJ15			True	1	1	0		0			https://github.com/swerik-project/riksdagen-motions/blob/main/data/1894/mot-1894--ak--00016.xml
84	1894	data/1894/mot-1894--ak--00170.xml	False	0.0	0.0	0.0	0	0	1	1	0	1.0	0.0	0.0	i-KtG9MZoKix4XYo4sC4WsUP				i-KtG9MZoKix4XYo4sC4WsUP			True	1	1	0		0			https://github.com/swerik-project/riksdagen-motions/blob/main/data/1894/mot-1894--ak--00170.xml
85	1894	data/1894/mot-1894--fk--00024.xml	True	1.0	1.0	1.0	1	0	0	1	1	0.0	1.0	0.0	i-4iBnzT9pgjryrkk1UYbDxL	i-4iBnzT9pgjryrkk1UYbDxL	i-4iBnzT9pgjryrkk1UYbDxL			i-4iBnzT9pgjryrkk1UYbDxL		False	2	1	0		0			https://github.com/swerik-project/riksdagen-motions/blob/main/data/1894/mot-1894--fk--00024.xml
86	1895	data/1895/mot-1895--ak--00052.xml	True	1.0	1.0	1.0	1	0	0	1	1	0.0	1.0	0.0	i-LtZe8xTn1FKuPsNEDJNrJH	i-LtZe8xTn1FKuPsNEDJNrJH	i-LtZe8xTn1FKuPsNEDJNrJH			i-LtZe8xTn1FKuPsNEDJNrJH		False	1	0	0		0			https://github.com/swerik-project/riksdagen-motions/blob/main/data/1895/mot-1895--ak--00052.xml
87	1895	data/1895/mot-1895--ak--00112.xml	False	0.0	0.0	0.0	0	0	1	1	0	1.0	0.0	0.0	i-SEL9qX8ssVyxUpVEo1ZveN				i-SEL9qX8ssVyxUpVEo1ZveN			True	1	1	0		0			https://github.com/swerik-project/riksdagen-motions/blob/main/data/1895/mot-1895--ak--00112.xml
88	1895	data/1895/mot-1895--fk--00046.xml	True	1.0	1.0	1.0	1	0	0	1	1	0.0	1.0	0.0	i-Cx7GhXwo6MUkSvgCyM6F5m	i-Cx7GhXwo6MUkSvgCyM6F5m	i-Cx7GhXwo6MUkSvgCyM6F5m			i-Cx7GhXwo6MUkSvgCyM6F5m		False	1	0	0		0			https://github.com/swerik-project/riksdagen-motions/blob/main/data/1895/mot-1895--fk--00046.xml
89	1896	data/1896/mot-1896--ak--00071.xml	True	1.0	1.0	1.0	1	0	0	1	1	0.0	1.0	0.0	i-3FSs4wVDP5BUGhdcBZEhUo	i-3FSs4wVDP5BUGhdcBZEhUo	i-3FSs4wVDP5BUGhdcBZEhUo			i-3FSs4wVDP5BUGhdcBZEhUo		False	1	0	0		0			https://github.com/swerik-project/riksdagen-motions/blob/main/data/1896/mot-1896--ak--00071.xml
90	1896	data/1896/mot-1896--ak--00134.xml	False	0.0	0.0	0.0	0	0	1	1	0	1.0	0.0	0.0	i-J3DRDw3b8mFwSVN8fgx2DS				i-J3DRDw3b8mFwSVN8fgx2DS			True	1	1	0		0			https://github.com/swerik-project/riksdagen-motions/blob/main/data/1896/mot-1896--ak--00134.xml
91	1896	data/1896/mot-1896--ak--00174.xml	False	0.0	0.0	0.0	0	0	4	4	0	1.0	0.0	0.0	i-2kLR1QFBRK4TzA8EaYwdB4; i-ESAm1DKfv3KraeQ1CSiwmq; i-EpGkoMNMbkRJY15jN8HtRn; i-LzAkAb8hM4738RATfMA7Wt				i-2kLR1QFBRK4TzA8EaYwdB4; i-ESAm1DKfv3KraeQ1CSiwmq; i-EpGkoMNMbkRJY15jN8HtRn; i-LzAkAb8hM4738RATfMA7Wt			True	1	1	0		0			https://github.com/swerik-project/riksdagen-motions/blob/main/data/1896/mot-1896--ak--00174.xml
92	1897	data/1897/mot-1897--ak--00104.xml	False	0.0	0.0	0.0	0	0	1	1	0	1.0	0.0	0.0	i-2gFz918CyUZkTuGwyS9VJt				i-2gFz918CyUZkTuGwyS9VJt			True	1	1	0		0			https://github.com/swerik-project/riksdagen-motions/blob/main/data/1897/mot-1897--ak--00104.xml
93	1897	data/1897/mot-1897--fk--00011.xml	False	0.5	1.0	0.6666666666666666	1	1	0	1	2	0.0	1.0	0.5	i-PNvieUM2GWTgmE61U6djzk	i-DywAEYAUc8R6SgTtVB1Yyw; i-PNvieUM2GWTgmE61U6djzk	i-PNvieUM2GWTgmE61U6djzk	i-DywAEYAUc8R6SgTtVB1Yyw		i-DywAEYAUc8R6SgTtVB1Yyw; i-PNvieUM2GWTgmE61U6djzk		False	2	0	0		0			https://github.com/swerik-project/riksdagen-motions/blob/main/data/1897/mot-1897--fk--00011.xml
94	1897	data/1897/mot-1897--fk--00018.xml	False	0.0	0.0	0.0	0	0	1	1	0	1.0	0.0	0.0	i-8dhXgrUShJSTmoPcB9FfMi				i-8dhXgrUShJSTmoPcB9FfMi			True	1	1	0		0			https://github.com/swerik-project/riksdagen-motions/blob/main/data/1897/mot-1897--fk--00018.xml
95	1898	data/1898/mot-1898--ak--00053.xml	False	0.0	0.0	0.0	0	0	1	1	0	1.0	0.0	0.0	i-L2Qzee4DnAx8NzP6BEnAFg				i-L2Qzee4DnAx8NzP6BEnAFg			True	1	1	0		0			https://github.com/swerik-project/riksdagen-motions/blob/main/data/1898/mot-1898--ak--00053.xml
96	1898	data/1898/mot-1898--ak--00108.xml	True	1.0	1.0	1.0	1	0	0	1	1	0.0	1.0	0.0	i-4U8pJUccpdMTNKnRBaLNRn	i-4U8pJUccpdMTNKnRBaLNRn	i-4U8pJUccpdMTNKnRBaLNRn			i-4U8pJUccpdMTNKnRBaLNRn		False	1	0	0		0			https://github.com/swerik-project/riksdagen-motions/blob/main/data/1898/mot-1898--ak--00108.xml
97	1898	data/1898/mot-1898--ak--00138.xml	False	0.0	0.0	0.0	0	0	1	1	0	1.0	0.0	0.0	i-EpkJAsCf15osmWnpEQgYvg				i-EpkJAsCf15osmWnpEQgYvg			True	0	0	0		0			https://github.com/swerik-project/riksdagen-motions/blob/main/data/1898/mot-1898--ak--00138.xml
98	1899	data/1899/mot-1899--ak--00056.xml	False	0.0	0.0	0.0	0	0	1	1	0	1.0	0.0	0.0	i-7qvitSSN8gQ1uzg5iwWjD9				i-7qvitSSN8gQ1uzg5iwWjD9			True	1	1	0		0			https://github.com/swerik-project/riksdagen-motions/blob/main/data/1899/mot-1899--ak--00056.xml
99	1899	data/1899/mot-1899--ak--00211.xml	True	1.0	1.0	1.0	1	0	0	1	1	0.0	1.0	0.0	i-N3Bh5ViRWqhFm6dVGLEieJ	i-N3Bh5ViRWqhFm6dVGLEieJ	i-N3Bh5ViRWqhFm6dVGLEieJ			i-N3Bh5ViRWqhFm6dVGLEieJ		False	1	0	0		0			https://github.com/swerik-project/riksdagen-motions/blob/main/data/1899/mot-1899--ak--00211.xml
100	1899	data/1899/mot-1899--ak--00241.xml	True	1.0	1.0	1.0	1	0	0	1	1	0.0	1.0	0.0	i-BCZWbGeLzeuFhF8y3gEaZo	i-BCZWbGeLzeuFhF8y3gEaZo	i-BCZWbGeLzeuFhF8y3gEaZo			i-BCZWbGeLzeuFhF8y3gEaZo		False	1	0	0		0			https://github.com/swerik-project/riksdagen-motions/blob/main/data/1899/mot-1899--ak--00241.xml
101	1900	data/1900/mot-1900--ak--00054.xml	True	1.0	1.0	1.0	1	0	0	1	1	0.0	1.0	0.0	i-L8igD41spNvbEjshjG3znh	i-L8igD41spNvbEjshjG3znh	i-L8igD41spNvbEjshjG3znh			i-L8igD41spNvbEjshjG3znh		False	1	0	0		0			https://github.com/swerik-project/riksdagen-motions/blob/main/data/1900/mot-1900--ak--00054.xml
102	1900	data/1900/mot-1900--ak--00130.xml	True	1.0	1.0	1.0	1	0	0	1	1	0.0	1.0	0.0	i-dppNpPyX1pBND8b8JcCpo	i-dppNpPyX1pBND8b8JcCpo	i-dppNpPyX1pBND8b8JcCpo			i-dppNpPyX1pBND8b8JcCpo		False	1	0	0		0			https://github.com/swerik-project/riksdagen-motions/blob/main/data/1900/mot-1900--ak--00130.xml
103	1900	data/1900/mot-1900--ak--00151.xml	False	0.8888888888888888	0.5714285714285714	0.6956521739130435	8	1	6	14	9	0.42857142857142855	0.5714285714285714	0.1111111111111111	i-2ajxL1uZzxQsvJXngW96hD; i-3FXDiNFhMaD2xtLwqRVLbs; i-5wWRJAXfVgvuneH3sdAR6w; i-6WG5sy3umvRtHKftBHDXCs; i-8PVe98F8qyBcQbdgnawnR4; i-CJrCTNjx52Xn65aijhiykK; i-GbhiuQPNmKizBowZVk5os8; i-JEgc1aAvpjdwHjnsG3nTk5; i-M3KsriBtBmH4v2DUpjuGUU; i-R9MyGXJGkxUW6BDGZnaPCF; i-S5mRUGGT3RXeRgMjsKf4P4; i-Shx8s54ySb2pPVzcDRXmxN; i-SuBtdXciX6FHNe1ctVkGSc; i-X7kXqhE1n1PkiMA2ijiw2b	i-2ajxL1uZzxQsvJXngW96hD; i-3FXDiNFhMaD2xtLwqRVLbs; i-8PVe98F8qyBcQbdgnawnR4; i-CJrCTNjx52Xn65aijhiykK; i-GbhiuQPNmKizBowZVk5os8; i-R9MyGXJGkxUW6BDGZnaPCF; i-Shx8s54ySb2pPVzcDRXmxN; i-SuBtdXciX6FHNe1ctVkGSc; i-TacmzADgTQdMWZvbdHxmSf	i-2ajxL1uZzxQsvJXngW96hD; i-3FXDiNFhMaD2xtLwqRVLbs; i-8PVe98F8qyBcQbdgnawnR4; i-CJrCTNjx52Xn65aijhiykK; i-GbhiuQPNmKizBowZVk5os8; i-R9MyGXJGkxUW6BDGZnaPCF; i-Shx8s54ySb2pPVzcDRXmxN; i-SuBtdXciX6FHNe1ctVkGSc	i-TacmzADgTQdMWZvbdHxmSf	i-5wWRJAXfVgvuneH3sdAR6w; i-6WG5sy3umvRtHKftBHDXCs; i-JEgc1aAvpjdwHjnsG3nTk5; i-M3KsriBtBmH4v2DUpjuGUU; i-S5mRUGGT3RXeRgMjsKf4P4; i-X7kXqhE1n1PkiMA2ijiw2b	i-2ajxL1uZzxQsvJXngW96hD; i-3FXDiNFhMaD2xtLwqRVLbs; i-8PVe98F8qyBcQbdgnawnR4; i-CJrCTNjx52Xn65aijhiykK; i-GbhiuQPNmKizBowZVk5os8; i-R9MyGXJGkxUW6BDGZnaPCF; i-Shx8s54ySb2pPVzcDRXmxN; i-SuBtdXciX6FHNe1ctVkGSc; i-TacmzADgTQdMWZvbdHxmSf		False	14	5	0		0			https://github.com/swerik-project/riksdagen-motions/blob/main/data/1900/mot-1900--ak--00151.xml
104	1901	data/1901/mot-1901--ak--00125.xml	True	1.0	1.0	1.0	1	0	0	1	1	0.0	1.0	0.0	i-VM3kn4h4mTkLoFpEyrhy5t	i-VM3kn4h4mTkLoFpEyrhy5t	i-VM3kn4h4mTkLoFpEyrhy5t			i-VM3kn4h4mTkLoFpEyrhy5t		False	1	0	0		0			https://github.com/swerik-project/riksdagen-motions/blob/main/data/1901/mot-1901--ak--00125.xml
105	1901	data/1901/mot-1901--ak--00166.xml	False	0.0	0.0	0.0	0	0	1	1	0	1.0	0.0	0.0	i-MAQEcZ126HmopwZCi53wi2				i-MAQEcZ126HmopwZCi53wi2			True	1	1	0		0			https://github.com/swerik-project/riksdagen-motions/blob/main/data/1901/mot-1901--ak--00166.xml
106	1901	data/1901/mot-1901--ak--00175.xml	True	1.0	1.0	1.0	1	0	0	1	1	0.0	1.0	0.0	i-Qdz4d8Ykv3zsRZVZxrcte1	i-Qdz4d8Ykv3zsRZVZxrcte1	i-Qdz4d8Ykv3zsRZVZxrcte1			i-Qdz4d8Ykv3zsRZVZxrcte1		False	1	0	0		0			https://github.com/swerik-project/riksdagen-motions/blob/main/data/1901/mot-1901--ak--00175.xml
107	1902	data/1902/mot-1902--ak--00007.xml	False	0.0	0.0	0.0	0	1	1	1	1	1.0	0.0	1.0	i-9My6zQNwR987YADn41a1Q6	i-E92rgqKkvM4kNk9eGmN4Vz		i-E92rgqKkvM4kNk9eGmN4Vz	i-9My6zQNwR987YADn41a1Q6	i-E92rgqKkvM4kNk9eGmN4Vz		False	2	1	0		0			https://github.com/swerik-project/riksdagen-motions/blob/main/data/1902/mot-1902--ak--00007.xml
108	1902	data/1902/mot-1902--ak--00059.xml	True	1.0	1.0	1.0	1	0	0	1	1	0.0	1.0	0.0	i-CMeN1LMPs7fPYY5k3Y79z4	i-CMeN1LMPs7fPYY5k3Y79z4	i-CMeN1LMPs7fPYY5k3Y79z4			i-CMeN1LMPs7fPYY5k3Y79z4		False	1	0	0		0			https://github.com/swerik-project/riksdagen-motions/blob/main/data/1902/mot-1902--ak--00059.xml
109	1903	data/1903/mot-1903--ak--00055.xml	True	1.0	1.0	1.0	1	0	0	1	1	0.0	1.0	0.0	i-KfhionKEV1mdEwMpzxVxcN	i-KfhionKEV1mdEwMpzxVxcN	i-KfhionKEV1mdEwMpzxVxcN			i-KfhionKEV1mdEwMpzxVxcN		False	1	0	0		0			https://github.com/swerik-project/riksdagen-motions/blob/main/data/1903/mot-1903--ak--00055.xml
110	1903	data/1903/mot-1903--ak--00064.xml	False	0.5	1.0	0.6666666666666666	1	1	0	1	2	0.0	1.0	0.5	i-WJFUxfoH9MxRGxnHzAMK9D	i-3AJzwm9j6UU8XMvjBy9XjF; i-WJFUxfoH9MxRGxnHzAMK9D	i-WJFUxfoH9MxRGxnHzAMK9D	i-3AJzwm9j6UU8XMvjBy9XjF		i-3AJzwm9j6UU8XMvjBy9XjF; i-WJFUxfoH9MxRGxnHzAMK9D		False	2	0	0		0			https://github.com/swerik-project/riksdagen-motions/blob/main/data/1903/mot-1903--ak--00064.xml
111	1903	data/1903/mot-1903--ak--00101.xml	False	0.0	0.0	0.0	0	0	4	4	0	1.0	0.0	0.0	i-2ASB6DoU1XW9sV8ZGbcxey; i-KLVdWuEH3iyC7Ws5pZeVNK; i-PPQzQpjxJgK9T8oVftkuFD; i-StedJdxnLqw4NbNmZQ7ibE				i-2ASB6DoU1XW9sV8ZGbcxey; i-KLVdWuEH3iyC7Ws5pZeVNK; i-PPQzQpjxJgK9T8oVftkuFD; i-StedJdxnLqw4NbNmZQ7ibE			True	1	1	0		0			https://github.com/swerik-project/riksdagen-motions/blob/main/data/1903/mot-1903--ak--00101.xml
112	1904	data/1904/mot-1904--ak--00145.xml	True	1.0	1.0	1.0	2	0	0	2	2	0.0	1.0	0.0	i-9zXKiuNmSKJDEsoG3gjATF; i-JPitp7YnyA5FVnAVx6buJK	i-9zXKiuNmSKJDEsoG3gjATF; i-JPitp7YnyA5FVnAVx6buJK	i-9zXKiuNmSKJDEsoG3gjATF; i-JPitp7YnyA5FVnAVx6buJK			i-9zXKiuNmSKJDEsoG3gjATF; i-JPitp7YnyA5FVnAVx6buJK		False	2	0	0		0			https://github.com/swerik-project/riksdagen-motions/blob/main/data/1904/mot-1904--ak--00145.xml
113	1904	data/1904/mot-1904--ak--00151.xml	False	0.0	0.0	0.0	0	0	13	13	0	1.0	0.0	0.0	i-4R2KEQAwfYsX1osXqxZ66T; i-5YeVw64y97GEawvX93x6P5; i-5c9mfR236xt4zVBBWJTpNn; i-5wWRJAXfVgvuneH3sdAR6w; i-9FaEFPLt3oQFHYZzfytdP2; i-9wN2nfyUfzSDZicp5e3dkR; i-CstbzCQGy4imdVSWZesSu; i-DQ9MiFCTqXqDgv4LnUitVT; i-EZgzHXqRzCH5Uq63fALDeS; i-GbhiuQPNmKizBowZVk5os8; i-JEgc1aAvpjdwHjnsG3nTk5; i-Q2P8tFSZepYKH7UCJjpycJ; i-TjTXd1BhNmQYR6chLowerA				i-4R2KEQAwfYsX1osXqxZ66T; i-5YeVw64y97GEawvX93x6P5; i-5c9mfR236xt4zVBBWJTpNn; i-5wWRJAXfVgvuneH3sdAR6w; i-9FaEFPLt3oQFHYZzfytdP2; i-9wN2nfyUfzSDZicp5e3dkR; i-CstbzCQGy4imdVSWZesSu; i-DQ9MiFCTqXqDgv4LnUitVT; i-EZgzHXqRzCH5Uq63fALDeS; i-GbhiuQPNmKizBowZVk5os8; i-JEgc1aAvpjdwHjnsG3nTk5; i-Q2P8tFSZepYKH7UCJjpycJ; i-TjTXd1BhNmQYR6chLowerA			True	1	1	0		0			https://github.com/swerik-project/riksdagen-motions/blob/main/data/1904/mot-1904--ak--00151.xml
114	1904	data/1904/mot-1904--fk--00022.xml	True	1.0	1.0	1.0	1	0	0	1	1	0.0	1.0	0.0	i-M5aMXV2yx6yh9KuYz7Z45q	i-M5aMXV2yx6yh9KuYz7Z45q	i-M5aMXV2yx6yh9KuYz7Z45q			i-M5aMXV2yx6yh9KuYz7Z45q		False	1	0	0		0			https://github.com/swerik-project/riksdagen-motions/blob/main/data/1904/mot-1904--fk--00022.xml
115	1905	data/1905/mot-1905--ak--00114.xml	True	1.0	1.0	1.0	1	0	0	1	1	0.0	1.0	0.0	i-8QhUhC7tghVhGLiXuQy6st	i-8QhUhC7tghVhGLiXuQy6st	i-8QhUhC7tghVhGLiXuQy6st			i-8QhUhC7tghVhGLiXuQy6st		False	1	0	0		0			https://github.com/swerik-project/riksdagen-motions/blob/main/data/1905/mot-1905--ak--00114.xml
116	1905	data/1905/mot-1905--ak--00146.xml	False	0.0	0.0	0.0	0	0	2	2	0	1.0	0.0	0.0	i-EKcEsJ8rgRpxXJKX9UZCn; i-FDUnfwLSnbmZFbmEoCBSeE				i-EKcEsJ8rgRpxXJKX9UZCn; i-FDUnfwLSnbmZFbmEoCBSeE			True	2	2	0		0			https://github.com/swerik-project/riksdagen-motions/blob/main/data/1905/mot-1905--ak--00146.xml
117	1905	data/1905/mot-1905-urtima-fk--00004.xml	False	0.8571428571428571	0.1	0.1791044776119403	6	1	54	60	7	0.9	0.1	0.14285714285714285	i-2dY1SGv8Hf9ixu6QkJdDsP; i-458Xitx1rMUDzu6Nz48nrJ; i-4QmvMZkdVwHxUNSzFz7zzs; i-5581gcEvQGbiMJEyEKV6yh; i-5haQvBqofmVv7uAtDuavic; i-5m7eXbqSoKZzWQ41W9boXX; i-6oRamg3DcU6q3ybLVDX2pR; i-7QiMQk25eeqJqnZvPQk62u; i-7TJqANjbrgd7SVhZMKk9xF; i-87LPANBiBX7wLgJ4qtMBss; i-8Rh26BWHsu23CsDhDYmcE9; i-8VsfxTDe2G4GaxT4mL9cj9; i-8yGuNy24hvMd2Z2td7mHze; i-A5JQXuHfaRp4u95HrYD9gd; i-BRVDAnCnib83pYossDYwRa; i-C9K2zQhbi7bGUXtbQLDqku; i-CjSFC5KzVjviPvMWRXCbe6; i-Co7CHUvCQqnWiD6XBtunA3; i-D7KfkW1nDvvN3JwmiZtbX5; i-DGMnBps2wUrSusm54kdoY7; i-DrXSPzMYgVV6atUHfgBSF4; i-EFg8HwcKJoaLpGz6Y9q9aW; i-Er61oaczszUgxR1FzN9neP; i-FFyGhg7yDLhat7YPoNLzaH; i-FQJJCrSL887VqdEgWRuCYj; i-FSJ4kw3boEHgUkPEAcBMPU; i-FTiFt8AALJDsUjHZcZEDSH; i-Fnu186BGHvvTJDuB7t6zMb; i-G1xzyAPjWuB2rB8kWLGUve; i-GX7BNu6JdpkCkLvrx2oYRe; i-GiW7zxnS4J1KGakxdFC177; i-GkkQbto5JYXvdSs1bs6RLo; i-HqRXpcNvVcpAFSfTDWhdNx; i-JCyzttMVkJyC3MktTPBWrC; i-KrDgdZwFvbfz2DRQDX9Aw6; i-LEiVmuJS3qfxU5P3M3NMxf; i-Lm3eE3F9Uin1JPz2edLpYC; i-PNvieUM2GWTgmE61U6djzk; i-PpnCjvomNLjsJprvA7oC4i; i-QvQF7Es6NnMXfNhoeCLJL2; i-R5nrkYVYWRipCGrS8PAyUz; i-SUicGYDDyHF8pDkbccXJwW; i-SbYnBCjoFEsouNvrLVZ1J2; i-Snz4JyGqut3x8YoNGkcqwt; i-T5TQTo1x9KZiCNRXHysUZG; i-T5fFgQ73BhXWChgostnu9w; i-TXTMjmW8M6sutYxwmKpuaD; i-TwHRimW4qHP6qKGd2peE57; i-U1HgHsSCQwRnuUvdRGojU4; i-UDziRjgcxgNjFct4MavzVQ; i-Uh4cCK1LpYUrgkGNfFiCKh; i-W8sBcvRsddpMCiVmEeekWs; i-WS6avHnstrES8AWCVeqaD9; i-Wjs7vhiqPDs5DWBCyXkc77; i-YBeHR1zEBPMM35nMEreTz; i-YFmh6ABc2GTvHAkuL7pFAP; i-YQ6g7JsKJpiQK8dbyD7FQo; i-YQVJCQSW4NWPJmxYfGu3f9; i-YSW8Kg6NVNWR81nXxwY7Pw; i-YVqWZSiikwY2UYC3gt2RvM	i-7QiMQk25eeqJqnZvPQk62u; i-87LPANBiBX7wLgJ4qtMBss; i-Fnu186BGHvvTJDuB7t6zMb; i-GiW7zxnS4J1KGakxdFC177; i-KzhJSRaBr9JNVkiCURFzgr; i-U1HgHsSCQwRnuUvdRGojU4; i-YFmh6ABc2GTvHAkuL7pFAP	i-7QiMQk25eeqJqnZvPQk62u; i-87LPANBiBX7wLgJ4qtMBss; i-Fnu186BGHvvTJDuB7t6zMb; i-GiW7zxnS4J1KGakxdFC177; i-U1HgHsSCQwRnuUvdRGojU4; i-YFmh6ABc2GTvHAkuL7pFAP	i-KzhJSRaBr9JNVkiCURFzgr	i-2dY1SGv8Hf9ixu6QkJdDsP; i-458Xitx1rMUDzu6Nz48nrJ; i-4QmvMZkdVwHxUNSzFz7zzs; i-5581gcEvQGbiMJEyEKV6yh; i-5haQvBqofmVv7uAtDuavic; i-5m7eXbqSoKZzWQ41W9boXX; i-6oRamg3DcU6q3ybLVDX2pR; i-7TJqANjbrgd7SVhZMKk9xF; i-8Rh26BWHsu23CsDhDYmcE9; i-8VsfxTDe2G4GaxT4mL9cj9; i-8yGuNy24hvMd2Z2td7mHze; i-A5JQXuHfaRp4u95HrYD9gd; i-BRVDAnCnib83pYossDYwRa; i-C9K2zQhbi7bGUXtbQLDqku; i-CjSFC5KzVjviPvMWRXCbe6; i-Co7CHUvCQqnWiD6XBtunA3; i-D7KfkW1nDvvN3JwmiZtbX5; i-DGMnBps2wUrSusm54kdoY7; i-DrXSPzMYgVV6atUHfgBSF4; i-EFg8HwcKJoaLpGz6Y9q9aW; i-Er61oaczszUgxR1FzN9neP; i-FFyGhg7yDLhat7YPoNLzaH; i-FQJJCrSL887VqdEgWRuCYj; i-FSJ4kw3boEHgUkPEAcBMPU; i-FTiFt8AALJDsUjHZcZEDSH; i-G1xzyAPjWuB2rB8kWLGUve; i-GX7BNu6JdpkCkLvrx2oYRe; i-GkkQbto5JYXvdSs1bs6RLo; i-HqRXpcNvVcpAFSfTDWhdNx; i-JCyzttMVkJyC3MktTPBWrC; i-KrDgdZwFvbfz2DRQDX9Aw6; i-LEiVmuJS3qfxU5P3M3NMxf; i-Lm3eE3F9Uin1JPz2edLpYC; i-PNvieUM2GWTgmE61U6djzk; i-PpnCjvomNLjsJprvA7oC4i; i-QvQF7Es6NnMXfNhoeCLJL2; i-R5nrkYVYWRipCGrS8PAyUz; i-SUicGYDDyHF8pDkbccXJwW; i-SbYnBCjoFEsouNvrLVZ1J2; i-Snz4JyGqut3x8YoNGkcqwt; i-T5TQTo1x9KZiCNRXHysUZG; i-T5fFgQ73BhXWChgostnu9w; i-TXTMjmW8M6sutYxwmKpuaD; i-TwHRimW4qHP6qKGd2peE57; i-UDziRjgcxgNjFct4MavzVQ; i-Uh4cCK1LpYUrgkGNfFiCKh; i-W8sBcvRsddpMCiVmEeekWs; i-WS6avHnstrES8AWCVeqaD9; i-Wjs7vhiqPDs5DWBCyXkc77; i-YBeHR1zEBPMM35nMEreTz; i-YQ6g7JsKJpiQK8dbyD7FQo; i-YQVJCQSW4NWPJmxYfGu3f9; i-YSW8Kg6NVNWR81nXxwY7Pw; i-YVqWZSiikwY2UYC3gt2RvM	i-7QiMQk25eeqJqnZvPQk62u; i-87LPANBiBX7wLgJ4qtMBss; i-Fnu186BGHvvTJDuB7t6zMb; i-GiW7zxnS4J1KGakxdFC177; i-KzhJSRaBr9JNVkiCURFzgr; i-U1HgHsSCQwRnuUvdRGojU4; i-YFmh6ABc2GTvHAkuL7pFAP		False	7	0	0		0			https://github.com/swerik-project/riksdagen-motions/blob/main/data/1905/mot-1905-urtima-fk--00004.xml
118	1906	data/1906/mot-1906--ak--00067.xml	True	1.0	1.0	1.0	1	0	0	1	1	0.0	1.0	0.0	i-9zXKiuNmSKJDEsoG3gjATF	i-9zXKiuNmSKJDEsoG3gjATF	i-9zXKiuNmSKJDEsoG3gjATF			i-9zXKiuNmSKJDEsoG3gjATF		False	1	0	0		0			https://github.com/swerik-project/riksdagen-motions/blob/main/data/1906/mot-1906--ak--00067.xml
119	1906	data/1906/mot-1906--ak--00167.xml	True	1.0	1.0	1.0	1	0	0	1	1	0.0	1.0	0.0	i-ERTFQPdbrLL5nsYqVAz5fk	i-ERTFQPdbrLL5nsYqVAz5fk	i-ERTFQPdbrLL5nsYqVAz5fk			i-ERTFQPdbrLL5nsYqVAz5fk		False	1	0	0		0			https://github.com/swerik-project/riksdagen-motions/blob/main/data/1906/mot-1906--ak--00167.xml
120	1906	data/1906/mot-1906--fk--00039.xml	True	1.0	1.0	1.0	1	0	0	1	1	0.0	1.0	0.0	i-Co7CHUvCQqnWiD6XBtunA3	i-Co7CHUvCQqnWiD6XBtunA3	i-Co7CHUvCQqnWiD6XBtunA3			i-Co7CHUvCQqnWiD6XBtunA3		False	1	0	0		0			https://github.com/swerik-project/riksdagen-motions/blob/main/data/1906/mot-1906--fk--00039.xml
121	1907	data/1907/mot-1907--ak--00018.xml	False	0.0	0.0	0.0	0	0	1	1	0	1.0	0.0	0.0	i-X43kaZ3UoFfnrYCcPKoxe9				i-X43kaZ3UoFfnrYCcPKoxe9			True	1	1	0		0			https://github.com/swerik-project/riksdagen-motions/blob/main/data/1907/mot-1907--ak--00018.xml
122	1907	data/1907/mot-1907--ak--00283.xml	True	1.0	1.0	1.0	1	0	0	1	1	0.0	1.0	0.0	i-WznDfCH6YyNH8Yey7Nai8P	i-WznDfCH6YyNH8Yey7Nai8P	i-WznDfCH6YyNH8Yey7Nai8P			i-WznDfCH6YyNH8Yey7Nai8P		False	1	0	0		0			https://github.com/swerik-project/riksdagen-motions/blob/main/data/1907/mot-1907--ak--00283.xml
123	1907	data/1907/mot-1907--fk--00040.xml	True	1.0	1.0	1.0	1	0	0	1	1	0.0	1.0	0.0	i-QfeDyZ27DQmH17bsjAZDYK	i-QfeDyZ27DQmH17bsjAZDYK	i-QfeDyZ27DQmH17bsjAZDYK			i-QfeDyZ27DQmH17bsjAZDYK		False	1	0	0		0			https://github.com/swerik-project/riksdagen-motions/blob/main/data/1907/mot-1907--fk--00040.xml
124	1908	data/1908/mot-1908--ak--00032.xml	True	1.0	1.0	1.0	1	0	0	1	1	0.0	1.0	0.0	i-4U8pJUccpdMTNKnRBaLNRn	i-4U8pJUccpdMTNKnRBaLNRn	i-4U8pJUccpdMTNKnRBaLNRn			i-4U8pJUccpdMTNKnRBaLNRn		False	1	0	0		0			https://github.com/swerik-project/riksdagen-motions/blob/main/data/1908/mot-1908--ak--00032.xml
125	1908	data/1908/mot-1908--ak--00087.xml	False	1.0	0.05128205128205128	0.0975609756097561	4	0	74	78	4	0.9487179487179487	0.05128205128205128	0.0	i-2VZTfC47GBddiryCh2CpHE; i-2vPqRXUJK7sLEawPeFYaLa; i-3C2pZzS1wYjgNMiss84Dyp; i-3FXDiNFhMaD2xtLwqRVLbs; i-3LADpippuGsVzASZffPQLR; i-3MuEs2XfJdL7dc1ejaB7XH; i-3eyX9xS4WQ3JLxhqJxXaHE; i-41U85NpCtLzodB8GxLpNNW; i-4KJMAUW9zFRD1g1ShqsMqw; i-4NKRPNLjC6ugs779Z9diuB; i-4U8pJUccpdMTNKnRBaLNRn; i-4UEzXgg6g6fiqb4dQ2EDU3; i-4sYa5sygAXm9dvBK1sGrPS; i-5KMyLRkLkB8aJEWrPNdHMU; i-5KU1YWjCS7iAhCxYP8wCR7; i-5QNyZTTuhxgQFGbUQZGhjK; i-6GAocgVxQ6jiDDMLZHLu3d; i-6KBNU3ydsmAUThaDn8NUTw; i-7u6TSL3B2X57aHRQYkKAD8; i-8JJL5nBWvuqFEZprH3q31h; i-8hVM83QA7RPKjxXQwKd7qt; i-8zen6gqoJKVpG7SVBDYFet; i-9My6zQNwR987YADn41a1Q6; i-9gw6tCpchuRJcG4S3PU6wP; i-A37vmFDFqtaNCP1Zn7USP4; i-A9gFi7dPaz2uAdYRAB5NBW; i-AyHSMtd1f1kVFSaVvtTmaY; i-B1SwupwM9QjXTLJUdzWAMP; i-BT47MSwG1gLkUPj7t1NX3R; i-CcpzmowRD9FCdmx6qJ2zA4; i-CstbzCQGy4imdVSWZesSu; i-DGWck5RqFSbnKb8DXViXWK; i-DZFQeFBsFcs9N6uxCPxEWg; i-EghjWo8X6J8EqRorAV3wKX; i-FDUnfwLSnbmZFbmEoCBSeE; i-Ffeyu3W1u9rCYut1yN4GxR; i-FyewTLfHXRZ4TcfWtKQoK3; i-GZoogxEzVqVUYFbhFp29C6; i-HiKfkPFGETvWecEKyujzt7; i-HosDPsxC8xMsApG7PEcMfP; i-JENnhuCwfVGBYLEfgxjRKt; i-JEgc1aAvpjdwHjnsG3nTk5; i-JSD38mWT7YyULoZeavmfbP; i-JeEhWTEJ1fGidrGkZYPz2T; i-JgCcdTbPbwrVHLWw1wCXea; i-K2CCfv9yeMy3FtZnJC2wDV; i-KdWud4ycRn3KqxNrvnNkTT; i-KeUzxNbv1zjTz7FVRHayGh; i-L2Qzee4DnAx8NzP6BEnAFg; i-L8igD41spNvbEjshjG3znh; i-LoXDYGWub1gb91DidVVRYY; i-M7Dk5qjwUCDNKDmAMZJ1AM; i-MSwoZDhSrwsWcizAjowXzs; i-McNdJaEnje6pXfi83cxxZW; i-NEpRkdSsVMJsoZ2CsDVptk; i-NKRTEKkMqyNZNU9RaYZLPC; i-NpP8YUnngHY9XSGASPWpn; i-NwhdVgupCWjkZSqQNMjJnp; i-Pw6YkjTiEBrsDRAfUGA5BK; i-RFJmo1wDqVKRtoJAz97Trc; i-Ru4m7PwPngedWP65bhXJgu; i-S4QJj2NhwnwkQWq9S5v3My; i-SKeNWqaodDskJWp4b2SKPZ; i-SaffZ6X6yDXyuRsRUviMqP; i-SmANBDpEMp49AgxGMgLJX; i-So9wC4TTQKv5y5xeguwfcC; i-Tp1jKTFhFzA8shVD7JggNL; i-V2Yf7CVM1fnjwE7NX2LxmC; i-VtEQ8SVLoatCxVAtXfHKdk; i-W5aPPUd6NTa4yTBoRzWdL4; i-WJFUxfoH9MxRGxnHzAMK9D; i-WSxGsjkEHq7ws5C5Cxnh3C; i-X43kaZ3UoFfnrYCcPKoxe9; i-XGVW64gsZQSueELeaURjDd; i-YEQC2cS7Zaae9YLGWdiy6e; i-bvK2bTT41cp1JwsNkqEDL; i-dppNpPyX1pBND8b8JcCpo; i-e3njExJEdDXrssXnJs8AP	i-NEpRkdSsVMJsoZ2CsDVptk; i-SKeNWqaodDskJWp4b2SKPZ; i-VtEQ8SVLoatCxVAtXfHKdk; i-YEQC2cS7Zaae9YLGWdiy6e	i-NEpRkdSsVMJsoZ2CsDVptk; i-SKeNWqaodDskJWp4b2SKPZ; i-VtEQ8SVLoatCxVAtXfHKdk; i-YEQC2cS7Zaae9YLGWdiy6e		i-2VZTfC47GBddiryCh2CpHE; i-2vPqRXUJK7sLEawPeFYaLa; i-3C2pZzS1wYjgNMiss84Dyp; i-3FXDiNFhMaD2xtLwqRVLbs; i-3LADpippuGsVzASZffPQLR; i-3MuEs2XfJdL7dc1ejaB7XH; i-3eyX9xS4WQ3JLxhqJxXaHE; i-41U85NpCtLzodB8GxLpNNW; i-4KJMAUW9zFRD1g1ShqsMqw; i-4NKRPNLjC6ugs779Z9diuB; i-4U8pJUccpdMTNKnRBaLNRn; i-4UEzXgg6g6fiqb4dQ2EDU3; i-4sYa5sygAXm9dvBK1sGrPS; i-5KMyLRkLkB8aJEWrPNdHMU; i-5KU1YWjCS7iAhCxYP8wCR7; i-5QNyZTTuhxgQFGbUQZGhjK; i-6GAocgVxQ6jiDDMLZHLu3d; i-6KBNU3ydsmAUThaDn8NUTw; i-7u6TSL3B2X57aHRQYkKAD8; i-8JJL5nBWvuqFEZprH3q31h; i-8hVM83QA7RPKjxXQwKd7qt; i-8zen6gqoJKVpG7SVBDYFet; i-9My6zQNwR987YADn41a1Q6; i-9gw6tCpchuRJcG4S3PU6wP; i-A37vmFDFqtaNCP1Zn7USP4; i-A9gFi7dPaz2uAdYRAB5NBW; i-AyHSMtd1f1kVFSaVvtTmaY; i-B1SwupwM9QjXTLJUdzWAMP; i-BT47MSwG1gLkUPj7t1NX3R; i-CcpzmowRD9FCdmx6qJ2zA4; i-CstbzCQGy4imdVSWZesSu; i-DGWck5RqFSbnKb8DXViXWK; i-DZFQeFBsFcs9N6uxCPxEWg; i-EghjWo8X6J8EqRorAV3wKX; i-FDUnfwLSnbmZFbmEoCBSeE; i-Ffeyu3W1u9rCYut1yN4GxR; i-FyewTLfHXRZ4TcfWtKQoK3; i-GZoogxEzVqVUYFbhFp29C6; i-HiKfkPFGETvWecEKyujzt7; i-HosDPsxC8xMsApG7PEcMfP; i-JENnhuCwfVGBYLEfgxjRKt; i-JEgc1aAvpjdwHjnsG3nTk5; i-JSD38mWT7YyULoZeavmfbP; i-JeEhWTEJ1fGidrGkZYPz2T; i-JgCcdTbPbwrVHLWw1wCXea; i-K2CCfv9yeMy3FtZnJC2wDV; i-KdWud4ycRn3KqxNrvnNkTT; i-KeUzxNbv1zjTz7FVRHayGh; i-L2Qzee4DnAx8NzP6BEnAFg; i-L8igD41spNvbEjshjG3znh; i-LoXDYGWub1gb91DidVVRYY; i-M7Dk5qjwUCDNKDmAMZJ1AM; i-MSwoZDhSrwsWcizAjowXzs; i-McNdJaEnje6pXfi83cxxZW; i-NKRTEKkMqyNZNU9RaYZLPC; i-NpP8YUnngHY9XSGASPWpn; i-NwhdVgupCWjkZSqQNMjJnp; i-Pw6YkjTiEBrsDRAfUGA5BK; i-RFJmo1wDqVKRtoJAz97Trc; i-Ru4m7PwPngedWP65bhXJgu; i-S4QJj2NhwnwkQWq9S5v3My; i-SaffZ6X6yDXyuRsRUviMqP; i-SmANBDpEMp49AgxGMgLJX; i-So9wC4TTQKv5y5xeguwfcC; i-Tp1jKTFhFzA8shVD7JggNL; i-V2Yf7CVM1fnjwE7NX2LxmC; i-W5aPPUd6NTa4yTBoRzWdL4; i-WJFUxfoH9MxRGxnHzAMK9D; i-WSxGsjkEHq7ws5C5Cxnh3C; i-X43kaZ3UoFfnrYCcPKoxe9; i-XGVW64gsZQSueELeaURjDd; i-bvK2bTT41cp1JwsNkqEDL; i-dppNpPyX1pBND8b8JcCpo; i-e3njExJEdDXrssXnJs8AP	i-NEpRkdSsVMJsoZ2CsDVptk; i-SKeNWqaodDskJWp4b2SKPZ; i-VtEQ8SVLoatCxVAtXfHKdk; i-YEQC2cS7Zaae9YLGWdiy6e		False	7	3	0		0			https://github.com/swerik-project/riksdagen-motions/blob/main/data/1908/mot-1908--ak--00087.xml
126	1908	data/1908/mot-1908--ak--00328.xml	True	1.0	1.0	1.0	1	0	0	1	1	0.0	1.0	0.0	i-7PPDYGig7k4bxzbKBQKEXq	i-7PPDYGig7k4bxzbKBQKEXq	i-7PPDYGig7k4bxzbKBQKEXq			i-7PPDYGig7k4bxzbKBQKEXq		False	1	0	0		0			https://github.com/swerik-project/riksdagen-motions/blob/main/data/1908/mot-1908--ak--00328.xml
127	1909	data/1909/mot-1909--ak--00064.xml	True	1.0	1.0	1.0	1	0	0	1	1	0.0	1.0	0.0	i-7A9HqrivrCiBjzam9UZXaa	i-7A9HqrivrCiBjzam9UZXaa	i-7A9HqrivrCiBjzam9UZXaa			i-7A9HqrivrCiBjzam9UZXaa		False	1	0	0		0			https://github.com/swerik-project/riksdagen-motions/blob/main/data/1909/mot-1909--ak--00064.xml
128	1909	data/1909/mot-1909--ak--00065.xml	False	0.0	0.0	0.0	0	0	1	1	0	1.0	0.0	0.0	i-9My6zQNwR987YADn41a1Q6				i-9My6zQNwR987YADn41a1Q6			True	1	1	0		0			https://github.com/swerik-project/riksdagen-motions/blob/main/data/1909/mot-1909--ak--00065.xml
129	1909	data/1909/mot-1909--ak--00262.xml	False	0.0	0.0	0.0	0	0	1	1	0	1.0	0.0	0.0	i-BT47MSwG1gLkUPj7t1NX3R				i-BT47MSwG1gLkUPj7t1NX3R			True	1	1	0		0			https://github.com/swerik-project/riksdagen-motions/blob/main/data/1909/mot-1909--ak--00262.xml
130	1910	data/1910/mot-1910--ak--00202.xml	True	1.0	1.0	1.0	1	0	0	1	1	0.0	1.0	0.0	i-XzSzFtnrtwQBSXHVwVhrCf	i-XzSzFtnrtwQBSXHVwVhrCf	i-XzSzFtnrtwQBSXHVwVhrCf			i-XzSzFtnrtwQBSXHVwVhrCf		False	1	0	0		0			https://github.com/swerik-project/riksdagen-motions/blob/main/data/1910/mot-1910--ak--00202.xml
131	1910	data/1910/mot-1910--fk--00031.xml	True	1.0	1.0	1.0	1	0	0	1	1	0.0	1.0	0.0	i-MXmaSj4jbRgkRhwVRbwucF	i-MXmaSj4jbRgkRhwVRbwucF	i-MXmaSj4jbRgkRhwVRbwucF			i-MXmaSj4jbRgkRhwVRbwucF		False	1	0	0		0			https://github.com/swerik-project/riksdagen-motions/blob/main/data/1910/mot-1910--fk--00031.xml
132	1910	data/1910/mot-1910--fk--00086.xml	True	1.0	1.0	1.0	1	0	0	1	1	0.0	1.0	0.0	i-BmmCknnFJ7aPP89K4ZvaFq	i-BmmCknnFJ7aPP89K4ZvaFq	i-BmmCknnFJ7aPP89K4ZvaFq			i-BmmCknnFJ7aPP89K4ZvaFq		False	1	0	0		0			https://github.com/swerik-project/riksdagen-motions/blob/main/data/1910/mot-1910--fk--00086.xml
133	1911	data/1911/mot-1911--ak--00088.xml	False	0.5	1.0	0.6666666666666666	1	1	0	1	2	0.0	1.0	0.5	i-2vPqRXUJK7sLEawPeFYaLa	i-2vPqRXUJK7sLEawPeFYaLa; i-8QhUhC7tghVhGLiXuQy6st	i-2vPqRXUJK7sLEawPeFYaLa	i-8QhUhC7tghVhGLiXuQy6st		i-2vPqRXUJK7sLEawPeFYaLa; i-8QhUhC7tghVhGLiXuQy6st		False	3	1	0		0			https://github.com/swerik-project/riksdagen-motions/blob/main/data/1911/mot-1911--ak--00088.xml
134	1911	data/1911/mot-1911--ak--00368.xml	True	1.0	1.0	1.0	1	0	0	1	1	0.0	1.0	0.0	i-Qe8ESiYibuKbQKH53aWPcQ	i-Qe8ESiYibuKbQKH53aWPcQ	i-Qe8ESiYibuKbQKH53aWPcQ			i-Qe8ESiYibuKbQKH53aWPcQ		False	1	0	0		0			https://github.com/swerik-project/riksdagen-motions/blob/main/data/1911/mot-1911--ak--00368.xml
135	1911	data/1911/mot-1911--fk--00098.xml	False	0.0	0.0	0.0	0	0	1	1	0	1.0	0.0	0.0	i-XLVGDGtQ7NCyXWncMFEL2t				i-XLVGDGtQ7NCyXWncMFEL2t			True	1	1	0		0			https://github.com/swerik-project/riksdagen-motions/blob/main/data/1911/mot-1911--fk--00098.xml
136	1912	data/1912/mot-1912--ak--00220.xml	True	1.0	1.0	1.0	1	0	0	1	1	0.0	1.0	0.0	i-XzSzFtnrtwQBSXHVwVhrCf	i-XzSzFtnrtwQBSXHVwVhrCf	i-XzSzFtnrtwQBSXHVwVhrCf			i-XzSzFtnrtwQBSXHVwVhrCf		False	1	0	0		0			https://github.com/swerik-project/riksdagen-motions/blob/main/data/1912/mot-1912--ak--00220.xml
137	1912	data/1912/mot-1912--fk--00010.xml	True	1.0	1.0	1.0	1	0	0	1	1	0.0	1.0	0.0	i-RtxZuFnamB5g98wKkcHcxb	i-RtxZuFnamB5g98wKkcHcxb	i-RtxZuFnamB5g98wKkcHcxb			i-RtxZuFnamB5g98wKkcHcxb		False	1	0	0		0			https://github.com/swerik-project/riksdagen-motions/blob/main/data/1912/mot-1912--fk--00010.xml
138	1912	data/1912/mot-1912--fk--00110.xml	False	1.0	0.5	0.6666666666666666	1	0	1	2	1	0.5	0.5	0.0	i-BedoVVUtGhYy2ZeyUHdGDk; i-XLVGDGtQ7NCyXWncMFEL2t	i-BedoVVUtGhYy2ZeyUHdGDk	i-BedoVVUtGhYy2ZeyUHdGDk		i-XLVGDGtQ7NCyXWncMFEL2t	i-BedoVVUtGhYy2ZeyUHdGDk		False	3	2	0		0			https://github.com/swerik-project/riksdagen-motions/blob/main/data/1912/mot-1912--fk--00110.xml
139	1913	data/1913/mot-1913--ak--00250.xml	True	1.0	1.0	1.0	1	0	0	1	1	0.0	1.0	0.0	i-XzSzFtnrtwQBSXHVwVhrCf	i-XzSzFtnrtwQBSXHVwVhrCf	i-XzSzFtnrtwQBSXHVwVhrCf			i-XzSzFtnrtwQBSXHVwVhrCf		False	1	0	0		0			https://github.com/swerik-project/riksdagen-motions/blob/main/data/1913/mot-1913--ak--00250.xml
140	1913	data/1913/mot-1913--ak--00321.xml	True	1.0	1.0	1.0	1	0	0	1	1	0.0	1.0	0.0	i-UpAEyZaZCWs3BDdn8hsXfo	i-UpAEyZaZCWs3BDdn8hsXfo	i-UpAEyZaZCWs3BDdn8hsXfo			i-UpAEyZaZCWs3BDdn8hsXfo		False	1	0	0		0			https://github.com/swerik-project/riksdagen-motions/blob/main/data/1913/mot-1913--ak--00321.xml
141	1913	data/1913/mot-1913--ak--00334.xml	False	0.75	0.75	0.75	3	1	1	4	4	0.25	0.75	0.25	i-F9ewtPwkU2RmcUUoQ6XRXa; i-JNeKaAfNo39ynSv8f8tbdu; i-KpeDiXpqmHppgJ6ygKRBep; i-Lh9kYcGDBLjeWYgViArsTT	i-F9ewtPwkU2RmcUUoQ6XRXa; i-KpeDiXpqmHppgJ6ygKRBep; i-Lh9kYcGDBLjeWYgViArsTT; i-SBCzBgSFjEvWwT8Uzo139W	i-F9ewtPwkU2RmcUUoQ6XRXa; i-KpeDiXpqmHppgJ6ygKRBep; i-Lh9kYcGDBLjeWYgViArsTT	i-SBCzBgSFjEvWwT8Uzo139W	i-JNeKaAfNo39ynSv8f8tbdu	i-F9ewtPwkU2RmcUUoQ6XRXa; i-KpeDiXpqmHppgJ6ygKRBep; i-Lh9kYcGDBLjeWYgViArsTT; i-SBCzBgSFjEvWwT8Uzo139W		False	5	1	0		0			https://github.com/swerik-project/riksdagen-motions/blob/main/data/1913/mot-1913--ak--00334.xml
142	1914	data/1914/mot-1914-a-ak--00066.xml	False	1.0	0.5454545454545454	0.7058823529411765	6	0	5	11	6	0.45454545454545453	0.5454545454545454	0.0	i-3eyX9xS4WQ3JLxhqJxXaHE; i-5Pgd1MBaZKxCK4kGqXRHkQ; i-7X1urHCX2551dpKM4vtZT2; i-D9e1qBZk5bQ47d1qTpxkFS; i-GcSuPZvJtsaci7tEAyk4PJ; i-HWxc5gWNq1Au8fJe24ABtF; i-T2ePUp7uVeKir5yx9GStFh; i-T2qfd2gPbbrGjdUfD6ENGo; i-WcFxEhfmvQmsKmKrYGvvSU; i-Y36Nf5Joan9UkWc6D3L22k; i-rTJYipszwy7NHLZruxVHz	i-5Pgd1MBaZKxCK4kGqXRHkQ; i-HWxc5gWNq1Au8fJe24ABtF; i-T2ePUp7uVeKir5yx9GStFh; i-T2qfd2gPbbrGjdUfD6ENGo; i-Y36Nf5Joan9UkWc6D3L22k; i-rTJYipszwy7NHLZruxVHz	i-5Pgd1MBaZKxCK4kGqXRHkQ; i-HWxc5gWNq1Au8fJe24ABtF; i-T2ePUp7uVeKir5yx9GStFh; i-T2qfd2gPbbrGjdUfD6ENGo; i-Y36Nf5Joan9UkWc6D3L22k; i-rTJYipszwy7NHLZruxVHz		i-3eyX9xS4WQ3JLxhqJxXaHE; i-7X1urHCX2551dpKM4vtZT2; i-D9e1qBZk5bQ47d1qTpxkFS; i-GcSuPZvJtsaci7tEAyk4PJ; i-WcFxEhfmvQmsKmKrYGvvSU	i-5Pgd1MBaZKxCK4kGqXRHkQ; i-HWxc5gWNq1Au8fJe24ABtF; i-T2ePUp7uVeKir5yx9GStFh; i-T2qfd2gPbbrGjdUfD6ENGo; i-Y36Nf5Joan9UkWc6D3L22k; i-rTJYipszwy7NHLZruxVHz		False	11	5	0		0			https://github.com/swerik-project/riksdagen-motions/blob/main/data/1914/mot-1914-a-ak--00066.xml
143	1914	data/1914/mot-1914-b-ak--00039.xml	True	1.0	1.0	1.0	1	0	0	1	1	0.0	1.0	0.0	i-HEp8a6QirbXWudq8pjbqYn	i-HEp8a6QirbXWudq8pjbqYn	i-HEp8a6QirbXWudq8pjbqYn			i-HEp8a6QirbXWudq8pjbqYn		False	1	0	0		0			https://github.com/swerik-project/riksdagen-motions/blob/main/data/1914/mot-1914-b-ak--00039.xml
144	1914	data/1914/mot-1914-b-ak--00269.xml	True	1.0	1.0	1.0	1	0	0	1	1	0.0	1.0	0.0	i-XzSzFtnrtwQBSXHVwVhrCf	i-XzSzFtnrtwQBSXHVwVhrCf	i-XzSzFtnrtwQBSXHVwVhrCf			i-XzSzFtnrtwQBSXHVwVhrCf		False	1	0	0		0			https://github.com/swerik-project/riksdagen-motions/blob/main/data/1914/mot-1914-b-ak--00269.xml
145	1915	data/1915/mot-1915--ak--00086.xml	True	1.0	1.0	1.0	1	0	0	1	1	0.0	1.0	0.0	i-UoT7tDJiDZGv2bnee2eeYm	i-UoT7tDJiDZGv2bnee2eeYm	i-UoT7tDJiDZGv2bnee2eeYm			i-UoT7tDJiDZGv2bnee2eeYm		False	1	0	0		0			https://github.com/swerik-project/riksdagen-motions/blob/main/data/1915/mot-1915--ak--00086.xml
146	1915	data/1915/mot-1915--ak--00245.xml	True	1.0	1.0	1.0	2	0	0	2	2	0.0	1.0	0.0	i-9iqLBgdAYEoR244dkazyYj; i-PoEnkqgRthqgybjNd47ZwU	i-9iqLBgdAYEoR244dkazyYj; i-PoEnkqgRthqgybjNd47ZwU	i-9iqLBgdAYEoR244dkazyYj; i-PoEnkqgRthqgybjNd47ZwU			i-9iqLBgdAYEoR244dkazyYj; i-PoEnkqgRthqgybjNd47ZwU		False	2	0	0		0			https://github.com/swerik-project/riksdagen-motions/blob/main/data/1915/mot-1915--ak--00245.xml
147	1915	data/1915/mot-1915--fk--00080.xml	True	1.0	1.0	1.0	1	0	0	1	1	0.0	1.0	0.0	i-B8NxNnu1t7iC4QAwR3ccxG	i-B8NxNnu1t7iC4QAwR3ccxG	i-B8NxNnu1t7iC4QAwR3ccxG			i-B8NxNnu1t7iC4QAwR3ccxG		False	1	0	0		0			https://github.com/swerik-project/riksdagen-motions/blob/main/data/1915/mot-1915--fk--00080.xml
148	1916	data/1916/mot-1916--ak--00013.xml	False	1.0	0.5	0.6666666666666666	1	0	1	2	1	0.5	0.5	0.0	i-DxLwWYaykm3cqWP9bLmY7Y; i-Rouy7d9ZiNkiBXQ6AyWuoA	i-Rouy7d9ZiNkiBXQ6AyWuoA	i-Rouy7d9ZiNkiBXQ6AyWuoA		i-DxLwWYaykm3cqWP9bLmY7Y	i-Rouy7d9ZiNkiBXQ6AyWuoA		False	2	1	0		0			https://github.com/swerik-project/riksdagen-motions/blob/main/data/1916/mot-1916--ak--00013.xml
149	1916	data/1916/mot-1916--ak--00071.xml	True	1.0	1.0	1.0	1	0	0	1	1	0.0	1.0	0.0	i-4LP6HUMuDi6jwv5MgHWALJ	i-4LP6HUMuDi6jwv5MgHWALJ	i-4LP6HUMuDi6jwv5MgHWALJ			i-4LP6HUMuDi6jwv5MgHWALJ		False	1	0	0		0			https://github.com/swerik-project/riksdagen-motions/blob/main/data/1916/mot-1916--ak--00071.xml
150	1916	data/1916/mot-1916--ak--00270.xml	True	1.0	1.0	1.0	1	0	0	1	1	0.0	1.0	0.0	i-LAeBbuwZ1Sak1HWNkZ6dVr	i-LAeBbuwZ1Sak1HWNkZ6dVr	i-LAeBbuwZ1Sak1HWNkZ6dVr			i-LAeBbuwZ1Sak1HWNkZ6dVr		False	1	0	0		0			https://github.com/swerik-project/riksdagen-motions/blob/main/data/1916/mot-1916--ak--00270.xml
151	1917	data/1917/mot-1917--ak--00142.xml	False	0.0	0.0	0.0	0	0	1	1	0	1.0	0.0	0.0	i-3ESxygPf8xSDBdUjnTaZ9K				i-3ESxygPf8xSDBdUjnTaZ9K			True	1	1	0		0			https://github.com/swerik-project/riksdagen-motions/blob/main/data/1917/mot-1917--ak--00142.xml
152	1917	data/1917/mot-1917--ak--00404.xml	False	1.0	0.04918032786885246	0.09375	3	0	58	61	3	0.9508196721311475	0.04918032786885246	0.0	i-2M1688NA1hxdZmbJwUTnhY; i-2gBVxM8igvS4RQ1T5GE8Qp; i-33NyqMNjzDHeZyWFbFruFj; i-3DLEKns8xgJB66t2ZrR5T6; i-3ESxygPf8xSDBdUjnTaZ9K; i-3R7qLxY2CURc4oEqo2xMKC; i-3RnD8T9ms8CZMMrYjFAoRU; i-3XFieHvCxpEc9aqT4qbsAD; i-3eyX9xS4WQ3JLxhqJxXaHE; i-3pe1JKqvmq7PaBnw7PEhXT; i-4LP6HUMuDi6jwv5MgHWALJ; i-4QcyAodakKRLpdzzJ62KBg; i-4n1jVeXSASHcu8otmsgFaZ; i-51Z8nc68zSRytuD4EvZmvK; i-5FVdMDpYqfd1DagjigQmtP; i-5VLeRuY2ZxCANAfXVjtfFZ; i-6cxJS4uq1DWpkPMe1L6f36; i-6jHY7AkggFseY8T6gjqU21; i-6sN96xLz1oU7eeLsHhdGvq; i-7T7anLoEaCUNaqBzA2gJY6; i-7obXNCmoo5c3sVuUBAurF8; i-9cYsFuLsrAUioQXvcyUNgJ; i-Au5MnYkbRDPQPetSRettaC; i-C1dumaUjqTgW3QkeLTYGVm; i-DG6BXgx8UjAtTaWFXph2np; i-DHjzH9jnTayyfbJeUy4jsg; i-DVBTR4FnJMy9pff8g7tptN; i-DZFQeFBsFcs9N6uxCPxEWg; i-EEgp39w6M66SH9dRdqEEBo; i-EGzvssMCtUmig8cQyyyXqu; i-FDVfwmP4JrDHZEsdcS6SN; i-FMmERwnYXRjNZmhsggDb2Y; i-GjPDKQNUpvhz9Z34ZyCJCt; i-H2YZQmoQ41fcenx4fVKTwc; i-HDHXUmj1pQK4Aot3piEBBF; i-HxFVoLNmcLN3NF2EPWuWS2; i-K2CCfv9yeMy3FtZnJC2wDV; i-K9K6z4qua1txgL1jVaSy3a; i-Lh9kYcGDBLjeWYgViArsTT; i-MayVboVGayNDk8VkKpWKZY; i-N7sVTEwk6zFPbv53NfRyWt; i-NZRf7Xd1VhfbXox6hjDxr3; i-P3dC4LeKcDypuSdFykN44g; i-Pbij6TKUQNgsAiAxKYBqQ9; i-PiZWNcMn9w8S8gkcHTk71v; i-PxdF4uP1ZyUrjC1bJMn4iY; i-QxtcAkdsi14cChCzDiXJXh; i-SWJsb6nFW5PbETUc9Y6Hur; i-SZzXscFnNwKdCaVKm1W5au; i-TinjVHybdUQSFE1ugBX4dP; i-TjuPSYKkx95qCszBSy7x54; i-Uze1pHGQvFL91JzrhcG7dj; i-VENfM3q4bHioaeyrNfV9F4; i-VERe5A9b1TFJrDcWXgFBCj; i-ViqdoaJZjEkNmETR2XoKpB; i-VjJjJLsLvPRb56Nkzz4Ghv; i-VtEQ8SVLoatCxVAtXfHKdk; i-WEQD8hgUpQwg9GBpzPS913; i-WsSYRNyvrHGqpbtNPRGG1m; i-Y36Nf5Joan9UkWc6D3L22k; i-YHQFSryrbRei4Y3mNMkiWx	i-5VLeRuY2ZxCANAfXVjtfFZ; i-FMmERwnYXRjNZmhsggDb2Y; i-N7sVTEwk6zFPbv53NfRyWt	i-5VLeRuY2ZxCANAfXVjtfFZ; i-FMmERwnYXRjNZmhsggDb2Y; i-N7sVTEwk6zFPbv53NfRyWt		i-2M1688NA1hxdZmbJwUTnhY; i-2gBVxM8igvS4RQ1T5GE8Qp; i-33NyqMNjzDHeZyWFbFruFj; i-3DLEKns8xgJB66t2ZrR5T6; i-3ESxygPf8xSDBdUjnTaZ9K; i-3R7qLxY2CURc4oEqo2xMKC; i-3RnD8T9ms8CZMMrYjFAoRU; i-3XFieHvCxpEc9aqT4qbsAD; i-3eyX9xS4WQ3JLxhqJxXaHE; i-3pe1JKqvmq7PaBnw7PEhXT; i-4LP6HUMuDi6jwv5MgHWALJ; i-4QcyAodakKRLpdzzJ62KBg; i-4n1jVeXSASHcu8otmsgFaZ; i-51Z8nc68zSRytuD4EvZmvK; i-5FVdMDpYqfd1DagjigQmtP; i-6cxJS4uq1DWpkPMe1L6f36; i-6jHY7AkggFseY8T6gjqU21; i-6sN96xLz1oU7eeLsHhdGvq; i-7T7anLoEaCUNaqBzA2gJY6; i-7obXNCmoo5c3sVuUBAurF8; i-9cYsFuLsrAUioQXvcyUNgJ; i-Au5MnYkbRDPQPetSRettaC; i-C1dumaUjqTgW3QkeLTYGVm; i-DG6BXgx8UjAtTaWFXph2np; i-DHjzH9jnTayyfbJeUy4jsg; i-DVBTR4FnJMy9pff8g7tptN; i-DZFQeFBsFcs9N6uxCPxEWg; i-EEgp39w6M66SH9dRdqEEBo; i-EGzvssMCtUmig8cQyyyXqu; i-FDVfwmP4JrDHZEsdcS6SN; i-GjPDKQNUpvhz9Z34ZyCJCt; i-H2YZQmoQ41fcenx4fVKTwc; i-HDHXUmj1pQK4Aot3piEBBF; i-HxFVoLNmcLN3NF2EPWuWS2; i-K2CCfv9yeMy3FtZnJC2wDV; i-K9K6z4qua1txgL1jVaSy3a; i-Lh9kYcGDBLjeWYgViArsTT; i-MayVboVGayNDk8VkKpWKZY; i-NZRf7Xd1VhfbXox6hjDxr3; i-P3dC4LeKcDypuSdFykN44g; i-Pbij6TKUQNgsAiAxKYBqQ9; i-PiZWNcMn9w8S8gkcHTk71v; i-PxdF4uP1ZyUrjC1bJMn4iY; i-QxtcAkdsi14cChCzDiXJXh; i-SWJsb6nFW5PbETUc9Y6Hur; i-SZzXscFnNwKdCaVKm1W5au; i-TinjVHybdUQSFE1ugBX4dP; i-TjuPSYKkx95qCszBSy7x54; i-Uze1pHGQvFL91JzrhcG7dj; i-VENfM3q4bHioaeyrNfV9F4; i-VERe5A9b1TFJrDcWXgFBCj; i-ViqdoaJZjEkNmETR2XoKpB; i-VjJjJLsLvPRb56Nkzz4Ghv; i-VtEQ8SVLoatCxVAtXfHKdk; i-WEQD8hgUpQwg9GBpzPS913; i-WsSYRNyvrHGqpbtNPRGG1m; i-Y36Nf5Joan9UkWc6D3L22k; i-YHQFSryrbRei4Y3mNMkiWx	i-5VLeRuY2ZxCANAfXVjtfFZ; i-FMmERwnYXRjNZmhsggDb2Y; i-N7sVTEwk6zFPbv53NfRyWt		False	12	9	0		0			https://github.com/swerik-project/riksdagen-motions/blob/main/data/1917/mot-1917--ak--00404.xml
153	1917	data/1917/mot-1917--fk--00018.xml	True	1.0	1.0	1.0	1	0	0	1	1	0.0	1.0	0.0	i-Xk2ZY1AVkT44C7mHKMPyhE	i-Xk2ZY1AVkT44C7mHKMPyhE	i-Xk2ZY1AVkT44C7mHKMPyhE			i-Xk2ZY1AVkT44C7mHKMPyhE		False	1	0	0		0			https://github.com/swerik-project/riksdagen-motions/blob/main/data/1917/mot-1917--fk--00018.xml
154	1918	data/1918/mot-1918--ak--00022.xml	False	1.0	0.25	0.4	9	0	27	36	9	0.75	0.25	0.0	i-3139LqaoEDPArxpLRyxXT8; i-33NyqMNjzDHeZyWFbFruFj; i-3DLEKns8xgJB66t2ZrR5T6; i-4n1jVeXSASHcu8otmsgFaZ; i-5FVdMDpYqfd1DagjigQmtP; i-5VLeRuY2ZxCANAfXVjtfFZ; i-68jMa5pY6MfnhKzmEFaxtd; i-6sN96xLz1oU7eeLsHhdGvq; i-7T7anLoEaCUNaqBzA2gJY6; i-9vaPeJXzHNY4GewzmyfoX1; i-AuDFSNHXg72pSatxXN4KsX; i-DAH7HE7hyooQ6Npv1s89cz; i-EEgp39w6M66SH9dRdqEEBo; i-EfAM5G3DJEfvAmPswNVe8G; i-FDVfwmP4JrDHZEsdcS6SN; i-FMmERwnYXRjNZmhsggDb2Y; i-Fwtr41iSkotzGb54DXogUy; i-GUQT4NRF9jHSr6mxy1pdd1; i-HRHmpWFqQQ3m7SzQAG7rH2; i-JC4yT43VjuXRRqfGmkRoTB; i-JdC8fmaurdMQcePeV6vVug; i-MJL89J5NnS7c2Vx7JY9Uga; i-MayVboVGayNDk8VkKpWKZY; i-PkDNy9bEbEnW9xaNKSjppw; i-RZvCDDC9zwyuV3rH48onze; i-TYpddiX12HJSyT4ZVp2VpB; i-TinjVHybdUQSFE1ugBX4dP; i-VtEQ8SVLoatCxVAtXfHKdk; i-WEQD8hgUpQwg9GBpzPS913; i-WzXyAHxnTgrbooSGfnLneN; i-X9CKrvcskCx1d456DMZZSv; i-XFEhRzCFQQDP2ss1U1FZYV; i-XQDnBCoJiibzSPLTXopxxL; i-XnS7fqeXfiQQG94B2iCtBm; i-Xnfdsoak1nYgytrHECpTyA; i-XsqTLM8XkrWMMmESz97Mak	i-3DLEKns8xgJB66t2ZrR5T6; i-5VLeRuY2ZxCANAfXVjtfFZ; i-DAH7HE7hyooQ6Npv1s89cz; i-HRHmpWFqQQ3m7SzQAG7rH2; i-JC4yT43VjuXRRqfGmkRoTB; i-MayVboVGayNDk8VkKpWKZY; i-PkDNy9bEbEnW9xaNKSjppw; i-VtEQ8SVLoatCxVAtXfHKdk; i-Xnfdsoak1nYgytrHECpTyA	i-3DLEKns8xgJB66t2ZrR5T6; i-5VLeRuY2ZxCANAfXVjtfFZ; i-DAH7HE7hyooQ6Npv1s89cz; i-HRHmpWFqQQ3m7SzQAG7rH2; i-JC4yT43VjuXRRqfGmkRoTB; i-MayVboVGayNDk8VkKpWKZY; i-PkDNy9bEbEnW9xaNKSjppw; i-VtEQ8SVLoatCxVAtXfHKdk; i-Xnfdsoak1nYgytrHECpTyA		i-3139LqaoEDPArxpLRyxXT8; i-33NyqMNjzDHeZyWFbFruFj; i-4n1jVeXSASHcu8otmsgFaZ; i-5FVdMDpYqfd1DagjigQmtP; i-68jMa5pY6MfnhKzmEFaxtd; i-6sN96xLz1oU7eeLsHhdGvq; i-7T7anLoEaCUNaqBzA2gJY6; i-9vaPeJXzHNY4GewzmyfoX1; i-AuDFSNHXg72pSatxXN4KsX; i-EEgp39w6M66SH9dRdqEEBo; i-EfAM5G3DJEfvAmPswNVe8G; i-FDVfwmP4JrDHZEsdcS6SN; i-FMmERwnYXRjNZmhsggDb2Y; i-Fwtr41iSkotzGb54DXogUy; i-GUQT4NRF9jHSr6mxy1pdd1; i-JdC8fmaurdMQcePeV6vVug; i-MJL89J5NnS7c2Vx7JY9Uga; i-RZvCDDC9zwyuV3rH48onze; i-TYpddiX12HJSyT4ZVp2VpB; i-TinjVHybdUQSFE1ugBX4dP; i-WEQD8hgUpQwg9GBpzPS913; i-WzXyAHxnTgrbooSGfnLneN; i-X9CKrvcskCx1d456DMZZSv; i-XFEhRzCFQQDP2ss1U1FZYV; i-XQDnBCoJiibzSPLTXopxxL; i-XnS7fqeXfiQQG94B2iCtBm; i-XsqTLM8XkrWMMmESz97Mak	i-3DLEKns8xgJB66t2ZrR5T6; i-5VLeRuY2ZxCANAfXVjtfFZ; i-DAH7HE7hyooQ6Npv1s89cz; i-HRHmpWFqQQ3m7SzQAG7rH2; i-JC4yT43VjuXRRqfGmkRoTB; i-MayVboVGayNDk8VkKpWKZY; i-PkDNy9bEbEnW9xaNKSjppw; i-VtEQ8SVLoatCxVAtXfHKdk; i-Xnfdsoak1nYgytrHECpTyA		False	12	3	0		0			https://github.com/swerik-project/riksdagen-motions/blob/main/data/1918/mot-1918--ak--00022.xml
155	1918	data/1918/mot-1918--ak--00281.xml	True	1.0	1.0	1.0	1	0	0	1	1	0.0	1.0	0.0	i-8e97Z8CH9cGtDJXCnfJMMg	i-8e97Z8CH9cGtDJXCnfJMMg	i-8e97Z8CH9cGtDJXCnfJMMg			i-8e97Z8CH9cGtDJXCnfJMMg		False	1	0	0		0			https://github.com/swerik-project/riksdagen-motions/blob/main/data/1918/mot-1918--ak--00281.xml
156	1918	data/1918/mot-1918--fk--00084.xml	False	0.0	0.0	0.0	0	0	1	1	0	1.0	0.0	0.0	i-7aqaEvVNyi28WZuCcDCgcz				i-7aqaEvVNyi28WZuCcDCgcz			True	1	1	0		0			https://github.com/swerik-project/riksdagen-motions/blob/main/data/1918/mot-1918--fk--00084.xml
157	1919	data/1919/mot-1919--ak--00024.xml	False	1.0	0.6666666666666666	0.8	2	0	1	3	2	0.3333333333333333	0.6666666666666666	0.0	i-2TbJKggFihcEZWLdGpj6Qa; i-C1dumaUjqTgW3QkeLTYGVm; i-PXVtfQzPwWBTqU2ztfXAEr	i-2TbJKggFihcEZWLdGpj6Qa; i-PXVtfQzPwWBTqU2ztfXAEr	i-2TbJKggFihcEZWLdGpj6Qa; i-PXVtfQzPwWBTqU2ztfXAEr		i-C1dumaUjqTgW3QkeLTYGVm	i-2TbJKggFihcEZWLdGpj6Qa; i-PXVtfQzPwWBTqU2ztfXAEr		False	3	1	0		0			https://github.com/swerik-project/riksdagen-motions/blob/main/data/1919/mot-1919--ak--00024.xml
158	1919	data/1919/mot-1919--ak--00129.xml	True	1.0	1.0	1.0	1	0	0	1	1	0.0	1.0	0.0	i-JC4yT43VjuXRRqfGmkRoTB	i-JC4yT43VjuXRRqfGmkRoTB	i-JC4yT43VjuXRRqfGmkRoTB			i-JC4yT43VjuXRRqfGmkRoTB		False	1	0	0		0			https://github.com/swerik-project/riksdagen-motions/blob/main/data/1919/mot-1919--ak--00129.xml
159	1919	data/1919/mot-1919--ak--00348.xml	True	1.0	1.0	1.0	1	0	0	1	1	0.0	1.0	0.0	i-RC4riwk1gZvGGkUqkfM15y	i-RC4riwk1gZvGGkUqkfM15y	i-RC4riwk1gZvGGkUqkfM15y			i-RC4riwk1gZvGGkUqkfM15y		False	1	0	0		0			https://github.com/swerik-project/riksdagen-motions/blob/main/data/1919/mot-1919--ak--00348.xml
160	1920	data/1920/mot-1920--ak--00039.xml	True	1.0	1.0	1.0	1	0	0	1	1	0.0	1.0	0.0	i-XQDnBCoJiibzSPLTXopxxL	i-XQDnBCoJiibzSPLTXopxxL	i-XQDnBCoJiibzSPLTXopxxL			i-XQDnBCoJiibzSPLTXopxxL		False	1	0	0		0			https://github.com/swerik-project/riksdagen-motions/blob/main/data/1920/mot-1920--ak--00039.xml
161	1920	data/1920/mot-1920--ak--00071.xml	False	1.0	0.5	0.6666666666666666	1	0	1	2	1	0.5	0.5	0.0	i-MzxPq6KWGSAnEqQ2YUDct8; i-RqR2A6377nKn1urUCF35Tf	i-MzxPq6KWGSAnEqQ2YUDct8	i-MzxPq6KWGSAnEqQ2YUDct8		i-RqR2A6377nKn1urUCF35Tf	i-MzxPq6KWGSAnEqQ2YUDct8		False	3	2	0		0			https://github.com/swerik-project/riksdagen-motions/blob/main/data/1920/mot-1920--ak--00071.xml
162	1920	data/1920/mot-1920--ak--00276.xml	True	1.0	1.0	1.0	2	0	0	2	2	0.0	1.0	0.0	i-2Jx7WEDYHWuMCtxq8yapD7; i-JC4yT43VjuXRRqfGmkRoTB	i-2Jx7WEDYHWuMCtxq8yapD7; i-JC4yT43VjuXRRqfGmkRoTB	i-2Jx7WEDYHWuMCtxq8yapD7; i-JC4yT43VjuXRRqfGmkRoTB			i-2Jx7WEDYHWuMCtxq8yapD7; i-JC4yT43VjuXRRqfGmkRoTB		False	2	0	0		0			https://github.com/swerik-project/riksdagen-motions/blob/main/data/1920/mot-1920--ak--00276.xml
163	1921	data/1921/mot-1921--ak--00040.xml	False	0.0	0.0	0.0	0	0	1	1	0	1.0	0.0	0.0	i-YHQFSryrbRei4Y3mNMkiWx				i-YHQFSryrbRei4Y3mNMkiWx			True	1	1	0		0			https://github.com/swerik-project/riksdagen-motions/blob/main/data/1921/mot-1921--ak--00040.xml
164	1921	data/1921/mot-1921--ak--00138.xml	True	1.0	1.0	1.0	1	0	0	1	1	0.0	1.0	0.0	i-DKcSarjroHy1Bts6XBWjvv	i-DKcSarjroHy1Bts6XBWjvv	i-DKcSarjroHy1Bts6XBWjvv			i-DKcSarjroHy1Bts6XBWjvv		False	1	0	0		0			https://github.com/swerik-project/riksdagen-motions/blob/main/data/1921/mot-1921--ak--00138.xml
165	1921	data/1921/mot-1921--fk--00157.xml	True	1.0	1.0	1.0	1	0	0	1	1	0.0	1.0	0.0	i-XzSzFtnrtwQBSXHVwVhrCf	i-XzSzFtnrtwQBSXHVwVhrCf	i-XzSzFtnrtwQBSXHVwVhrCf			i-XzSzFtnrtwQBSXHVwVhrCf		False	1	0	0		0			https://github.com/swerik-project/riksdagen-motions/blob/main/data/1921/mot-1921--fk--00157.xml
166	1922	data/1922/mot-1922--ak--00061.xml	True	1.0	1.0	1.0	1	0	0	1	1	0.0	1.0	0.0	i-FCMnpjWTxQ3MKDCVHqbnHZ	i-FCMnpjWTxQ3MKDCVHqbnHZ	i-FCMnpjWTxQ3MKDCVHqbnHZ			i-FCMnpjWTxQ3MKDCVHqbnHZ		False	1	0	0		0			https://github.com/swerik-project/riksdagen-motions/blob/main/data/1922/mot-1922--ak--00061.xml
167	1922	data/1922/mot-1922--ak--00137.xml	True	1.0	1.0	1.0	1	0	0	1	1	0.0	1.0	0.0	i-9wGNq3SSwPyfuXoCASDnJr	i-9wGNq3SSwPyfuXoCASDnJr	i-9wGNq3SSwPyfuXoCASDnJr			i-9wGNq3SSwPyfuXoCASDnJr		False	1	0	0		0			https://github.com/swerik-project/riksdagen-motions/blob/main/data/1922/mot-1922--ak--00137.xml
168	1922	data/1922/mot-1922--fk--00114.xml	True	1.0	1.0	1.0	1	0	0	1	1	0.0	1.0	0.0	i-G1xzyAPjWuB2rB8kWLGUve	i-G1xzyAPjWuB2rB8kWLGUve	i-G1xzyAPjWuB2rB8kWLGUve			i-G1xzyAPjWuB2rB8kWLGUve		False	1	0	0		0			https://github.com/swerik-project/riksdagen-motions/blob/main/data/1922/mot-1922--fk--00114.xml
169	1923	data/1923/mot-1923--ak--00205.xml	True	1.0	1.0	1.0	1	0	0	1	1	0.0	1.0	0.0	i-YLYgwWkay3eTxx2S1Y9nQY	i-YLYgwWkay3eTxx2S1Y9nQY	i-YLYgwWkay3eTxx2S1Y9nQY			i-YLYgwWkay3eTxx2S1Y9nQY		False	1	0	0		0			https://github.com/swerik-project/riksdagen-motions/blob/main/data/1923/mot-1923--ak--00205.xml
170	1923	data/1923/mot-1923--fk--00027.xml	True	1.0	1.0	1.0	1	0	0	1	1	0.0	1.0	0.0	i-QEr7rAqv2FNkn4mL3eSmVp	i-QEr7rAqv2FNkn4mL3eSmVp	i-QEr7rAqv2FNkn4mL3eSmVp			i-QEr7rAqv2FNkn4mL3eSmVp		False	1	0	0		0			https://github.com/swerik-project/riksdagen-motions/blob/main/data/1923/mot-1923--fk--00027.xml
171	1923	data/1923/mot-1923--fk--00134.xml	False	1.0	0.5	0.6666666666666666	1	0	1	2	1	0.5	0.5	0.0	i-DVBTR4FnJMy9pff8g7tptN; i-Si8rApVLkHjESceLe7GG8E	i-Si8rApVLkHjESceLe7GG8E	i-Si8rApVLkHjESceLe7GG8E		i-DVBTR4FnJMy9pff8g7tptN	i-Si8rApVLkHjESceLe7GG8E		False	2	1	0		0			https://github.com/swerik-project/riksdagen-motions/blob/main/data/1923/mot-1923--fk--00134.xml
172	1924	data/1924/mot-1924--ak--00218.xml	True	1.0	1.0	1.0	1	0	0	1	1	0.0	1.0	0.0	i-JZUvpfuB1hbA3gVKmHkpAM	i-JZUvpfuB1hbA3gVKmHkpAM	i-JZUvpfuB1hbA3gVKmHkpAM			i-JZUvpfuB1hbA3gVKmHkpAM		False	1	0	0		0			https://github.com/swerik-project/riksdagen-motions/blob/main/data/1924/mot-1924--ak--00218.xml
173	1924	data/1924/mot-1924--ak--00357.xml	False	1.0	0.25	0.4	3	0	9	12	3	0.75	0.25	0.0	i-2Jx7WEDYHWuMCtxq8yapD7; i-3139LqaoEDPArxpLRyxXT8; i-4e7XieU4tkMVuMm7L6tFXX; i-5ocMrCNXM69xuk4ciQWBnF; i-FCMnpjWTxQ3MKDCVHqbnHZ; i-HNYe8aujVCZTrocrTDPodK; i-HiSGGff3XbikXDhwU1utTf; i-MHwzHx2BRZmuZPpg2gHYPQ; i-MzxPq6KWGSAnEqQ2YUDct8; i-P3dC4LeKcDypuSdFykN44g; i-UB6tzZLvjH1LGZxk45Pj6K; i-UKeq6sadnYjRiFDYtsxLLW	i-3139LqaoEDPArxpLRyxXT8; i-UB6tzZLvjH1LGZxk45Pj6K; i-UKeq6sadnYjRiFDYtsxLLW	i-3139LqaoEDPArxpLRyxXT8; i-UB6tzZLvjH1LGZxk45Pj6K; i-UKeq6sadnYjRiFDYtsxLLW		i-2Jx7WEDYHWuMCtxq8yapD7; i-4e7XieU4tkMVuMm7L6tFXX; i-5ocMrCNXM69xuk4ciQWBnF; i-FCMnpjWTxQ3MKDCVHqbnHZ; i-HNYe8aujVCZTrocrTDPodK; i-HiSGGff3XbikXDhwU1utTf; i-MHwzHx2BRZmuZPpg2gHYPQ; i-MzxPq6KWGSAnEqQ2YUDct8; i-P3dC4LeKcDypuSdFykN44g	i-3139LqaoEDPArxpLRyxXT8; i-UB6tzZLvjH1LGZxk45Pj6K; i-UKeq6sadnYjRiFDYtsxLLW		False	7	4	0		0			https://github.com/swerik-project/riksdagen-motions/blob/main/data/1924/mot-1924--ak--00357.xml
174	1924	data/1924/mot-1924--fk--00268.xml	True	1.0	1.0	1.0	1	0	0	1	1	0.0	1.0	0.0	i-25WANiY9YMaqEdj4ufyeqi	i-25WANiY9YMaqEdj4ufyeqi	i-25WANiY9YMaqEdj4ufyeqi			i-25WANiY9YMaqEdj4ufyeqi		False	1	0	0		0			https://github.com/swerik-project/riksdagen-motions/blob/main/data/1924/mot-1924--fk--00268.xml
175	1925	data/1925/mot-1925--ak--00146.xml	False	1.0	0.8571428571428571	0.9230769230769231	6	0	1	7	6	0.14285714285714285	0.8571428571428571	0.0	i-2idvkVsaizPjHffjy7Fqpg; i-3139LqaoEDPArxpLRyxXT8; i-5xbpwZHjLMEGP3pEF37iPy; i-8Sfdzfh16tWKAL6C7NCcA5; i-RZvCDDC9zwyuV3rH48onze; i-XQDnBCoJiibzSPLTXopxxL; i-cZaAazYai1ZNWZmjcAmax	i-2idvkVsaizPjHffjy7Fqpg; i-3139LqaoEDPArxpLRyxXT8; i-5xbpwZHjLMEGP3pEF37iPy; i-8Sfdzfh16tWKAL6C7NCcA5; i-RZvCDDC9zwyuV3rH48onze; i-cZaAazYai1ZNWZmjcAmax	i-2idvkVsaizPjHffjy7Fqpg; i-3139LqaoEDPArxpLRyxXT8; i-5xbpwZHjLMEGP3pEF37iPy; i-8Sfdzfh16tWKAL6C7NCcA5; i-RZvCDDC9zwyuV3rH48onze; i-cZaAazYai1ZNWZmjcAmax		i-XQDnBCoJiibzSPLTXopxxL	i-2idvkVsaizPjHffjy7Fqpg; i-3139LqaoEDPArxpLRyxXT8; i-5xbpwZHjLMEGP3pEF37iPy; i-8Sfdzfh16tWKAL6C7NCcA5; i-RZvCDDC9zwyuV3rH48onze; i-cZaAazYai1ZNWZmjcAmax		False	7	1	0		0			https://github.com/swerik-project/riksdagen-motions/blob/main/data/1925/mot-1925--ak--00146.xml
176	1925	data/1925/mot-1925--ak--00174.xml	False	0.0	0.0	0.0	0	0	20	20	0	1.0	0.0	0.0	i-2tbdBcby74PFaeUyCBPwWD; i-3DLEKns8xgJB66t2ZrR5T6; i-3pPDWXfF3wxyAxqygpDKiJ; i-6kUUa46exahjtEtVcbrJBo; i-7h8oALVXjuheXj6Zv4VA5g; i-B5Mnjpt8rqBfGh6JQ4dcyz; i-FCMnpjWTxQ3MKDCVHqbnHZ; i-FM6MMcusGpk6ZPWpXeYthr; i-GXdR2EaK5rsF4FXRtSg17k; i-JC4yT43VjuXRRqfGmkRoTB; i-N5TSABLbZXAKm9PLjFxT53; i-Niq4WHb47qWzpgYWbjAE2Y; i-PViGBm6bvNM72xgLPe6DPy; i-QNtjoW5Vxzee49kvmSyDsT; i-RfZ8Cxmm4mGNUCys8QXb7s; i-RxtwEnxL6w2WnGDrBRqde2; i-VAMU813hn5oo8CeeRvxacA; i-ViqdoaJZjEkNmETR2XoKpB; i-XD5q9S6mMdHF4YeAdX1eSp; i-XYYWDqwaMDuNe4nzR1T3aQ				i-2tbdBcby74PFaeUyCBPwWD; i-3DLEKns8xgJB66t2ZrR5T6; i-3pPDWXfF3wxyAxqygpDKiJ; i-6kUUa46exahjtEtVcbrJBo; i-7h8oALVXjuheXj6Zv4VA5g; i-B5Mnjpt8rqBfGh6JQ4dcyz; i-FCMnpjWTxQ3MKDCVHqbnHZ; i-FM6MMcusGpk6ZPWpXeYthr; i-GXdR2EaK5rsF4FXRtSg17k; i-JC4yT43VjuXRRqfGmkRoTB; i-N5TSABLbZXAKm9PLjFxT53; i-Niq4WHb47qWzpgYWbjAE2Y; i-PViGBm6bvNM72xgLPe6DPy; i-QNtjoW5Vxzee49kvmSyDsT; i-RfZ8Cxmm4mGNUCys8QXb7s; i-RxtwEnxL6w2WnGDrBRqde2; i-VAMU813hn5oo8CeeRvxacA; i-ViqdoaJZjEkNmETR2XoKpB; i-XD5q9S6mMdHF4YeAdX1eSp; i-XYYWDqwaMDuNe4nzR1T3aQ			True	2	2	0		0			https://github.com/swerik-project/riksdagen-motions/blob/main/data/1925/mot-1925--ak--00174.xml
177	1925	data/1925/mot-1925--fk--00126.xml	False	1.0	0.6470588235294118	0.7857142857142857	11	0	6	17	11	0.35294117647058826	0.6470588235294118	0.0	i-25WANiY9YMaqEdj4ufyeqi; i-2XreRSaEpTa5DhpG61Xopj; i-2cnJx4mhacW8chNFTQpsG2; i-6Rg3HSzDo6rvNWnRifCRk6; i-AUmBd8T8oEP8tVpZMy3qz4; i-B9krH8HXZPSWGdDWnrPma5; i-CpgswtAFXDTAyYjTrFkW5J; i-Cu3kjdTBuGU9w2XTM1QAdW; i-EWszvfJHbPLCQKeFqNXv1s; i-H4iwFuXf6Rh11ruEkNpUDy; i-MsNFFSyPnWMiCgQjNLn72Y; i-PCzyK8veSHLeYJrKiYmXGZ; i-Pes4yEx5YPmLWhR5Z3pQZS; i-ULyugLSiyH9RV7AFPTo8oN; i-WwQFNFc4kYw5wzXB1NDk6o; i-XAKq4ST8iCMkLqQMzWjDpp; i-XCDrG8sm2g5BfsBE2XuVXB	i-25WANiY9YMaqEdj4ufyeqi; i-2cnJx4mhacW8chNFTQpsG2; i-6Rg3HSzDo6rvNWnRifCRk6; i-AUmBd8T8oEP8tVpZMy3qz4; i-B9krH8HXZPSWGdDWnrPma5; i-CpgswtAFXDTAyYjTrFkW5J; i-EWszvfJHbPLCQKeFqNXv1s; i-MsNFFSyPnWMiCgQjNLn72Y; i-Pes4yEx5YPmLWhR5Z3pQZS; i-WwQFNFc4kYw5wzXB1NDk6o; i-XAKq4ST8iCMkLqQMzWjDpp	i-25WANiY9YMaqEdj4ufyeqi; i-2cnJx4mhacW8chNFTQpsG2; i-6Rg3HSzDo6rvNWnRifCRk6; i-AUmBd8T8oEP8tVpZMy3qz4; i-B9krH8HXZPSWGdDWnrPma5; i-CpgswtAFXDTAyYjTrFkW5J; i-EWszvfJHbPLCQKeFqNXv1s; i-MsNFFSyPnWMiCgQjNLn72Y; i-Pes4yEx5YPmLWhR5Z3pQZS; i-WwQFNFc4kYw5wzXB1NDk6o; i-XAKq4ST8iCMkLqQMzWjDpp		i-2XreRSaEpTa5DhpG61Xopj; i-Cu3kjdTBuGU9w2XTM1QAdW; i-H4iwFuXf6Rh11ruEkNpUDy; i-PCzyK8veSHLeYJrKiYmXGZ; i-ULyugLSiyH9RV7AFPTo8oN; i-XCDrG8sm2g5BfsBE2XuVXB	i-25WANiY9YMaqEdj4ufyeqi; i-2cnJx4mhacW8chNFTQpsG2; i-6Rg3HSzDo6rvNWnRifCRk6; i-AUmBd8T8oEP8tVpZMy3qz4; i-B9krH8HXZPSWGdDWnrPma5; i-CpgswtAFXDTAyYjTrFkW5J; i-EWszvfJHbPLCQKeFqNXv1s; i-MsNFFSyPnWMiCgQjNLn72Y; i-Pes4yEx5YPmLWhR5Z3pQZS; i-WwQFNFc4kYw5wzXB1NDk6o; i-XAKq4ST8iCMkLqQMzWjDpp		False	18	7	0		0			https://github.com/swerik-project/riksdagen-motions/blob/main/data/1925/mot-1925--fk--00126.xml
178	1926	data/1926/mot-1926--ak--00010.xml	True	1.0	1.0	1.0	1	0	0	1	1	0.0	1.0	0.0	i-3XFieHvCxpEc9aqT4qbsAD	i-3XFieHvCxpEc9aqT4qbsAD	i-3XFieHvCxpEc9aqT4qbsAD			i-3XFieHvCxpEc9aqT4qbsAD		False	1	0	0		0			https://github.com/swerik-project/riksdagen-motions/blob/main/data/1926/mot-1926--ak--00010.xml
179	1926	data/1926/mot-1926--ak--00059.xml	False	1.0	0.8333333333333334	0.9090909090909091	5	0	1	6	5	0.16666666666666666	0.8333333333333334	0.0	i-8e97Z8CH9cGtDJXCnfJMMg; i-A2SKxkXq7pZ5UV2ssX3g5g; i-Rv5YgY2YsB2yQzev4MBRmS; i-SHtWSkMn1ftL5KCEMdPSaR; i-SfDZtdC5fgukcXJsiu8J9U; i-UPDaxumzyj6fDnRGwFj5nF	i-8e97Z8CH9cGtDJXCnfJMMg; i-A2SKxkXq7pZ5UV2ssX3g5g; i-Rv5YgY2YsB2yQzev4MBRmS; i-SHtWSkMn1ftL5KCEMdPSaR; i-SfDZtdC5fgukcXJsiu8J9U	i-8e97Z8CH9cGtDJXCnfJMMg; i-A2SKxkXq7pZ5UV2ssX3g5g; i-Rv5YgY2YsB2yQzev4MBRmS; i-SHtWSkMn1ftL5KCEMdPSaR; i-SfDZtdC5fgukcXJsiu8J9U		i-UPDaxumzyj6fDnRGwFj5nF	i-8e97Z8CH9cGtDJXCnfJMMg; i-A2SKxkXq7pZ5UV2ssX3g5g; i-Rv5YgY2YsB2yQzev4MBRmS; i-SHtWSkMn1ftL5KCEMdPSaR; i-SfDZtdC5fgukcXJsiu8J9U		False	7	2	0		0			https://github.com/swerik-project/riksdagen-motions/blob/main/data/1926/mot-1926--ak--00059.xml
180	1926	data/1926/mot-1926--fk--00229.xml	True	1.0	1.0	1.0	1	0	0	1	1	0.0	1.0	0.0	i-Up1YbZAD1m2spR51D47co6	i-Up1YbZAD1m2spR51D47co6	i-Up1YbZAD1m2spR51D47co6			i-Up1YbZAD1m2spR51D47co6		False	1	0	0		0			https://github.com/swerik-project/riksdagen-motions/blob/main/data/1926/mot-1926--fk--00229.xml
181	1927	data/1927/mot-1927--ak--00244.xml	True	1.0	1.0	1.0	1	0	0	1	1	0.0	1.0	0.0	i-HiVV5oHUvJvLx8V2dQFLFu	i-HiVV5oHUvJvLx8V2dQFLFu	i-HiVV5oHUvJvLx8V2dQFLFu			i-HiVV5oHUvJvLx8V2dQFLFu		False	1	0	0		0			https://github.com/swerik-project/riksdagen-motions/blob/main/data/1927/mot-1927--ak--00244.xml
182	1927	data/1927/mot-1927--ak--00331.xml	False	1.0	0.6	0.75	6	0	4	10	6	0.4	0.6	0.0	i-2tbdBcby74PFaeUyCBPwWD; i-3139LqaoEDPArxpLRyxXT8; i-6kUUa46exahjtEtVcbrJBo; i-7xGMmknMbuzFdtRe58BrWc; i-B5Mnjpt8rqBfGh6JQ4dcyz; i-GBSUdoSRv56vrATyT3J3Pv; i-LToMcVXu3j48yboSLK1sPQ; i-PViGBm6bvNM72xgLPe6DPy; i-VAMU813hn5oo8CeeRvxacA; i-ViqdoaJZjEkNmETR2XoKpB	i-2tbdBcby74PFaeUyCBPwWD; i-3139LqaoEDPArxpLRyxXT8; i-7xGMmknMbuzFdtRe58BrWc; i-B5Mnjpt8rqBfGh6JQ4dcyz; i-GBSUdoSRv56vrATyT3J3Pv; i-VAMU813hn5oo8CeeRvxacA	i-2tbdBcby74PFaeUyCBPwWD; i-3139LqaoEDPArxpLRyxXT8; i-7xGMmknMbuzFdtRe58BrWc; i-B5Mnjpt8rqBfGh6JQ4dcyz; i-GBSUdoSRv56vrATyT3J3Pv; i-VAMU813hn5oo8CeeRvxacA		i-6kUUa46exahjtEtVcbrJBo; i-LToMcVXu3j48yboSLK1sPQ; i-PViGBm6bvNM72xgLPe6DPy; i-ViqdoaJZjEkNmETR2XoKpB	i-2tbdBcby74PFaeUyCBPwWD; i-3139LqaoEDPArxpLRyxXT8; i-7xGMmknMbuzFdtRe58BrWc; i-B5Mnjpt8rqBfGh6JQ4dcyz; i-GBSUdoSRv56vrATyT3J3Pv; i-VAMU813hn5oo8CeeRvxacA		False	7	1	0		0			https://github.com/swerik-project/riksdagen-motions/blob/main/data/1927/mot-1927--ak--00331.xml
183	1927	data/1927/mot-1927--ak--00406.xml	False	1.0	0.6	0.75	3	0	2	5	3	0.4	0.6	0.0	i-5EHoQFHRYQbiPPy5422WPT; i-BKaeof17U4zVqCVaBSDwyd; i-K9n68dBnLCt3xWtXN75tzY; i-SXv5Tc5coUXhzaHBJfs33a; i-Xv6Qpv2AXpXRsohVu3AX1F	i-5EHoQFHRYQbiPPy5422WPT; i-BKaeof17U4zVqCVaBSDwyd; i-Xv6Qpv2AXpXRsohVu3AX1F	i-5EHoQFHRYQbiPPy5422WPT; i-BKaeof17U4zVqCVaBSDwyd; i-Xv6Qpv2AXpXRsohVu3AX1F		i-K9n68dBnLCt3xWtXN75tzY; i-SXv5Tc5coUXhzaHBJfs33a	i-5EHoQFHRYQbiPPy5422WPT; i-BKaeof17U4zVqCVaBSDwyd; i-Xv6Qpv2AXpXRsohVu3AX1F		False	4	1	0		0			https://github.com/swerik-project/riksdagen-motions/blob/main/data/1927/mot-1927--ak--00406.xml
184	1928	data/1928/mot-1928--ak--00163.xml	False	0.0	0.0	0.0	0	0	2	2	0	1.0	0.0	0.0	i-31Q457DWEnbThb8ttXTacq; i-5xbpwZHjLMEGP3pEF37iPy				i-31Q457DWEnbThb8ttXTacq; i-5xbpwZHjLMEGP3pEF37iPy			True	1	1	0		0			https://github.com/swerik-project/riksdagen-motions/blob/main/data/1928/mot-1928--ak--00163.xml
185	1928	data/1928/mot-1928--ak--00450.xml	True	1.0	1.0	1.0	1	0	0	1	1	0.0	1.0	0.0	i-S4jJECjfFmddUzRkooT6yP	i-S4jJECjfFmddUzRkooT6yP	i-S4jJECjfFmddUzRkooT6yP			i-S4jJECjfFmddUzRkooT6yP		False	1	0	0		0			https://github.com/swerik-project/riksdagen-motions/blob/main/data/1928/mot-1928--ak--00450.xml
186	1928	data/1928/mot-1928--fk--00284.xml	True	1.0	1.0	1.0	1	0	0	1	1	0.0	1.0	0.0	i-GaQh19d66D5oDPaFNq5DY1	i-GaQh19d66D5oDPaFNq5DY1	i-GaQh19d66D5oDPaFNq5DY1			i-GaQh19d66D5oDPaFNq5DY1		False	1	0	0		0			https://github.com/swerik-project/riksdagen-motions/blob/main/data/1928/mot-1928--fk--00284.xml
187	1929	data/1929/mot-1929--ak--00117.xml	False	1.0	0.5	0.6666666666666666	3	0	3	6	3	0.5	0.5	0.0	i-3139LqaoEDPArxpLRyxXT8; i-ATZej4sqnWosVieztaCqD4; i-HNYe8aujVCZTrocrTDPodK; i-HiVV5oHUvJvLx8V2dQFLFu; i-Niq4WHb47qWzpgYWbjAE2Y; i-PxJkAua7y2xMDdFhtkakAi	i-3139LqaoEDPArxpLRyxXT8; i-HNYe8aujVCZTrocrTDPodK; i-Niq4WHb47qWzpgYWbjAE2Y	i-3139LqaoEDPArxpLRyxXT8; i-HNYe8aujVCZTrocrTDPodK; i-Niq4WHb47qWzpgYWbjAE2Y		i-ATZej4sqnWosVieztaCqD4; i-HiVV5oHUvJvLx8V2dQFLFu; i-PxJkAua7y2xMDdFhtkakAi	i-3139LqaoEDPArxpLRyxXT8; i-HNYe8aujVCZTrocrTDPodK; i-Niq4WHb47qWzpgYWbjAE2Y		False	3	0	0		0			https://github.com/swerik-project/riksdagen-motions/blob/main/data/1929/mot-1929--ak--00117.xml
188	1929	data/1929/mot-1929--ak--00198.xml	False	1.0	0.8571428571428571	0.9230769230769231	6	0	1	7	6	0.14285714285714285	0.8571428571428571	0.0	i-6yP8mRdXMQY3seTQXufb5B; i-FXLEj98MEhXCxuiihroJSv; i-KBbXYtnknZx7i11LnE5ff8; i-LJLDuWgtRbmfUFfzKTJiuk; i-S4jJECjfFmddUzRkooT6yP; i-Tym6Aw1gBuoRJqfGXa3Wdy; i-cZaAazYai1ZNWZmjcAmax	i-6yP8mRdXMQY3seTQXufb5B; i-FXLEj98MEhXCxuiihroJSv; i-KBbXYtnknZx7i11LnE5ff8; i-S4jJECjfFmddUzRkooT6yP; i-Tym6Aw1gBuoRJqfGXa3Wdy; i-cZaAazYai1ZNWZmjcAmax	i-6yP8mRdXMQY3seTQXufb5B; i-FXLEj98MEhXCxuiihroJSv; i-KBbXYtnknZx7i11LnE5ff8; i-S4jJECjfFmddUzRkooT6yP; i-Tym6Aw1gBuoRJqfGXa3Wdy; i-cZaAazYai1ZNWZmjcAmax		i-LJLDuWgtRbmfUFfzKTJiuk	i-6yP8mRdXMQY3seTQXufb5B; i-FXLEj98MEhXCxuiihroJSv; i-KBbXYtnknZx7i11LnE5ff8; i-S4jJECjfFmddUzRkooT6yP; i-Tym6Aw1gBuoRJqfGXa3Wdy; i-cZaAazYai1ZNWZmjcAmax		False	7	1	0		0			https://github.com/swerik-project/riksdagen-motions/blob/main/data/1929/mot-1929--ak--00198.xml
189	1929	data/1929/mot-1929--fk--00193.xml	True	1.0	1.0	1.0	1	0	0	1	1	0.0	1.0	0.0	i-XzSzFtnrtwQBSXHVwVhrCf	i-XzSzFtnrtwQBSXHVwVhrCf	i-XzSzFtnrtwQBSXHVwVhrCf			i-XzSzFtnrtwQBSXHVwVhrCf		False	1	0	0		0			https://github.com/swerik-project/riksdagen-motions/blob/main/data/1929/mot-1929--fk--00193.xml
190	1930	data/1930/mot-1930--ak--00001.xml	True	1.0	1.0	1.0	1	0	0	1	1	0.0	1.0	0.0	i-3XFieHvCxpEc9aqT4qbsAD	i-3XFieHvCxpEc9aqT4qbsAD	i-3XFieHvCxpEc9aqT4qbsAD			i-3XFieHvCxpEc9aqT4qbsAD		False	1	0	0		0			https://github.com/swerik-project/riksdagen-motions/blob/main/data/1930/mot-1930--ak--00001.xml
191	1930	data/1930/mot-1930--ak--00211.xml	True	1.0	1.0	1.0	1	0	0	1	1	0.0	1.0	0.0	i-4B6aJinJu5TMisrcdsM8Um	i-4B6aJinJu5TMisrcdsM8Um	i-4B6aJinJu5TMisrcdsM8Um			i-4B6aJinJu5TMisrcdsM8Um		False	1	0	0		0			https://github.com/swerik-project/riksdagen-motions/blob/main/data/1930/mot-1930--ak--00211.xml
192	1930	data/1930/mot-1930--fk--00052.xml	True	1.0	1.0	1.0	2	0	0	2	2	0.0	1.0	0.0	i-MsNFFSyPnWMiCgQjNLn72Y; i-Rv1gU8qJesyWWD7cGh9rEH	i-MsNFFSyPnWMiCgQjNLn72Y; i-Rv1gU8qJesyWWD7cGh9rEH	i-MsNFFSyPnWMiCgQjNLn72Y; i-Rv1gU8qJesyWWD7cGh9rEH			i-MsNFFSyPnWMiCgQjNLn72Y; i-Rv1gU8qJesyWWD7cGh9rEH		False	2	0	0		0			https://github.com/swerik-project/riksdagen-motions/blob/main/data/1930/mot-1930--fk--00052.xml
193	1931	data/1931/mot-1931--ak--00357.xml	False	1.0	0.25	0.4	1	0	3	4	1	0.75	0.25	0.0	i-2LyiizD6VQaXk9cXFoZXaj; i-Akw6TaNXU6i1CPtvUchuu3; i-Tc8VMuJnL4XJ63fbqea4qU; i-UQqGFoa8dKdxwwNw6kCAkL	i-Tc8VMuJnL4XJ63fbqea4qU	i-Tc8VMuJnL4XJ63fbqea4qU		i-2LyiizD6VQaXk9cXFoZXaj; i-Akw6TaNXU6i1CPtvUchuu3; i-UQqGFoa8dKdxwwNw6kCAkL	i-Tc8VMuJnL4XJ63fbqea4qU		False	1	0	0		0			https://github.com/swerik-project/riksdagen-motions/blob/main/data/1931/mot-1931--ak--00357.xml
194	1931	data/1931/mot-1931--fk--00163.xml	True	1.0	1.0	1.0	1	0	0	1	1	0.0	1.0	0.0	i-7yzcmgHgwvdw4zkJiWVkhj	i-7yzcmgHgwvdw4zkJiWVkhj	i-7yzcmgHgwvdw4zkJiWVkhj			i-7yzcmgHgwvdw4zkJiWVkhj		False	1	0	0		0			https://github.com/swerik-project/riksdagen-motions/blob/main/data/1931/mot-1931--fk--00163.xml
195	1931	data/1931/mot-1931--fk--00224.xml	True	1.0	1.0	1.0	2	0	0	2	2	0.0	1.0	0.0	i-EGzvssMCtUmig8cQyyyXqu; i-SsDpF4UKsu862YMrq789mf	i-EGzvssMCtUmig8cQyyyXqu; i-SsDpF4UKsu862YMrq789mf	i-EGzvssMCtUmig8cQyyyXqu; i-SsDpF4UKsu862YMrq789mf			i-EGzvssMCtUmig8cQyyyXqu; i-SsDpF4UKsu862YMrq789mf		False	3	1	0		0			https://github.com/swerik-project/riksdagen-motions/blob/main/data/1931/mot-1931--fk--00224.xml
196	1932	data/1932/mot-1932--ak--00285.xml	False	1.0	0.3333333333333333	0.5	1	0	2	3	1	0.6666666666666666	0.3333333333333333	0.0	i-3BzZTfoTmKWciTnZwiHZVs; i-C4QS4gxWUMydutdM42dsft; i-NasoKo22FEwsYPxLF5Y2fq	i-3BzZTfoTmKWciTnZwiHZVs	i-3BzZTfoTmKWciTnZwiHZVs		i-C4QS4gxWUMydutdM42dsft; i-NasoKo22FEwsYPxLF5Y2fq	i-3BzZTfoTmKWciTnZwiHZVs		False	2	1	0		0			https://github.com/swerik-project/riksdagen-motions/blob/main/data/1932/mot-1932--ak--00285.xml
197	1932	data/1932/mot-1932--fk--00027.xml	False	0.0	0.0	0.0	0	0	1	1	0	1.0	0.0	0.0	i-XLVGDGtQ7NCyXWncMFEL2t				i-XLVGDGtQ7NCyXWncMFEL2t			True	1	1	0		0			https://github.com/swerik-project/riksdagen-motions/blob/main/data/1932/mot-1932--fk--00027.xml
198	1933	data/1933/mot-1933--ak--00264.xml	True	1.0	1.0	1.0	1	0	0	1	1	0.0	1.0	0.0	i-UTrfAgi22ghfsPezLcB8vV	i-UTrfAgi22ghfsPezLcB8vV	i-UTrfAgi22ghfsPezLcB8vV			i-UTrfAgi22ghfsPezLcB8vV		False	1	0	0		0			https://github.com/swerik-project/riksdagen-motions/blob/main/data/1933/mot-1933--ak--00264.xml
199	1933	data/1933/mot-1933--ak--00406.xml	True	1.0	1.0	1.0	1	0	0	1	1	0.0	1.0	0.0	i-HiVV5oHUvJvLx8V2dQFLFu	i-HiVV5oHUvJvLx8V2dQFLFu	i-HiVV5oHUvJvLx8V2dQFLFu			i-HiVV5oHUvJvLx8V2dQFLFu		False	1	0	0		0			https://github.com/swerik-project/riksdagen-motions/blob/main/data/1933/mot-1933--ak--00406.xml
200	1933	data/1933/mot-1933--ak--00515.xml	False	1.0	0.5454545454545454	0.7058823529411765	6	0	5	11	6	0.45454545454545453	0.5454545454545454	0.0	i-3dCbfHyU9MxJcgj1TW7upt; i-7wpJfhsL3MajNFbj85uaha; i-8BMBMzFxLfhpheTNnBRi3a; i-FhTohnRic91X2Lkt914b7Q; i-GeMD7gW89TWx85q2X1f9sz; i-LSDmwKMAoSjQqdLsWLpezr; i-PkDNy9bEbEnW9xaNKSjppw; i-RNDaEQyBmXoug73iH61z2n; i-SXv5Tc5coUXhzaHBJfs33a; i-XqKbySrEocjq4LS7n5V8UD; i-YLYgwWkay3eTxx2S1Y9nQY	i-3dCbfHyU9MxJcgj1TW7upt; i-7wpJfhsL3MajNFbj85uaha; i-FhTohnRic91X2Lkt914b7Q; i-RNDaEQyBmXoug73iH61z2n; i-SXv5Tc5coUXhzaHBJfs33a; i-YLYgwWkay3eTxx2S1Y9nQY	i-3dCbfHyU9MxJcgj1TW7upt; i-7wpJfhsL3MajNFbj85uaha; i-FhTohnRic91X2Lkt914b7Q; i-RNDaEQyBmXoug73iH61z2n; i-SXv5Tc5coUXhzaHBJfs33a; i-YLYgwWkay3eTxx2S1Y9nQY		i-8BMBMzFxLfhpheTNnBRi3a; i-GeMD7gW89TWx85q2X1f9sz; i-LSDmwKMAoSjQqdLsWLpezr; i-PkDNy9bEbEnW9xaNKSjppw; i-XqKbySrEocjq4LS7n5V8UD	i-3dCbfHyU9MxJcgj1TW7upt; i-7wpJfhsL3MajNFbj85uaha; i-FhTohnRic91X2Lkt914b7Q; i-RNDaEQyBmXoug73iH61z2n; i-SXv5Tc5coUXhzaHBJfs33a; i-YLYgwWkay3eTxx2S1Y9nQY		False	10	4	0		0			https://github.com/swerik-project/riksdagen-motions/blob/main/data/1933/mot-1933--ak--00515.xml
201	1934	data/1934/mot-1934--ak--00094.xml	True	1.0	1.0	1.0	3	0	0	3	3	0.0	1.0	0.0	i-3139LqaoEDPArxpLRyxXT8; i-NkVGh5tNcR8q8HeUHVc5qM; i-XagQaE6Y2Zc9wu7WvmLcTC	i-3139LqaoEDPArxpLRyxXT8; i-NkVGh5tNcR8q8HeUHVc5qM; i-XagQaE6Y2Zc9wu7WvmLcTC	i-3139LqaoEDPArxpLRyxXT8; i-NkVGh5tNcR8q8HeUHVc5qM; i-XagQaE6Y2Zc9wu7WvmLcTC			i-3139LqaoEDPArxpLRyxXT8; i-NkVGh5tNcR8q8HeUHVc5qM; i-XagQaE6Y2Zc9wu7WvmLcTC		False	3	0	0		0			https://github.com/swerik-project/riksdagen-motions/blob/main/data/1934/mot-1934--ak--00094.xml
202	1934	data/1934/mot-1934--ak--00588.xml	False	1.0	0.6	0.75	12	0	8	20	12	0.4	0.6	0.0	i-2DwRqPaUX1EqrTDhVYFKdv; i-3NpPy7cWbyt37LTiEpxrRp; i-3R7qLxY2CURc4oEqo2xMKC; i-49Rvc53FLRxQqqUSrx5ovT; i-57VtU3DUgS6ebh11mtUQes; i-77FGvnep7Gztpndh5FShSM; i-7NooNyWKJ33i7YNm5KahRn; i-8nZWeqDZ1EQukJx25JyrWc; i-A8WYbyYxrhjfUex6Z8WMVq; i-DXGYFK7qyjVCT7njRxj8GT; i-EEgp39w6M66SH9dRdqEEBo; i-EKaDexh9v9nEiz9rz9MXY2; i-LJhRkyGqGFgicSSzZPbftJ; i-MSjNBHZMhSJTRmVbnBc4VR; i-MdKdj31R1hhyAkPqoQG1m6; i-MinYXrWbVq4kzHJJZ5VBTd; i-PBaPNcb4iS5pYxuTSsBjY5; i-PKgmTs8oN8k9vBBV2361YW; i-UkPu6xRQoyHrcwsU2NXATa; i-Y3KDvt8APMXFLxTKEtZKku	i-2DwRqPaUX1EqrTDhVYFKdv; i-3R7qLxY2CURc4oEqo2xMKC; i-7NooNyWKJ33i7YNm5KahRn; i-8nZWeqDZ1EQukJx25JyrWc; i-A8WYbyYxrhjfUex6Z8WMVq; i-EKaDexh9v9nEiz9rz9MXY2; i-LJhRkyGqGFgicSSzZPbftJ; i-MdKdj31R1hhyAkPqoQG1m6; i-MinYXrWbVq4kzHJJZ5VBTd; i-PBaPNcb4iS5pYxuTSsBjY5; i-PKgmTs8oN8k9vBBV2361YW; i-Y3KDvt8APMXFLxTKEtZKku	i-2DwRqPaUX1EqrTDhVYFKdv; i-3R7qLxY2CURc4oEqo2xMKC; i-7NooNyWKJ33i7YNm5KahRn; i-8nZWeqDZ1EQukJx25JyrWc; i-A8WYbyYxrhjfUex6Z8WMVq; i-EKaDexh9v9nEiz9rz9MXY2; i-LJhRkyGqGFgicSSzZPbftJ; i-MdKdj31R1hhyAkPqoQG1m6; i-MinYXrWbVq4kzHJJZ5VBTd; i-PBaPNcb4iS5pYxuTSsBjY5; i-PKgmTs8oN8k9vBBV2361YW; i-Y3KDvt8APMXFLxTKEtZKku		i-3NpPy7cWbyt37LTiEpxrRp; i-49Rvc53FLRxQqqUSrx5ovT; i-57VtU3DUgS6ebh11mtUQes; i-77FGvnep7Gztpndh5FShSM; i-DXGYFK7qyjVCT7njRxj8GT; i-EEgp39w6M66SH9dRdqEEBo; i-MSjNBHZMhSJTRmVbnBc4VR; i-UkPu6xRQoyHrcwsU2NXATa	i-2DwRqPaUX1EqrTDhVYFKdv; i-3R7qLxY2CURc4oEqo2xMKC; i-7NooNyWKJ33i7YNm5KahRn; i-8nZWeqDZ1EQukJx25JyrWc; i-A8WYbyYxrhjfUex6Z8WMVq; i-EKaDexh9v9nEiz9rz9MXY2; i-LJhRkyGqGFgicSSzZPbftJ; i-MdKdj31R1hhyAkPqoQG1m6; i-MinYXrWbVq4kzHJJZ5VBTd; i-PBaPNcb4iS5pYxuTSsBjY5; i-PKgmTs8oN8k9vBBV2361YW; i-Y3KDvt8APMXFLxTKEtZKku		False	22	10	0		0			https://github.com/swerik-project/riksdagen-motions/blob/main/data/1934/mot-1934--ak--00588.xml
203	1934	data/1934/mot-1934--fk--00051.xml	False	1.0	0.25	0.4	1	0	3	4	1	0.75	0.25	0.0	i-8kjX8VM7z6VKtmJHMfmeZb; i-B9krH8HXZPSWGdDWnrPma5; i-LoFMiXAZxgjLQWL3sNbXGS; i-SXTzc5s67vJRpnHZmgAvDS	i-LoFMiXAZxgjLQWL3sNbXGS	i-LoFMiXAZxgjLQWL3sNbXGS		i-8kjX8VM7z6VKtmJHMfmeZb; i-B9krH8HXZPSWGdDWnrPma5; i-SXTzc5s67vJRpnHZmgAvDS	i-LoFMiXAZxgjLQWL3sNbXGS		False	1	0	0		0			https://github.com/swerik-project/riksdagen-motions/blob/main/data/1934/mot-1934--fk--00051.xml
204	1935	data/1935/mot-1935--ak--00015.xml	False	1.0	0.6	0.75	3	0	2	5	3	0.4	0.6	0.0	i-3sSCP4SpHEXgVm8b7P6qGE; i-KYXivvcBdXYFvocfPhZ1MH; i-PxJkAua7y2xMDdFhtkakAi; i-WQa6YQwTfqeJST3Wo8Nm68; i-X1novJneX2zJzkpbiYviPH	i-3sSCP4SpHEXgVm8b7P6qGE; i-KYXivvcBdXYFvocfPhZ1MH; i-WQa6YQwTfqeJST3Wo8Nm68	i-3sSCP4SpHEXgVm8b7P6qGE; i-KYXivvcBdXYFvocfPhZ1MH; i-WQa6YQwTfqeJST3Wo8Nm68		i-PxJkAua7y2xMDdFhtkakAi; i-X1novJneX2zJzkpbiYviPH	i-3sSCP4SpHEXgVm8b7P6qGE; i-KYXivvcBdXYFvocfPhZ1MH; i-WQa6YQwTfqeJST3Wo8Nm68		False	5	2	0		0			https://github.com/swerik-project/riksdagen-motions/blob/main/data/1935/mot-1935--ak--00015.xml
205	1935	data/1935/mot-1935--ak--00368.xml	False	0.9473684210526315	0.6923076923076923	0.8	18	1	8	26	19	0.3076923076923077	0.6923076923076923	0.05263157894736842	i-1xpn4vGAnPTUV3FuyR27z; i-49Rvc53FLRxQqqUSrx5ovT; i-4SirJAx3wfDW3MXsNZZfGj; i-6BUT7qfDzNjtQ6zrctx2rm; i-9jbeXPGrQfxx5oSytp9bfF; i-A8WYbyYxrhjfUex6Z8WMVq; i-AJXktptSRuni1fw754JqsT; i-AWnCXGKxBPDN7gJVRfodvt; i-DyZDeJHPADf8949NFr7LUq; i-EKaDexh9v9nEiz9rz9MXY2; i-GhQReVwv9ZB6vkKJp4vXH2; i-HiVV5oHUvJvLx8V2dQFLFu; i-HrZsKAqAFtubE4g6dXmo5N; i-JrEd2KBBm96vKhxHDyPGym; i-KjXCxQFmtvPac62A2kckSm; i-LGFpRQHZwRPA2XMLm3gyL3; i-LJhRkyGqGFgicSSzZPbftJ; i-PKgmTs8oN8k9vBBV2361YW; i-S8aCynzawb1F4NqNExnsVg; i-V2gYZ8XERX96ZTpdHjKDHk; i-V7NiAeWY2Xibey7Z9PGYKr; i-WGZBix5L8xWxVCoJgUxzZP; i-WtGqPEB6HFcwThC62uUkYN; i-Ww8VV8hxCYiEXY5qDTZs5Z; i-Xqo83uEfAGu6C7HdvFMFwx; i-rxMPrABKBDwfiUwJZxNv7	i-6BUT7qfDzNjtQ6zrctx2rm; i-9jbeXPGrQfxx5oSytp9bfF; i-A8WYbyYxrhjfUex6Z8WMVq; i-AJXktptSRuni1fw754JqsT; i-AWnCXGKxBPDN7gJVRfodvt; i-EKaDexh9v9nEiz9rz9MXY2; i-HiVV5oHUvJvLx8V2dQFLFu; i-HrZsKAqAFtubE4g6dXmo5N; i-JrEd2KBBm96vKhxHDyPGym; i-KwHwxj5zEpDUoZ2yNLrmX8; i-LGFpRQHZwRPA2XMLm3gyL3; i-LJhRkyGqGFgicSSzZPbftJ; i-PKgmTs8oN8k9vBBV2361YW; i-S8aCynzawb1F4NqNExnsVg; i-V7NiAeWY2Xibey7Z9PGYKr; i-WGZBix5L8xWxVCoJgUxzZP; i-WtGqPEB6HFcwThC62uUkYN; i-Ww8VV8hxCYiEXY5qDTZs5Z; i-rxMPrABKBDwfiUwJZxNv7	i-6BUT7qfDzNjtQ6zrctx2rm; i-9jbeXPGrQfxx5oSytp9bfF; i-A8WYbyYxrhjfUex6Z8WMVq; i-AJXktptSRuni1fw754JqsT; i-AWnCXGKxBPDN7gJVRfodvt; i-EKaDexh9v9nEiz9rz9MXY2; i-HiVV5oHUvJvLx8V2dQFLFu; i-HrZsKAqAFtubE4g6dXmo5N; i-JrEd2KBBm96vKhxHDyPGym; i-LGFpRQHZwRPA2XMLm3gyL3; i-LJhRkyGqGFgicSSzZPbftJ; i-PKgmTs8oN8k9vBBV2361YW; i-S8aCynzawb1F4NqNExnsVg; i-V7NiAeWY2Xibey7Z9PGYKr; i-WGZBix5L8xWxVCoJgUxzZP; i-WtGqPEB6HFcwThC62uUkYN; i-Ww8VV8hxCYiEXY5qDTZs5Z; i-rxMPrABKBDwfiUwJZxNv7	i-KwHwxj5zEpDUoZ2yNLrmX8	i-1xpn4vGAnPTUV3FuyR27z; i-49Rvc53FLRxQqqUSrx5ovT; i-4SirJAx3wfDW3MXsNZZfGj; i-DyZDeJHPADf8949NFr7LUq; i-GhQReVwv9ZB6vkKJp4vXH2; i-KjXCxQFmtvPac62A2kckSm; i-V2gYZ8XERX96ZTpdHjKDHk; i-Xqo83uEfAGu6C7HdvFMFwx	i-6BUT7qfDzNjtQ6zrctx2rm; i-9jbeXPGrQfxx5oSytp9bfF; i-A8WYbyYxrhjfUex6Z8WMVq; i-AJXktptSRuni1fw754JqsT; i-AWnCXGKxBPDN7gJVRfodvt; i-EKaDexh9v9nEiz9rz9MXY2; i-HiVV5oHUvJvLx8V2dQFLFu; i-HrZsKAqAFtubE4g6dXmo5N; i-JrEd2KBBm96vKhxHDyPGym; i-KwHwxj5zEpDUoZ2yNLrmX8; i-LGFpRQHZwRPA2XMLm3gyL3; i-LJhRkyGqGFgicSSzZPbftJ; i-PKgmTs8oN8k9vBBV2361YW; i-S8aCynzawb1F4NqNExnsVg; i-V7NiAeWY2Xibey7Z9PGYKr; i-WGZBix5L8xWxVCoJgUxzZP; i-WtGqPEB6HFcwThC62uUkYN; i-Ww8VV8hxCYiEXY5qDTZs5Z; i-rxMPrABKBDwfiUwJZxNv7		False	32	13	0		0			https://github.com/swerik-project/riksdagen-motions/blob/main/data/1935/mot-1935--ak--00368.xml
206	1935	data/1935/mot-1935--ak--00627.xml	True	1.0	1.0	1.0	1	0	0	1	1	0.0	1.0	0.0	i-CVG5H18C4Zmb44stfabVSc	i-CVG5H18C4Zmb44stfabVSc	i-CVG5H18C4Zmb44stfabVSc			i-CVG5H18C4Zmb44stfabVSc		False	1	0	0		0			https://github.com/swerik-project/riksdagen-motions/blob/main/data/1935/mot-1935--ak--00627.xml
207	1936	data/1936/mot-1936--ak--00144.xml	True	1.0	1.0	1.0	1	0	0	1	1	0.0	1.0	0.0	i-YVqWZSiikwY2UYC3gt2RvM	i-YVqWZSiikwY2UYC3gt2RvM	i-YVqWZSiikwY2UYC3gt2RvM			i-YVqWZSiikwY2UYC3gt2RvM		False	1	0	0		0			https://github.com/swerik-project/riksdagen-motions/blob/main/data/1936/mot-1936--ak--00144.xml
208	1936	data/1936/mot-1936--ak--00174.xml	False	0.0	0.0	0.0	0	0	3	3	0	1.0	0.0	0.0	i-C3AtGSK2kCCQrcij1zKWxy; i-PxJkAua7y2xMDdFhtkakAi; i-VacBUiqCgNFdBxDjAQggNV				i-C3AtGSK2kCCQrcij1zKWxy; i-PxJkAua7y2xMDdFhtkakAi; i-VacBUiqCgNFdBxDjAQggNV			True	2	2	0		0			https://github.com/swerik-project/riksdagen-motions/blob/main/data/1936/mot-1936--ak--00174.xml
209	1936	data/1936/mot-1936--ak--00594.xml	False	0.8571428571428571	0.75	0.8	6	1	2	8	7	0.25	0.75	0.14285714285714285	i-8e97Z8CH9cGtDJXCnfJMMg; i-Bwox3EjKfvDRkzWdd46vzA; i-CYXB5gc8UwhvnW3jqhdnoq; i-P9uAUSLTPeppBWCVZui5CW; i-RZvCDDC9zwyuV3rH48onze; i-SfDZtdC5fgukcXJsiu8J9U; i-TgGh4sLEipttrpG4XAgn6h; i-V7ccB7n8KQvCDssB4XYWTN	i-8e97Z8CH9cGtDJXCnfJMMg; i-Bwox3EjKfvDRkzWdd46vzA; i-CMoRRNd5mmMNzLy51CkWv4; i-RZvCDDC9zwyuV3rH48onze; i-SfDZtdC5fgukcXJsiu8J9U; i-TgGh4sLEipttrpG4XAgn6h; i-V7ccB7n8KQvCDssB4XYWTN	i-8e97Z8CH9cGtDJXCnfJMMg; i-Bwox3EjKfvDRkzWdd46vzA; i-RZvCDDC9zwyuV3rH48onze; i-SfDZtdC5fgukcXJsiu8J9U; i-TgGh4sLEipttrpG4XAgn6h; i-V7ccB7n8KQvCDssB4XYWTN	i-CMoRRNd5mmMNzLy51CkWv4	i-CYXB5gc8UwhvnW3jqhdnoq; i-P9uAUSLTPeppBWCVZui5CW	i-8e97Z8CH9cGtDJXCnfJMMg; i-Bwox3EjKfvDRkzWdd46vzA; i-CMoRRNd5mmMNzLy51CkWv4; i-RZvCDDC9zwyuV3rH48onze; i-SfDZtdC5fgukcXJsiu8J9U; i-TgGh4sLEipttrpG4XAgn6h; i-V7ccB7n8KQvCDssB4XYWTN		False	8	1	0		0			https://github.com/swerik-project/riksdagen-motions/blob/main/data/1936/mot-1936--ak--00594.xml
210	1937	data/1937/mot-1937--ak--00034.xml	False	1.0	0.14285714285714285	0.25	1	0	6	7	1	0.8571428571428571	0.14285714285714285	0.0	i-2DwRqPaUX1EqrTDhVYFKdv; i-4qFN14HKgUSk7schAQ7BuV; i-BpbhXD9KYF8b5MTBrbGPWZ; i-Jq77obBeFLvgxhwoo4hA4K; i-M9s3VesB8pm5GqJBfxSBjq; i-UkPu6xRQoyHrcwsU2NXATa; i-Y3KDvt8APMXFLxTKEtZKku	i-Y3KDvt8APMXFLxTKEtZKku	i-Y3KDvt8APMXFLxTKEtZKku		i-2DwRqPaUX1EqrTDhVYFKdv; i-4qFN14HKgUSk7schAQ7BuV; i-BpbhXD9KYF8b5MTBrbGPWZ; i-Jq77obBeFLvgxhwoo4hA4K; i-M9s3VesB8pm5GqJBfxSBjq; i-UkPu6xRQoyHrcwsU2NXATa	i-Y3KDvt8APMXFLxTKEtZKku		False	1	0	0		0			https://github.com/swerik-project/riksdagen-motions/blob/main/data/1937/mot-1937--ak--00034.xml
211	1937	data/1937/mot-1937--ak--00342.xml	False	0.0	0.0	0.0	0	0	3	3	0	1.0	0.0	0.0	i-AD4PVxoWFJ5WK9APNtM5vP; i-GPYC16egTa8Yn3wguN6WLg; i-WxSJ518t8uzSX274hdbTf2				i-AD4PVxoWFJ5WK9APNtM5vP; i-GPYC16egTa8Yn3wguN6WLg; i-WxSJ518t8uzSX274hdbTf2			True	0	0	0		0			https://github.com/swerik-project/riksdagen-motions/blob/main/data/1937/mot-1937--ak--00342.xml
212	1937	data/1937/mot-1937--ak--00448.xml	True	1.0	1.0	1.0	1	0	0	1	1	0.0	1.0	0.0	i-HiVV5oHUvJvLx8V2dQFLFu	i-HiVV5oHUvJvLx8V2dQFLFu	i-HiVV5oHUvJvLx8V2dQFLFu			i-HiVV5oHUvJvLx8V2dQFLFu		False	1	0	0		0			https://github.com/swerik-project/riksdagen-motions/blob/main/data/1937/mot-1937--ak--00448.xml
213	1938	data/1938/mot-1938--ak--00414.xml	False	1.0	0.25	0.4	1	0	3	4	1	0.75	0.25	0.0	i-3FZHxgo9GniUc1FF973iHh; i-HrZsKAqAFtubE4g6dXmo5N; i-RJ9jccyWpgPULxxsYHhYyB; i-VMgGbpTRTohGJnt8ysZSbi	i-VMgGbpTRTohGJnt8ysZSbi	i-VMgGbpTRTohGJnt8ysZSbi		i-3FZHxgo9GniUc1FF973iHh; i-HrZsKAqAFtubE4g6dXmo5N; i-RJ9jccyWpgPULxxsYHhYyB	i-VMgGbpTRTohGJnt8ysZSbi		False	1	0	0		0			https://github.com/swerik-project/riksdagen-motions/blob/main/data/1938/mot-1938--ak--00414.xml
214	1938	data/1938/mot-1938--fk--00152.xml	False	0.5	1.0	0.6666666666666666	1	1	0	1	2	0.0	1.0	0.5	i-VqHqFtpMi7Xi5LGov8xWcU	i-7h8oALVXjuheXj6Zv4VA5g; i-VqHqFtpMi7Xi5LGov8xWcU	i-VqHqFtpMi7Xi5LGov8xWcU	i-7h8oALVXjuheXj6Zv4VA5g		i-7h8oALVXjuheXj6Zv4VA5g; i-VqHqFtpMi7Xi5LGov8xWcU		False	3	1	0		0			https://github.com/swerik-project/riksdagen-motions/blob/main/data/1938/mot-1938--fk--00152.xml
215	1938	data/1938/mot-1938--fk--00225.xml	True	1.0	1.0	1.0	4	0	0	4	4	0.0	1.0	0.0	i-3x2Ux4KHuhYBW2eWArsQNW; i-5jvc79PehcxtyUuivZivQ5; i-EKXQ584yuio3iyn2qYCSaQ; i-SQ1RqbbuJmX4o8vnebsZVt	i-3x2Ux4KHuhYBW2eWArsQNW; i-5jvc79PehcxtyUuivZivQ5; i-EKXQ584yuio3iyn2qYCSaQ; i-SQ1RqbbuJmX4o8vnebsZVt	i-3x2Ux4KHuhYBW2eWArsQNW; i-5jvc79PehcxtyUuivZivQ5; i-EKXQ584yuio3iyn2qYCSaQ; i-SQ1RqbbuJmX4o8vnebsZVt			i-3x2Ux4KHuhYBW2eWArsQNW; i-5jvc79PehcxtyUuivZivQ5; i-EKXQ584yuio3iyn2qYCSaQ; i-SQ1RqbbuJmX4o8vnebsZVt		False	4	0	0		0			https://github.com/swerik-project/riksdagen-motions/blob/main/data/1938/mot-1938--fk--00225.xml
216	1939	data/1939/mot-1939--ak--00325.xml	False	0.0	0.0	0.0	0	0	1	1	0	1.0	0.0	0.0	i-KjXCxQFmtvPac62A2kckSm				i-KjXCxQFmtvPac62A2kckSm			True	1	1	0		0			https://github.com/swerik-project/riksdagen-motions/blob/main/data/1939/mot-1939--ak--00325.xml
217	1939	data/1939/mot-1939--ak--00423.xml	False	0.0	0.0	0.0	0	0	2	2	0	1.0	0.0	0.0	i-GPYC16egTa8Yn3wguN6WLg; i-WxSJ518t8uzSX274hdbTf2				i-GPYC16egTa8Yn3wguN6WLg; i-WxSJ518t8uzSX274hdbTf2			True	0	0	0		0			https://github.com/swerik-project/riksdagen-motions/blob/main/data/1939/mot-1939--ak--00423.xml
218	1939	data/1939/mot-1939--fk--00327.xml	False	1.0	0.25	0.4	1	0	3	4	1	0.75	0.25	0.0	i-28QtNdtNvYW5KVgFHRDL4R; i-GWCWCEFyM4JFjgRacrhwXe; i-MSjNBHZMhSJTRmVbnBc4VR; i-MV4Dj57kke85AeEXacFKNd	i-MV4Dj57kke85AeEXacFKNd	i-MV4Dj57kke85AeEXacFKNd		i-28QtNdtNvYW5KVgFHRDL4R; i-GWCWCEFyM4JFjgRacrhwXe; i-MSjNBHZMhSJTRmVbnBc4VR	i-MV4Dj57kke85AeEXacFKNd		False	1	0	0		0			https://github.com/swerik-project/riksdagen-motions/blob/main/data/1939/mot-1939--fk--00327.xml
219	1940	data/1940/mot-1940--fk--00176.xml	False	1.0	0.5	0.6666666666666666	1	0	1	2	1	0.5	0.5	0.0	i-7NJGhWZzuhPwCAawWis5wT; i-LASmHrbJnU6cgbkm7wkovE	i-7NJGhWZzuhPwCAawWis5wT	i-7NJGhWZzuhPwCAawWis5wT		i-LASmHrbJnU6cgbkm7wkovE	i-7NJGhWZzuhPwCAawWis5wT		False	2	1	0		0			https://github.com/swerik-project/riksdagen-motions/blob/main/data/1940/mot-1940--fk--00176.xml
220	1940	data/1940/mot-1940--fk--00214.xml	True	1.0	1.0	1.0	1	0	0	1	1	0.0	1.0	0.0	i-5jvc79PehcxtyUuivZivQ5	i-5jvc79PehcxtyUuivZivQ5	i-5jvc79PehcxtyUuivZivQ5			i-5jvc79PehcxtyUuivZivQ5		False	1	0	0		0			https://github.com/swerik-project/riksdagen-motions/blob/main/data/1940/mot-1940--fk--00214.xml
221	1940	data/1940/mot-1940-urtima-fk--00030.xml	False	1.0	0.6666666666666666	0.8	4	0	2	6	4	0.3333333333333333	0.6666666666666666	0.0	i-9T9bti79sN5bBcZ1cgwb6q; i-HCwEBLHjvaPyUHpWDFDcMz; i-HrZsKAqAFtubE4g6dXmo5N; i-M1KRgYXpjzhZucy2MDj1V3; i-SHyoXz8eVs5NhxbFZxmFre; i-UhLRgE1tWfgSFkzw3urKGo	i-9T9bti79sN5bBcZ1cgwb6q; i-HCwEBLHjvaPyUHpWDFDcMz; i-SHyoXz8eVs5NhxbFZxmFre; i-UhLRgE1tWfgSFkzw3urKGo	i-9T9bti79sN5bBcZ1cgwb6q; i-HCwEBLHjvaPyUHpWDFDcMz; i-SHyoXz8eVs5NhxbFZxmFre; i-UhLRgE1tWfgSFkzw3urKGo		i-HrZsKAqAFtubE4g6dXmo5N; i-M1KRgYXpjzhZucy2MDj1V3	i-9T9bti79sN5bBcZ1cgwb6q; i-HCwEBLHjvaPyUHpWDFDcMz; i-SHyoXz8eVs5NhxbFZxmFre; i-UhLRgE1tWfgSFkzw3urKGo		False	4	0	0		0			https://github.com/swerik-project/riksdagen-motions/blob/main/data/1940/mot-1940-urtima-fk--00030.xml
222	1941	data/1941/mot-1941--ak--00182.xml	False	1.0	0.1	0.18181818181818182	1	0	9	10	1	0.9	0.1	0.0	i-3139LqaoEDPArxpLRyxXT8; i-4pbAgoLV1BB3FE92CBZsfH; i-BtEDDc8ZkodPivwnvjZCKA; i-CTtrTJpWLfPLDUNWuLctMB; i-De6ztVBeHosJZpNFbNMrgb; i-LLPdvUTDtpNaANEj1n45Nf; i-N5DuX7A68dF9YwBSdFfwP1; i-S92z7L9SoJUQxxSTuD5rGN; i-Ww6YauTo4CWyVs9d39mFxt; i-XQDnBCoJiibzSPLTXopxxL	i-3139LqaoEDPArxpLRyxXT8	i-3139LqaoEDPArxpLRyxXT8		i-4pbAgoLV1BB3FE92CBZsfH; i-BtEDDc8ZkodPivwnvjZCKA; i-CTtrTJpWLfPLDUNWuLctMB; i-De6ztVBeHosJZpNFbNMrgb; i-LLPdvUTDtpNaANEj1n45Nf; i-N5DuX7A68dF9YwBSdFfwP1; i-S92z7L9SoJUQxxSTuD5rGN; i-Ww6YauTo4CWyVs9d39mFxt; i-XQDnBCoJiibzSPLTXopxxL	i-3139LqaoEDPArxpLRyxXT8		False	1	0	0		0			https://github.com/swerik-project/riksdagen-motions/blob/main/data/1941/mot-1941--ak--00182.xml
223	1941	data/1941/mot-1941--ak--00312.xml	True	1.0	1.0	1.0	2	0	0	2	2	0.0	1.0	0.0	i-2Jx7WEDYHWuMCtxq8yapD7; i-9Q45RD3uYLp3AUHrZrQV3T	i-2Jx7WEDYHWuMCtxq8yapD7; i-9Q45RD3uYLp3AUHrZrQV3T	i-2Jx7WEDYHWuMCtxq8yapD7; i-9Q45RD3uYLp3AUHrZrQV3T			i-2Jx7WEDYHWuMCtxq8yapD7; i-9Q45RD3uYLp3AUHrZrQV3T		False	2	0	0		0			https://github.com/swerik-project/riksdagen-motions/blob/main/data/1941/mot-1941--ak--00312.xml
224	1941	data/1941/mot-1941--fk--00141.xml	True	1.0	1.0	1.0	3	0	0	3	3	0.0	1.0	0.0	i-7h8oALVXjuheXj6Zv4VA5g; i-7yzcmgHgwvdw4zkJiWVkhj; i-YSpQuEKLcd5saavWVrUMLV	i-7h8oALVXjuheXj6Zv4VA5g; i-7yzcmgHgwvdw4zkJiWVkhj; i-YSpQuEKLcd5saavWVrUMLV	i-7h8oALVXjuheXj6Zv4VA5g; i-7yzcmgHgwvdw4zkJiWVkhj; i-YSpQuEKLcd5saavWVrUMLV			i-7h8oALVXjuheXj6Zv4VA5g; i-7yzcmgHgwvdw4zkJiWVkhj; i-YSpQuEKLcd5saavWVrUMLV		False	3	0	0		0			https://github.com/swerik-project/riksdagen-motions/blob/main/data/1941/mot-1941--fk--00141.xml
225	1942	data/1942/mot-1942--ak--00369.xml	False	0.0	0.0	0.0	0	0	1	1	0	1.0	0.0	0.0	i-XqKbySrEocjq4LS7n5V8UD				i-XqKbySrEocjq4LS7n5V8UD			True	1	1	0		0			https://github.com/swerik-project/riksdagen-motions/blob/main/data/1942/mot-1942--ak--00369.xml
226	1942	data/1942/mot-1942--fk--00215.xml	True	1.0	1.0	1.0	2	0	0	2	2	0.0	1.0	0.0	i-B9krH8HXZPSWGdDWnrPma5; i-GmG7mR1HUgUWFAUAq7Qspt	i-B9krH8HXZPSWGdDWnrPma5; i-GmG7mR1HUgUWFAUAq7Qspt	i-B9krH8HXZPSWGdDWnrPma5; i-GmG7mR1HUgUWFAUAq7Qspt			i-B9krH8HXZPSWGdDWnrPma5; i-GmG7mR1HUgUWFAUAq7Qspt		False	2	0	0		0			https://github.com/swerik-project/riksdagen-motions/blob/main/data/1942/mot-1942--fk--00215.xml
227	1942	data/1942/mot-1942--fk--00265.xml	True	1.0	1.0	1.0	1	0	0	1	1	0.0	1.0	0.0	i-MHwzHx2BRZmuZPpg2gHYPQ	i-MHwzHx2BRZmuZPpg2gHYPQ	i-MHwzHx2BRZmuZPpg2gHYPQ			i-MHwzHx2BRZmuZPpg2gHYPQ		False	1	0	0		0			https://github.com/swerik-project/riksdagen-motions/blob/main/data/1942/mot-1942--fk--00265.xml
228	1943	data/1943/mot-1943--ak--00249.xml	True	1.0	1.0	1.0	1	0	0	1	1	0.0	1.0	0.0	i-6BUT7qfDzNjtQ6zrctx2rm	i-6BUT7qfDzNjtQ6zrctx2rm	i-6BUT7qfDzNjtQ6zrctx2rm			i-6BUT7qfDzNjtQ6zrctx2rm		False	1	0	0		0			https://github.com/swerik-project/riksdagen-motions/blob/main/data/1943/mot-1943--ak--00249.xml
229	1943	data/1943/mot-1943--ak--00312.xml	True	1.0	1.0	1.0	1	0	0	1	1	0.0	1.0	0.0	i-JSt9FnV9VQrga3d1JbkyKi	i-JSt9FnV9VQrga3d1JbkyKi	i-JSt9FnV9VQrga3d1JbkyKi			i-JSt9FnV9VQrga3d1JbkyKi		False	1	0	0		0			https://github.com/swerik-project/riksdagen-motions/blob/main/data/1943/mot-1943--ak--00312.xml
230	1943	data/1943/mot-1943--fk--00056.xml	False	1.0	0.25	0.4	1	0	3	4	1	0.75	0.25	0.0	i-L31knc1H7Q8uzLgTZoFx7A; i-MSjNBHZMhSJTRmVbnBc4VR; i-UTrfAgi22ghfsPezLcB8vV; i-mww7tEHuUV6dtyoLF8VZA	i-UTrfAgi22ghfsPezLcB8vV	i-UTrfAgi22ghfsPezLcB8vV		i-L31knc1H7Q8uzLgTZoFx7A; i-MSjNBHZMhSJTRmVbnBc4VR; i-mww7tEHuUV6dtyoLF8VZA	i-UTrfAgi22ghfsPezLcB8vV		False	1	0	0		0			https://github.com/swerik-project/riksdagen-motions/blob/main/data/1943/mot-1943--fk--00056.xml
231	1944	data/1944/mot-1944--ak--00111.xml	False	1.0	0.25	0.4	1	0	3	4	1	0.75	0.25	0.0	i-76SNFscuEcje1Vek94C3va; i-P4bPUPyGmqoAqg292wWb7Z; i-QsRRYg3noSN6oWApGgXLGF; i-VRK4jvXteD5oQpqXgdmTs6	i-QsRRYg3noSN6oWApGgXLGF	i-QsRRYg3noSN6oWApGgXLGF		i-76SNFscuEcje1Vek94C3va; i-P4bPUPyGmqoAqg292wWb7Z; i-VRK4jvXteD5oQpqXgdmTs6	i-QsRRYg3noSN6oWApGgXLGF		False	1	0	0		0			https://github.com/swerik-project/riksdagen-motions/blob/main/data/1944/mot-1944--ak--00111.xml
232	1944	data/1944/mot-1944--ak--00160.xml	False	0.9090909090909091	0.6666666666666666	0.7692307692307693	10	1	5	15	11	0.3333333333333333	0.6666666666666666	0.09090909090909091	i-31zN39xumu2faEuBMxwB3B; i-5jwrBzpJ3kKsBsRMvCWs2N; i-5osNtGH86UU6wEyus1VLp2; i-7x3nPBLpeHFQLKxv7KF7Sf; i-AWLNBm49upAvWc2G2jYeiD; i-DfcqLG9Ux1Nu6mMoqrKYpQ; i-Dzc5xrZoX6PeTCJ7wgLJxy; i-N5YkLzCrZQG9BDuRnb7biZ; i-QBpQJ8nzJadauYpnxWcBWH; i-Rv9aHnFJh2azV9pZTjG2yC; i-SarBm3kgakASnaHyEe9Rba; i-VRK4jvXteD5oQpqXgdmTs6; i-Vphq1Qi611uoHeM3fp2TeA; i-WFsuJWdVKk2ypGbGB5owQJ; i-XvpBFhfR9SDB1i9KLCmqX2	i-7x3nPBLpeHFQLKxv7KF7Sf; i-DfcqLG9Ux1Nu6mMoqrKYpQ; i-Dzc5xrZoX6PeTCJ7wgLJxy; i-N5YkLzCrZQG9BDuRnb7biZ; i-QBpQJ8nzJadauYpnxWcBWH; i-Rv9aHnFJh2azV9pZTjG2yC; i-S9dMiL9yRpDaYPfVGjK1Gp; i-SarBm3kgakASnaHyEe9Rba; i-VRK4jvXteD5oQpqXgdmTs6; i-Vphq1Qi611uoHeM3fp2TeA; i-XvpBFhfR9SDB1i9KLCmqX2	i-7x3nPBLpeHFQLKxv7KF7Sf; i-DfcqLG9Ux1Nu6mMoqrKYpQ; i-Dzc5xrZoX6PeTCJ7wgLJxy; i-N5YkLzCrZQG9BDuRnb7biZ; i-QBpQJ8nzJadauYpnxWcBWH; i-Rv9aHnFJh2azV9pZTjG2yC; i-SarBm3kgakASnaHyEe9Rba; i-VRK4jvXteD5oQpqXgdmTs6; i-Vphq1Qi611uoHeM3fp2TeA; i-XvpBFhfR9SDB1i9KLCmqX2	i-S9dMiL9yRpDaYPfVGjK1Gp	i-31zN39xumu2faEuBMxwB3B; i-5jwrBzpJ3kKsBsRMvCWs2N; i-5osNtGH86UU6wEyus1VLp2; i-AWLNBm49upAvWc2G2jYeiD; i-WFsuJWdVKk2ypGbGB5owQJ	i-7x3nPBLpeHFQLKxv7KF7Sf; i-DfcqLG9Ux1Nu6mMoqrKYpQ; i-Dzc5xrZoX6PeTCJ7wgLJxy; i-N5YkLzCrZQG9BDuRnb7biZ; i-QBpQJ8nzJadauYpnxWcBWH; i-Rv9aHnFJh2azV9pZTjG2yC; i-S9dMiL9yRpDaYPfVGjK1Gp; i-SarBm3kgakASnaHyEe9Rba; i-VRK4jvXteD5oQpqXgdmTs6; i-Vphq1Qi611uoHeM3fp2TeA; i-XvpBFhfR9SDB1i9KLCmqX2		False	12	1	0		0			https://github.com/swerik-project/riksdagen-motions/blob/main/data/1944/mot-1944--ak--00160.xml
233	1944	data/1944/mot-1944--ak--00260.xml	True	1.0	1.0	1.0	1	0	0	1	1	0.0	1.0	0.0	i-QsRRYg3noSN6oWApGgXLGF	i-QsRRYg3noSN6oWApGgXLGF	i-QsRRYg3noSN6oWApGgXLGF			i-QsRRYg3noSN6oWApGgXLGF		False	1	0	0		0			https://github.com/swerik-project/riksdagen-motions/blob/main/data/1944/mot-1944--ak--00260.xml
234	1945	data/1945/mot-1945--ak--00070.xml	False	0.0	0.0	0.0	0	0	7	7	0	1.0	0.0	0.0	i-JakM4wBhrw5yCg8hj5n7GM; i-MXZLbf93D8sNNjc8yebEXt; i-Mw31BTf7uoxHTWx5X3k5QD; i-P8ZPJ9p6xnoWgmQpdcndL3; i-PJ95RBBNwg7dza9xBXoQMV; i-PxJkAua7y2xMDdFhtkakAi; i-RkvKy7yomEBZCYRG5fCKH3				i-JakM4wBhrw5yCg8hj5n7GM; i-MXZLbf93D8sNNjc8yebEXt; i-Mw31BTf7uoxHTWx5X3k5QD; i-P8ZPJ9p6xnoWgmQpdcndL3; i-PJ95RBBNwg7dza9xBXoQMV; i-PxJkAua7y2xMDdFhtkakAi; i-RkvKy7yomEBZCYRG5fCKH3			True	0	0	0		0			https://github.com/swerik-project/riksdagen-motions/blob/main/data/1945/mot-1945--ak--00070.xml
235	1945	data/1945/mot-1945--ak--00243.xml	False	1.0	0.7777777777777778	0.875	7	0	2	9	7	0.2222222222222222	0.7777777777777778	0.0	i-76SNFscuEcje1Vek94C3va; i-ABFN9YRCJxWR5CQLV4KEKc; i-Akzn9z23GnAQdeU8SSqyQ4; i-De6ztVBeHosJZpNFbNMrgb; i-EcTyixp6xZjny5gSkGGShK; i-QBpQJ8nzJadauYpnxWcBWH; i-Rv9aHnFJh2azV9pZTjG2yC; i-VRK4jvXteD5oQpqXgdmTs6; i-Vphq1Qi611uoHeM3fp2TeA	i-ABFN9YRCJxWR5CQLV4KEKc; i-Akzn9z23GnAQdeU8SSqyQ4; i-EcTyixp6xZjny5gSkGGShK; i-QBpQJ8nzJadauYpnxWcBWH; i-Rv9aHnFJh2azV9pZTjG2yC; i-VRK4jvXteD5oQpqXgdmTs6; i-Vphq1Qi611uoHeM3fp2TeA	i-ABFN9YRCJxWR5CQLV4KEKc; i-Akzn9z23GnAQdeU8SSqyQ4; i-EcTyixp6xZjny5gSkGGShK; i-QBpQJ8nzJadauYpnxWcBWH; i-Rv9aHnFJh2azV9pZTjG2yC; i-VRK4jvXteD5oQpqXgdmTs6; i-Vphq1Qi611uoHeM3fp2TeA		i-76SNFscuEcje1Vek94C3va; i-De6ztVBeHosJZpNFbNMrgb	i-ABFN9YRCJxWR5CQLV4KEKc; i-Akzn9z23GnAQdeU8SSqyQ4; i-EcTyixp6xZjny5gSkGGShK; i-QBpQJ8nzJadauYpnxWcBWH; i-Rv9aHnFJh2azV9pZTjG2yC; i-VRK4jvXteD5oQpqXgdmTs6; i-Vphq1Qi611uoHeM3fp2TeA		False	9	2	0		0			https://github.com/swerik-project/riksdagen-motions/blob/main/data/1945/mot-1945--ak--00243.xml
236	1945	data/1945/mot-1945-höst-fk--00416.xml	True	1.0	1.0	1.0	2	0	0	2	2	0.0	1.0	0.0	i-Jjgnog2w9zZ59EMv8163hB; i-X4tTtS9wLMujhnTa9qtfFq	i-Jjgnog2w9zZ59EMv8163hB; i-X4tTtS9wLMujhnTa9qtfFq	i-Jjgnog2w9zZ59EMv8163hB; i-X4tTtS9wLMujhnTa9qtfFq			i-Jjgnog2w9zZ59EMv8163hB; i-X4tTtS9wLMujhnTa9qtfFq		False	2	0	0		0			https://github.com/swerik-project/riksdagen-motions/blob/main/data/1945/mot-1945-höst-fk--00416.xml
237	1946	data/1946/mot-1946--ak--00030.xml	True	1.0	1.0	1.0	1	0	0	1	1	0.0	1.0	0.0	i-3XFieHvCxpEc9aqT4qbsAD	i-3XFieHvCxpEc9aqT4qbsAD	i-3XFieHvCxpEc9aqT4qbsAD			i-3XFieHvCxpEc9aqT4qbsAD		False	1	0	0		0			https://github.com/swerik-project/riksdagen-motions/blob/main/data/1946/mot-1946--ak--00030.xml
238	1946	data/1946/mot-1946--ak--00046.xml	False	0.75	1.0	0.8571428571428571	3	1	0	3	4	0.0	1.0	0.25	i-QBpQJ8nzJadauYpnxWcBWH; i-SarBm3kgakASnaHyEe9Rba; i-YC9ASb3D4X3HArthruK9Yt	i-Q5eDvEJRU74CUef88BpzKH; i-QBpQJ8nzJadauYpnxWcBWH; i-SarBm3kgakASnaHyEe9Rba; i-YC9ASb3D4X3HArthruK9Yt	i-QBpQJ8nzJadauYpnxWcBWH; i-SarBm3kgakASnaHyEe9Rba; i-YC9ASb3D4X3HArthruK9Yt	i-Q5eDvEJRU74CUef88BpzKH		i-Q5eDvEJRU74CUef88BpzKH; i-QBpQJ8nzJadauYpnxWcBWH; i-SarBm3kgakASnaHyEe9Rba; i-YC9ASb3D4X3HArthruK9Yt		False	4	0	0		0			https://github.com/swerik-project/riksdagen-motions/blob/main/data/1946/mot-1946--ak--00046.xml
239	1946	data/1946/mot-1946--ak--00137.xml	True	1.0	1.0	1.0	2	0	0	2	2	0.0	1.0	0.0	i-7cCozgpY4EZrWku38osFxG; i-P4bPUPyGmqoAqg292wWb7Z	i-7cCozgpY4EZrWku38osFxG; i-P4bPUPyGmqoAqg292wWb7Z	i-7cCozgpY4EZrWku38osFxG; i-P4bPUPyGmqoAqg292wWb7Z			i-7cCozgpY4EZrWku38osFxG; i-P4bPUPyGmqoAqg292wWb7Z		False	2	0	0		0			https://github.com/swerik-project/riksdagen-motions/blob/main/data/1946/mot-1946--ak--00137.xml
240	1947	data/1947/mot-1947--ak--00422.xml	False	0.0	0.0	0.0	0	2	4	4	2	1.0	0.0	1.0	i-3F1eUNkWXaMuYwB6Z4eGSH; i-72h2c4CqR4dcDaG6HR3mAB; i-7k8zFFY69k9DVxZJwLskxW; i-V7NiAeWY2Xibey7Z9PGYKr	i-6qNV5dntxbsrdQyVsjxWoW; i-Kv4hUGrgspgE3ZEpZrgHtZ		i-6qNV5dntxbsrdQyVsjxWoW; i-Kv4hUGrgspgE3ZEpZrgHtZ	i-3F1eUNkWXaMuYwB6Z4eGSH; i-72h2c4CqR4dcDaG6HR3mAB; i-7k8zFFY69k9DVxZJwLskxW; i-V7NiAeWY2Xibey7Z9PGYKr	i-6qNV5dntxbsrdQyVsjxWoW; i-Kv4hUGrgspgE3ZEpZrgHtZ		False	3	1	0		0			https://github.com/swerik-project/riksdagen-motions/blob/main/data/1947/mot-1947--ak--00422.xml
241	1947	data/1947/mot-1947--fk--00094.xml	True	1.0	1.0	1.0	2	0	0	2	2	0.0	1.0	0.0	i-7NJGhWZzuhPwCAawWis5wT; i-QXLMYc7as75PMkwgVjSGm	i-7NJGhWZzuhPwCAawWis5wT; i-QXLMYc7as75PMkwgVjSGm	i-7NJGhWZzuhPwCAawWis5wT; i-QXLMYc7as75PMkwgVjSGm			i-7NJGhWZzuhPwCAawWis5wT; i-QXLMYc7as75PMkwgVjSGm		False	2	0	0		0			https://github.com/swerik-project/riksdagen-motions/blob/main/data/1947/mot-1947--fk--00094.xml
242	1947	data/1947/mot-1947--fk--00197.xml	True	1.0	1.0	1.0	4	0	0	4	4	0.0	1.0	0.0	i-7NJGhWZzuhPwCAawWis5wT; i-F9qq7Mc97xQJVDuazrU4kA; i-TaW174KWoVEkH4KpnMRVNc; i-f4u5Yi8ZSYc6qWukd6X6t	i-7NJGhWZzuhPwCAawWis5wT; i-F9qq7Mc97xQJVDuazrU4kA; i-TaW174KWoVEkH4KpnMRVNc; i-f4u5Yi8ZSYc6qWukd6X6t	i-7NJGhWZzuhPwCAawWis5wT; i-F9qq7Mc97xQJVDuazrU4kA; i-TaW174KWoVEkH4KpnMRVNc; i-f4u5Yi8ZSYc6qWukd6X6t			i-7NJGhWZzuhPwCAawWis5wT; i-F9qq7Mc97xQJVDuazrU4kA; i-TaW174KWoVEkH4KpnMRVNc; i-f4u5Yi8ZSYc6qWukd6X6t		False	4	0	0		0			https://github.com/swerik-project/riksdagen-motions/blob/main/data/1947/mot-1947--fk--00197.xml
243	1948	data/1948/mot-1948--ak--00077.xml	True	1.0	1.0	1.0	3	0	0	3	3	0.0	1.0	0.0	i-EcTyixp6xZjny5gSkGGShK; i-Ww6YauTo4CWyVs9d39mFxt; i-YC9ASb3D4X3HArthruK9Yt	i-EcTyixp6xZjny5gSkGGShK; i-Ww6YauTo4CWyVs9d39mFxt; i-YC9ASb3D4X3HArthruK9Yt	i-EcTyixp6xZjny5gSkGGShK; i-Ww6YauTo4CWyVs9d39mFxt; i-YC9ASb3D4X3HArthruK9Yt			i-EcTyixp6xZjny5gSkGGShK; i-Ww6YauTo4CWyVs9d39mFxt; i-YC9ASb3D4X3HArthruK9Yt		False	3	0	0		0			https://github.com/swerik-project/riksdagen-motions/blob/main/data/1948/mot-1948--ak--00077.xml
244	1948	data/1948/mot-1948--ak--00209.xml	True	1.0	1.0	1.0	3	0	0	3	3	0.0	1.0	0.0	i-Dhr3fepGLYhSnsGQouLwQy; i-Rv9aHnFJh2azV9pZTjG2yC; i-SarBm3kgakASnaHyEe9Rba	i-Dhr3fepGLYhSnsGQouLwQy; i-Rv9aHnFJh2azV9pZTjG2yC; i-SarBm3kgakASnaHyEe9Rba	i-Dhr3fepGLYhSnsGQouLwQy; i-Rv9aHnFJh2azV9pZTjG2yC; i-SarBm3kgakASnaHyEe9Rba			i-Dhr3fepGLYhSnsGQouLwQy; i-Rv9aHnFJh2azV9pZTjG2yC; i-SarBm3kgakASnaHyEe9Rba		False	3	0	0		0			https://github.com/swerik-project/riksdagen-motions/blob/main/data/1948/mot-1948--ak--00209.xml
245	1948	data/1948/mot-1948--fk--00397.xml	True	1.0	1.0	1.0	1	0	0	1	1	0.0	1.0	0.0	i-6KvxK6SncpZo1RKRgaD1yQ	i-6KvxK6SncpZo1RKRgaD1yQ	i-6KvxK6SncpZo1RKRgaD1yQ			i-6KvxK6SncpZo1RKRgaD1yQ		False	1	0	0		0			https://github.com/swerik-project/riksdagen-motions/blob/main/data/1948/mot-1948--fk--00397.xml
246	1949	data/1949/mot-1949--ak--00353.xml	False	0.0	0.0	0.0	0	1	1	1	1	1.0	0.0	1.0	i-KibauNu6CSDswgonTZCuVD	i-TgGh4sLEipttrpG4XAgn6h		i-TgGh4sLEipttrpG4XAgn6h	i-KibauNu6CSDswgonTZCuVD	i-TgGh4sLEipttrpG4XAgn6h		False	2	1	0		0			https://github.com/swerik-project/riksdagen-motions/blob/main/data/1949/mot-1949--ak--00353.xml
247	1949	data/1949/mot-1949--fk--00111.xml	False	0.0	0.0	0.0	0	0	13	13	0	1.0	0.0	0.0	i-6GsafLogg26vz1fwk1RD5X; i-BytdFfh3YuhnvkuEUjKtkY; i-E9aScmhjijhnqjzEW3KgLJ; i-FNvUq6siEkjKMWmKLJgUz1; i-FooDdbstXg6Pqwp431p9Bu; i-HCwEBLHjvaPyUHpWDFDcMz; i-JYrP81br94CzALKBPuUgFA; i-KyDG5utQmSAidq3exNCrZk; i-LASmHrbJnU6cgbkm7wkovE; i-Nv3mVEtdkyLKd6ob3bcAA1; i-Ry79up6brcPYr8wj2XgxHz; i-S8aCynzawb1F4NqNExnsVg; i-Ww8VV8hxCYiEXY5qDTZs5Z				i-6GsafLogg26vz1fwk1RD5X; i-BytdFfh3YuhnvkuEUjKtkY; i-E9aScmhjijhnqjzEW3KgLJ; i-FNvUq6siEkjKMWmKLJgUz1; i-FooDdbstXg6Pqwp431p9Bu; i-HCwEBLHjvaPyUHpWDFDcMz; i-JYrP81br94CzALKBPuUgFA; i-KyDG5utQmSAidq3exNCrZk; i-LASmHrbJnU6cgbkm7wkovE; i-Nv3mVEtdkyLKd6ob3bcAA1; i-Ry79up6brcPYr8wj2XgxHz; i-S8aCynzawb1F4NqNExnsVg; i-Ww8VV8hxCYiEXY5qDTZs5Z			True	0	0	0		0			https://github.com/swerik-project/riksdagen-motions/blob/main/data/1949/mot-1949--fk--00111.xml
248	1949	data/1949/mot-1949--fk--00164.xml	False	0.5	1.0	0.6666666666666666	2	2	0	2	4	0.0	1.0	0.5	i-LJhRkyGqGFgicSSzZPbftJ; i-LbaEcYWYkiCp7BbTis658r	i-5jvc79PehcxtyUuivZivQ5; i-LJhRkyGqGFgicSSzZPbftJ; i-LbaEcYWYkiCp7BbTis658r; i-rxMPrABKBDwfiUwJZxNv7	i-LJhRkyGqGFgicSSzZPbftJ; i-LbaEcYWYkiCp7BbTis658r	i-5jvc79PehcxtyUuivZivQ5; i-rxMPrABKBDwfiUwJZxNv7		i-5jvc79PehcxtyUuivZivQ5; i-LJhRkyGqGFgicSSzZPbftJ; i-LbaEcYWYkiCp7BbTis658r; i-rxMPrABKBDwfiUwJZxNv7		False	4	0	0		0			https://github.com/swerik-project/riksdagen-motions/blob/main/data/1949/mot-1949--fk--00164.xml
249	1950	data/1950/mot-1950--ak--00312.xml	False	1.0	0.1	0.18181818181818182	1	0	9	10	1	0.9	0.1	0.0	i-184mh7uhT7D8tGsavsHbSJ; i-AM9FiHBfEfHmx9V5MLBTSB; i-AsKctAWx6ZcmMUPi7YHKuw; i-CHK4pmDUSNrTx9whg8Wpnu; i-CYQXMbTJsLyt2Dt3gwbE3g; i-F8bSD7JcePAy5c3DWYPLRs; i-HdDQYxRiHYqcNA8if825dE; i-NBpwJayKpXu4u1Uu87zKT1; i-QLRfUBaY66hqqMHQpis9sH; i-UbdkaWThBLeb83tF5THaPC	i-CYQXMbTJsLyt2Dt3gwbE3g	i-CYQXMbTJsLyt2Dt3gwbE3g		i-184mh7uhT7D8tGsavsHbSJ; i-AM9FiHBfEfHmx9V5MLBTSB; i-AsKctAWx6ZcmMUPi7YHKuw; i-CHK4pmDUSNrTx9whg8Wpnu; i-F8bSD7JcePAy5c3DWYPLRs; i-HdDQYxRiHYqcNA8if825dE; i-NBpwJayKpXu4u1Uu87zKT1; i-QLRfUBaY66hqqMHQpis9sH; i-UbdkaWThBLeb83tF5THaPC	i-CYQXMbTJsLyt2Dt3gwbE3g		False	1	0	0		0			https://github.com/swerik-project/riksdagen-motions/blob/main/data/1950/mot-1950--ak--00312.xml
250	1950	data/1950/mot-1950--fk--00428.xml	False	1.0	0.25	0.4	1	0	3	4	1	0.75	0.25	0.0	i-EaZnKH6pxHCkXzigK6A5oV; i-LASmHrbJnU6cgbkm7wkovE; i-Ry79up6brcPYr8wj2XgxHz; i-XxxhK5cXr2wqWtUSsWnphS	i-Ry79up6brcPYr8wj2XgxHz	i-Ry79up6brcPYr8wj2XgxHz		i-EaZnKH6pxHCkXzigK6A5oV; i-LASmHrbJnU6cgbkm7wkovE; i-XxxhK5cXr2wqWtUSsWnphS	i-Ry79up6brcPYr8wj2XgxHz		False	1	0	0		0			https://github.com/swerik-project/riksdagen-motions/blob/main/data/1950/mot-1950--fk--00428.xml
251	1950	data/1950/mot-1950-höst-ak--00633.xml	False	0.3333333333333333	0.6666666666666666	0.4444444444444444	2	4	1	3	6	0.3333333333333333	0.6666666666666666	0.6666666666666666	i-7QhuQTC8jPCEX5sKzLmV8S; i-AUCKptBWsFh38KS56FBcnz; i-riJfB4CgvG9jt4652TdCv	i-2HyRdnwNjJfPPeCiQ2cg17; i-7QhuQTC8jPCEX5sKzLmV8S; i-BqDGKscaLhUZHhaFFmx5pf; i-Mw31BTf7uoxHTWx5X3k5QD; i-X1b1iB5iFVzYX4NBDGX742; i-riJfB4CgvG9jt4652TdCv	i-7QhuQTC8jPCEX5sKzLmV8S; i-riJfB4CgvG9jt4652TdCv	i-2HyRdnwNjJfPPeCiQ2cg17; i-BqDGKscaLhUZHhaFFmx5pf; i-Mw31BTf7uoxHTWx5X3k5QD; i-X1b1iB5iFVzYX4NBDGX742	i-AUCKptBWsFh38KS56FBcnz	i-2HyRdnwNjJfPPeCiQ2cg17; i-7QhuQTC8jPCEX5sKzLmV8S; i-BqDGKscaLhUZHhaFFmx5pf; i-Mw31BTf7uoxHTWx5X3k5QD; i-X1b1iB5iFVzYX4NBDGX742; i-riJfB4CgvG9jt4652TdCv		False	13	6	0		0			https://github.com/swerik-project/riksdagen-motions/blob/main/data/1950/mot-1950-höst-ak--00633.xml
252	1951	data/1951/mot-1951--ak--00225.xml	False	0.5	0.5	0.5	1	1	1	2	2	0.5	0.5	0.5	i-PxJkAua7y2xMDdFhtkakAi; i-TW2v8kvC9bB35Jx86j8aCC	i-LhYyN2c3mQaesyUNSPg5Uq; i-PxJkAua7y2xMDdFhtkakAi	i-PxJkAua7y2xMDdFhtkakAi	i-LhYyN2c3mQaesyUNSPg5Uq	i-TW2v8kvC9bB35Jx86j8aCC	i-LhYyN2c3mQaesyUNSPg5Uq; i-PxJkAua7y2xMDdFhtkakAi		False	4	2	0		0			https://github.com/swerik-project/riksdagen-motions/blob/main/data/1951/mot-1951--ak--00225.xml
253	1951	data/1951/mot-1951--fk--00167.xml	True	1.0	1.0	1.0	2	0	0	2	2	0.0	1.0	0.0	i-FNvUq6siEkjKMWmKLJgUz1; i-XxxhK5cXr2wqWtUSsWnphS	i-FNvUq6siEkjKMWmKLJgUz1; i-XxxhK5cXr2wqWtUSsWnphS	i-FNvUq6siEkjKMWmKLJgUz1; i-XxxhK5cXr2wqWtUSsWnphS			i-FNvUq6siEkjKMWmKLJgUz1; i-XxxhK5cXr2wqWtUSsWnphS		False	2	0	0		0			https://github.com/swerik-project/riksdagen-motions/blob/main/data/1951/mot-1951--fk--00167.xml
254	1951	data/1951/mot-1951--fk--00395.xml	False	0.0	0.0	0.0	0	0	3	3	0	1.0	0.0	0.0	i-ERZdkAwWUNZZFepETj5sb1; i-Qc2sE2YiifAJrwAnDQvtyx; i-xxDJ3V22cfahN9u2e4ZdP				i-ERZdkAwWUNZZFepETj5sb1; i-Qc2sE2YiifAJrwAnDQvtyx; i-xxDJ3V22cfahN9u2e4ZdP			True	0	0	0		0			https://github.com/swerik-project/riksdagen-motions/blob/main/data/1951/mot-1951--fk--00395.xml
255	1952	data/1952/mot-1952--ak--00551.xml	True	1.0	1.0	1.0	8	0	0	8	8	0.0	1.0	0.0	i-2gvrXtH5sAT9PgXsCVpQSW; i-5QJsEUravEgVPFV6wHts4r; i-6qNV5dntxbsrdQyVsjxWoW; i-Bwox3EjKfvDRkzWdd46vzA; i-RkvKy7yomEBZCYRG5fCKH3; i-S9dMiL9yRpDaYPfVGjK1Gp; i-TgGh4sLEipttrpG4XAgn6h; i-VXG8kMCZePBb7hdhGDDpqG	i-2gvrXtH5sAT9PgXsCVpQSW; i-5QJsEUravEgVPFV6wHts4r; i-6qNV5dntxbsrdQyVsjxWoW; i-Bwox3EjKfvDRkzWdd46vzA; i-RkvKy7yomEBZCYRG5fCKH3; i-S9dMiL9yRpDaYPfVGjK1Gp; i-TgGh4sLEipttrpG4XAgn6h; i-VXG8kMCZePBb7hdhGDDpqG	i-2gvrXtH5sAT9PgXsCVpQSW; i-5QJsEUravEgVPFV6wHts4r; i-6qNV5dntxbsrdQyVsjxWoW; i-Bwox3EjKfvDRkzWdd46vzA; i-RkvKy7yomEBZCYRG5fCKH3; i-S9dMiL9yRpDaYPfVGjK1Gp; i-TgGh4sLEipttrpG4XAgn6h; i-VXG8kMCZePBb7hdhGDDpqG			i-2gvrXtH5sAT9PgXsCVpQSW; i-5QJsEUravEgVPFV6wHts4r; i-6qNV5dntxbsrdQyVsjxWoW; i-Bwox3EjKfvDRkzWdd46vzA; i-RkvKy7yomEBZCYRG5fCKH3; i-S9dMiL9yRpDaYPfVGjK1Gp; i-TgGh4sLEipttrpG4XAgn6h; i-VXG8kMCZePBb7hdhGDDpqG		False	8	0	0		0			https://github.com/swerik-project/riksdagen-motions/blob/main/data/1952/mot-1952--ak--00551.xml
256	1952	data/1952/mot-1952--fk--00180.xml	False	0.0	0.0	0.0	0	0	1	1	0	1.0	0.0	0.0	i-L31knc1H7Q8uzLgTZoFx7A				i-L31knc1H7Q8uzLgTZoFx7A			True	0	0	0		0			https://github.com/swerik-project/riksdagen-motions/blob/main/data/1952/mot-1952--fk--00180.xml
257	1952	data/1952/mot-1952--fk--00418.xml	False	0.0	0.0	0.0	0	0	2	2	0	1.0	0.0	0.0	i-L31knc1H7Q8uzLgTZoFx7A; i-N3Cf1Ve5VxLftgWsSxB1Sm				i-L31knc1H7Q8uzLgTZoFx7A; i-N3Cf1Ve5VxLftgWsSxB1Sm			True	0	0	0		0			https://github.com/swerik-project/riksdagen-motions/blob/main/data/1952/mot-1952--fk--00418.xml
258	1953	data/1953/mot-1953--ak--00352.xml	False	1.0	0.5	0.6666666666666666	1	0	1	2	1	0.5	0.5	0.0	i-JgRYTBR82A6fZXYWrDDTJv; i-WJt9CvN6go2ndHjsmuUcHK	i-WJt9CvN6go2ndHjsmuUcHK	i-WJt9CvN6go2ndHjsmuUcHK		i-JgRYTBR82A6fZXYWrDDTJv	i-WJt9CvN6go2ndHjsmuUcHK		False	2	1	0		0			https://github.com/swerik-project/riksdagen-motions/blob/main/data/1953/mot-1953--ak--00352.xml
259	1953	data/1953/mot-1953--fk--00389.xml	False	0.0	0.0	0.0	0	0	2	2	0	1.0	0.0	0.0	i-4trrwMgaaYgdfEZaeP8LTR; i-8SEmi1JqbwCoJ1VPeGoz48				i-4trrwMgaaYgdfEZaeP8LTR; i-8SEmi1JqbwCoJ1VPeGoz48			True	0	0	0		0			https://github.com/swerik-project/riksdagen-motions/blob/main/data/1953/mot-1953--fk--00389.xml
260	1953	data/1953/mot-1953--fk--00465.xml	False	0.6666666666666666	1.0	0.8	2	1	0	2	3	0.0	1.0	0.3333333333333333	i-86UCJVshbB61vRjLxQjFvP; i-GkRjiqpt3WtaJqbS42DPxm	i-86UCJVshbB61vRjLxQjFvP; i-Fosqa88LPhzc5pdJM2b9et; i-GkRjiqpt3WtaJqbS42DPxm	i-86UCJVshbB61vRjLxQjFvP; i-GkRjiqpt3WtaJqbS42DPxm	i-Fosqa88LPhzc5pdJM2b9et		i-86UCJVshbB61vRjLxQjFvP; i-Fosqa88LPhzc5pdJM2b9et; i-GkRjiqpt3WtaJqbS42DPxm		False	3	0	0		0			https://github.com/swerik-project/riksdagen-motions/blob/main/data/1953/mot-1953--fk--00465.xml
261	1954	data/1954/mot-1954--ak--00003.xml	True	1.0	1.0	1.0	2	0	0	2	2	0.0	1.0	0.0	i-8kujzKNAxDYBBz7N5bgmjC; i-LhYyN2c3mQaesyUNSPg5Uq	i-8kujzKNAxDYBBz7N5bgmjC; i-LhYyN2c3mQaesyUNSPg5Uq	i-8kujzKNAxDYBBz7N5bgmjC; i-LhYyN2c3mQaesyUNSPg5Uq			i-8kujzKNAxDYBBz7N5bgmjC; i-LhYyN2c3mQaesyUNSPg5Uq		False	2	0	0		0			https://github.com/swerik-project/riksdagen-motions/blob/main/data/1954/mot-1954--ak--00003.xml
262	1954	data/1954/mot-1954--ak--00118.xml	False	1.0	0.5384615384615384	0.7	7	0	6	13	7	0.46153846153846156	0.5384615384615384	0.0	i-184mh7uhT7D8tGsavsHbSJ; i-5YjySGNGBDgJddfFWCCv5Z; i-6PeNM1B9NsCjyScL117vps; i-9csrSsTp3kPVAcfCYPLzkX; i-Cgjpze7tVXfB3avYEk3Fuj; i-EuDLsjc6kknhMzPB1UFjeq; i-Q5eDvEJRU74CUef88BpzKH; i-TDRZedtxwSUsCqxKHfb7My; i-XD5q9S6mMdHF4YeAdX1eSp; i-XjJSAF3ZesohNnEDqUn3Eo; i-YEp8x3e1ZbGQFgCKjosuij; i-YFcDgybBxXNA8FKegvjZyV; i-oWcw76s14AfREuSzMW7Ni	i-184mh7uhT7D8tGsavsHbSJ; i-9csrSsTp3kPVAcfCYPLzkX; i-Cgjpze7tVXfB3avYEk3Fuj; i-EuDLsjc6kknhMzPB1UFjeq; i-TDRZedtxwSUsCqxKHfb7My; i-XD5q9S6mMdHF4YeAdX1eSp; i-XjJSAF3ZesohNnEDqUn3Eo	i-184mh7uhT7D8tGsavsHbSJ; i-9csrSsTp3kPVAcfCYPLzkX; i-Cgjpze7tVXfB3avYEk3Fuj; i-EuDLsjc6kknhMzPB1UFjeq; i-TDRZedtxwSUsCqxKHfb7My; i-XD5q9S6mMdHF4YeAdX1eSp; i-XjJSAF3ZesohNnEDqUn3Eo		i-5YjySGNGBDgJddfFWCCv5Z; i-6PeNM1B9NsCjyScL117vps; i-Q5eDvEJRU74CUef88BpzKH; i-YEp8x3e1ZbGQFgCKjosuij; i-YFcDgybBxXNA8FKegvjZyV; i-oWcw76s14AfREuSzMW7Ni	i-184mh7uhT7D8tGsavsHbSJ; i-9csrSsTp3kPVAcfCYPLzkX; i-Cgjpze7tVXfB3avYEk3Fuj; i-EuDLsjc6kknhMzPB1UFjeq; i-TDRZedtxwSUsCqxKHfb7My; i-XD5q9S6mMdHF4YeAdX1eSp; i-XjJSAF3ZesohNnEDqUn3Eo		False	8	1	0		0			https://github.com/swerik-project/riksdagen-motions/blob/main/data/1954/mot-1954--ak--00118.xml
263	1954	data/1954/mot-1954--fk--00372.xml	True	1.0	1.0	1.0	1	0	0	1	1	0.0	1.0	0.0	i-CuDS8imLC9tVmMZFNCATkP	i-CuDS8imLC9tVmMZFNCATkP	i-CuDS8imLC9tVmMZFNCATkP			i-CuDS8imLC9tVmMZFNCATkP		False	1	0	0		0			https://github.com/swerik-project/riksdagen-motions/blob/main/data/1954/mot-1954--fk--00372.xml
264	1955	data/1955/mot-1955--ak--00300.xml	False	0.0	0.0	0.0	0	0	2	2	0	1.0	0.0	0.0	i-2gvrXtH5sAT9PgXsCVpQSW; i-BoL9XYAnLchxuCqnC95mXX				i-2gvrXtH5sAT9PgXsCVpQSW; i-BoL9XYAnLchxuCqnC95mXX			True	1	1	0		0			https://github.com/swerik-project/riksdagen-motions/blob/main/data/1955/mot-1955--ak--00300.xml
265	1955	data/1955/mot-1955--ak--00472.xml	False	0.0	0.0	0.0	0	0	2	2	0	1.0	0.0	0.0	i-P8dcb8BV3PnFDCLJ87ZfqB; i-QyngumBRLxrQwrS7tZ63zu				i-P8dcb8BV3PnFDCLJ87ZfqB; i-QyngumBRLxrQwrS7tZ63zu			True	1	1	0		0			https://github.com/swerik-project/riksdagen-motions/blob/main/data/1955/mot-1955--ak--00472.xml
266	1955	data/1955/mot-1955--fk--00249.xml	False	0.25	1.0	0.4	1	3	0	1	4	0.0	1.0	0.75	i-BZLHYUpd3pecPJhafTWcP	i-2uUNwmjsyRbGEqGQmTMGoq; i-4pbAgoLV1BB3FE92CBZsfH; i-BZLHYUpd3pecPJhafTWcP; i-HGZVFFPEcK5naSxY9nQj5C	i-BZLHYUpd3pecPJhafTWcP	i-2uUNwmjsyRbGEqGQmTMGoq; i-4pbAgoLV1BB3FE92CBZsfH; i-HGZVFFPEcK5naSxY9nQj5C		i-2uUNwmjsyRbGEqGQmTMGoq; i-4pbAgoLV1BB3FE92CBZsfH; i-BZLHYUpd3pecPJhafTWcP; i-HGZVFFPEcK5naSxY9nQj5C		False	4	0	0		0			https://github.com/swerik-project/riksdagen-motions/blob/main/data/1955/mot-1955--fk--00249.xml
267	1956	data/1956/mot-1956--fk--00001.xml	True	1.0	1.0	1.0	3	0	0	3	3	0.0	1.0	0.0	i-2uUNwmjsyRbGEqGQmTMGoq; i-HGZVFFPEcK5naSxY9nQj5C; i-xuJ3YV4MkJQZgGM1nEsZP	i-2uUNwmjsyRbGEqGQmTMGoq; i-HGZVFFPEcK5naSxY9nQj5C; i-xuJ3YV4MkJQZgGM1nEsZP	i-2uUNwmjsyRbGEqGQmTMGoq; i-HGZVFFPEcK5naSxY9nQj5C; i-xuJ3YV4MkJQZgGM1nEsZP			i-2uUNwmjsyRbGEqGQmTMGoq; i-HGZVFFPEcK5naSxY9nQj5C; i-xuJ3YV4MkJQZgGM1nEsZP		False	4	1	0		0			https://github.com/swerik-project/riksdagen-motions/blob/main/data/1956/mot-1956--fk--00001.xml
268	1956	data/1956/mot-1956--fk--00250.xml	True	1.0	1.0	1.0	1	0	0	1	1	0.0	1.0	0.0	i-Pka4CXHW3YtrSzJvu8F17s	i-Pka4CXHW3YtrSzJvu8F17s	i-Pka4CXHW3YtrSzJvu8F17s			i-Pka4CXHW3YtrSzJvu8F17s		False	1	0	0		0			https://github.com/swerik-project/riksdagen-motions/blob/main/data/1956/mot-1956--fk--00250.xml
269	1956	data/1956/mot-1956-höst-fk--00625.xml	False	0.0	0.0	0.0	0	0	2	2	0	1.0	0.0	0.0	i-FoZGPWdjE7CaiMyuRthV17; i-mNZQ3wQBgCkkcFfgCUwyT				i-FoZGPWdjE7CaiMyuRthV17; i-mNZQ3wQBgCkkcFfgCUwyT			True	1	1	0		0			https://github.com/swerik-project/riksdagen-motions/blob/main/data/1956/mot-1956-höst-fk--00625.xml
270	1957	data/1957/mot-1957--ak--00502.xml	True	1.0	1.0	1.0	4	0	0	4	4	0.0	1.0	0.0	i-4N2H4JtSVXb7vKfkkSFwth; i-AEuL1tZkLG8yisHEPTUMjg; i-Qz4kjjKSzCm5RwSxi2vkro; i-TDRZedtxwSUsCqxKHfb7My	i-4N2H4JtSVXb7vKfkkSFwth; i-AEuL1tZkLG8yisHEPTUMjg; i-Qz4kjjKSzCm5RwSxi2vkro; i-TDRZedtxwSUsCqxKHfb7My	i-4N2H4JtSVXb7vKfkkSFwth; i-AEuL1tZkLG8yisHEPTUMjg; i-Qz4kjjKSzCm5RwSxi2vkro; i-TDRZedtxwSUsCqxKHfb7My			i-4N2H4JtSVXb7vKfkkSFwth; i-AEuL1tZkLG8yisHEPTUMjg; i-Qz4kjjKSzCm5RwSxi2vkro; i-TDRZedtxwSUsCqxKHfb7My		False	4	0	0		0			https://github.com/swerik-project/riksdagen-motions/blob/main/data/1957/mot-1957--ak--00502.xml
271	1957	data/1957/mot-1957--fk--00153.xml	False	0.0	0.0	0.0	0	1	2	2	1	1.0	0.0	1.0	i-HSVLs9EuZHSqQ2QS5VoFwi; i-WohT7ca1a7EZGHQCA6XaLU	i-QvSu31FkrjuHQxA21VW3dr		i-QvSu31FkrjuHQxA21VW3dr	i-HSVLs9EuZHSqQ2QS5VoFwi; i-WohT7ca1a7EZGHQCA6XaLU	i-QvSu31FkrjuHQxA21VW3dr		False	1	0	0		0			https://github.com/swerik-project/riksdagen-motions/blob/main/data/1957/mot-1957--fk--00153.xml
272	1957	data/1957/mot-1957--fk--00415.xml	False	0.0	0.0	0.0	0	3	2	2	3	1.0	0.0	1.0	i-N9AjjY11HAeYEZv7pS9mmC; i-VXG8kMCZePBb7hdhGDDpqG	i-5P9bYmBiudN4V5HJc3cCdi; i-GFTRsNqinZi5u1Qbi8pmh8; i-mNZQ3wQBgCkkcFfgCUwyT		i-5P9bYmBiudN4V5HJc3cCdi; i-GFTRsNqinZi5u1Qbi8pmh8; i-mNZQ3wQBgCkkcFfgCUwyT	i-N9AjjY11HAeYEZv7pS9mmC; i-VXG8kMCZePBb7hdhGDDpqG	i-5P9bYmBiudN4V5HJc3cCdi; i-GFTRsNqinZi5u1Qbi8pmh8; i-mNZQ3wQBgCkkcFfgCUwyT		False	6	3	0		0			https://github.com/swerik-project/riksdagen-motions/blob/main/data/1957/mot-1957--fk--00415.xml
273	1958	data/1958/mot-1958-b-ak--00002.xml	True	1.0	1.0	1.0	1	0	0	1	1	0.0	1.0	0.0	i-TDRZedtxwSUsCqxKHfb7My	i-TDRZedtxwSUsCqxKHfb7My	i-TDRZedtxwSUsCqxKHfb7My			i-TDRZedtxwSUsCqxKHfb7My		False	1	0	0		0			https://github.com/swerik-project/riksdagen-motions/blob/main/data/1958/mot-1958-b-ak--00002.xml
274	1958	data/1958/mot-1958-b-ak--00179.xml	True	1.0	1.0	1.0	2	0	0	2	2	0.0	1.0	0.0	i-Asq7NRpmkGRyqdnCrfGpjH; i-CEfqbpA8oaZDiGioappJrM	i-Asq7NRpmkGRyqdnCrfGpjH; i-CEfqbpA8oaZDiGioappJrM	i-Asq7NRpmkGRyqdnCrfGpjH; i-CEfqbpA8oaZDiGioappJrM			i-Asq7NRpmkGRyqdnCrfGpjH; i-CEfqbpA8oaZDiGioappJrM		False	2	0	0		0			https://github.com/swerik-project/riksdagen-motions/blob/main/data/1958/mot-1958-b-ak--00179.xml
275	1958	data/1958/mot-1958-b-fk--00164.xml	False	0.8	1.0	0.8888888888888888	4	1	0	4	5	0.0	1.0	0.2	i-4YQFYCZptEWZxiREjfJbJ6; i-FooDdbstXg6Pqwp431p9Bu; i-Lr6SgKhYd2CyYMfVp5ZboP; i-XxxhK5cXr2wqWtUSsWnphS	i-4YQFYCZptEWZxiREjfJbJ6; i-FooDdbstXg6Pqwp431p9Bu; i-Lr6SgKhYd2CyYMfVp5ZboP; i-XnAJTZxq8aH1QaVGLczDrb; i-XxxhK5cXr2wqWtUSsWnphS	i-4YQFYCZptEWZxiREjfJbJ6; i-FooDdbstXg6Pqwp431p9Bu; i-Lr6SgKhYd2CyYMfVp5ZboP; i-XxxhK5cXr2wqWtUSsWnphS	i-XnAJTZxq8aH1QaVGLczDrb		i-4YQFYCZptEWZxiREjfJbJ6; i-FooDdbstXg6Pqwp431p9Bu; i-Lr6SgKhYd2CyYMfVp5ZboP; i-XnAJTZxq8aH1QaVGLczDrb; i-XxxhK5cXr2wqWtUSsWnphS		False	9	0	0		0			https://github.com/swerik-project/riksdagen-motions/blob/main/data/1958/mot-1958-b-fk--00164.xml
276	1959	data/1959/mot-1959--ak--00122.xml	False	0.0	0.0	0.0	0	0	1	1	0	1.0	0.0	0.0	i-XXihiNpmHWiiceHXeDfC69				i-XXihiNpmHWiiceHXeDfC69			True	1	1	0		0			https://github.com/swerik-project/riksdagen-motions/blob/main/data/1959/mot-1959--ak--00122.xml
277	1959	data/1959/mot-1959--ak--00473.xml	False	0.0	0.0	0.0	0	0	2	2	0	1.0	0.0	0.0	i-44swHubmDpgCef21m1ga7y; i-Kv4hUGrgspgE3ZEpZrgHtZ				i-44swHubmDpgCef21m1ga7y; i-Kv4hUGrgspgE3ZEpZrgHtZ			True	2	2	0		0			https://github.com/swerik-project/riksdagen-motions/blob/main/data/1959/mot-1959--ak--00473.xml
278	1959	data/1959/mot-1959-höst-ak--00708.xml	True	1.0	1.0	1.0	4	0	0	4	4	0.0	1.0	0.0	i-AyzArf9ikS7ACDJkk6G8q3; i-BqDGKscaLhUZHhaFFmx5pf; i-BtszRKWKgFfiTcr2r2Ek6j; i-W7utyZVptwNBqUURdBKkmv	i-AyzArf9ikS7ACDJkk6G8q3; i-BqDGKscaLhUZHhaFFmx5pf; i-BtszRKWKgFfiTcr2r2Ek6j; i-W7utyZVptwNBqUURdBKkmv	i-AyzArf9ikS7ACDJkk6G8q3; i-BqDGKscaLhUZHhaFFmx5pf; i-BtszRKWKgFfiTcr2r2Ek6j; i-W7utyZVptwNBqUURdBKkmv			i-AyzArf9ikS7ACDJkk6G8q3; i-BqDGKscaLhUZHhaFFmx5pf; i-BtszRKWKgFfiTcr2r2Ek6j; i-W7utyZVptwNBqUURdBKkmv		False	4	0	0		0			https://github.com/swerik-project/riksdagen-motions/blob/main/data/1959/mot-1959-höst-ak--00708.xml
279	1960	data/1960/mot-1960--ak--00448.xml	False	0.0	0.0	0.0	0	0	2	2	0	1.0	0.0	0.0	i-CkprnrTz3hpNREdKrcoiAi; i-FoZGPWdjE7CaiMyuRthV17				i-CkprnrTz3hpNREdKrcoiAi; i-FoZGPWdjE7CaiMyuRthV17			True	3	3	0		0			https://github.com/swerik-project/riksdagen-motions/blob/main/data/1960/mot-1960--ak--00448.xml
280	1960	data/1960/mot-1960--ak--00726.xml	True	1.0	1.0	1.0	4	0	0	4	4	0.0	1.0	0.0	i-4N2H4JtSVXb7vKfkkSFwth; i-5jrk8rbBrvMVJRgQBQ5joP; i-7AdEUptmDDBeNmgpp22aZb; i-Q8GqdC3JjTLrmBKfpHpnPQ	i-4N2H4JtSVXb7vKfkkSFwth; i-5jrk8rbBrvMVJRgQBQ5joP; i-7AdEUptmDDBeNmgpp22aZb; i-Q8GqdC3JjTLrmBKfpHpnPQ	i-4N2H4JtSVXb7vKfkkSFwth; i-5jrk8rbBrvMVJRgQBQ5joP; i-7AdEUptmDDBeNmgpp22aZb; i-Q8GqdC3JjTLrmBKfpHpnPQ			i-4N2H4JtSVXb7vKfkkSFwth; i-5jrk8rbBrvMVJRgQBQ5joP; i-7AdEUptmDDBeNmgpp22aZb; i-Q8GqdC3JjTLrmBKfpHpnPQ		False	4	0	0		0			https://github.com/swerik-project/riksdagen-motions/blob/main/data/1960/mot-1960--ak--00726.xml
281	1960	data/1960/mot-1960--fk--00415.xml	False	1.0	0.25	0.4	1	0	3	4	1	0.75	0.25	0.0	i-AeRihY4YpUHoYMdpRJ5j33; i-BjeM1Hsbrf8mM7JBLXtGFk; i-LqZVb6hLZp6CQ14f85xa4x; i-PHRNhFwHoTM7WGoisPA8cq	i-LqZVb6hLZp6CQ14f85xa4x	i-LqZVb6hLZp6CQ14f85xa4x		i-AeRihY4YpUHoYMdpRJ5j33; i-BjeM1Hsbrf8mM7JBLXtGFk; i-PHRNhFwHoTM7WGoisPA8cq	i-LqZVb6hLZp6CQ14f85xa4x		False	2	0	0		0			https://github.com/swerik-project/riksdagen-motions/blob/main/data/1960/mot-1960--fk--00415.xml
282	1961	data/1961/mot-1961--ak--00594.xml	False	0.2	1.0	0.3333333333333333	1	4	0	1	5	0.0	1.0	0.8	i-2mWi9vtkPfa94zF2iziK1h	i-2mWi9vtkPfa94zF2iziK1h; i-BTQHo9TKPt4psovBo1HK4X; i-BjNiod8wotUabh41ByfhRU; i-CrKFd8YrUoQVBgUYnwpDY7; i-XXihiNpmHWiiceHXeDfC69	i-2mWi9vtkPfa94zF2iziK1h	i-BTQHo9TKPt4psovBo1HK4X; i-BjNiod8wotUabh41ByfhRU; i-CrKFd8YrUoQVBgUYnwpDY7; i-XXihiNpmHWiiceHXeDfC69		i-2mWi9vtkPfa94zF2iziK1h; i-BTQHo9TKPt4psovBo1HK4X; i-BjNiod8wotUabh41ByfhRU; i-CrKFd8YrUoQVBgUYnwpDY7; i-XXihiNpmHWiiceHXeDfC69		False	5	0	0		0			https://github.com/swerik-project/riksdagen-motions/blob/main/data/1961/mot-1961--ak--00594.xml
283	1961	data/1961/mot-1961--fk--00181.xml	False	0.5	0.4	0.4444444444444444	2	2	3	5	4	0.6	0.4	0.5	i-76SNFscuEcje1Vek94C3va; i-CbLt4jaPJd5mKjDaGXr293; i-DZnFKHRVhVQYnGq7dU8UeP; i-EUDRv3EqvNVr8K5AXzVcTU; i-Lr6SgKhYd2CyYMfVp5ZboP	i-EUDRv3EqvNVr8K5AXzVcTU; i-EZEtDK9JHw3Gk7dkPLEyuw; i-JJbUecmn3MSCSN2PV2BVLq; i-Lr6SgKhYd2CyYMfVp5ZboP	i-EUDRv3EqvNVr8K5AXzVcTU; i-Lr6SgKhYd2CyYMfVp5ZboP	i-EZEtDK9JHw3Gk7dkPLEyuw; i-JJbUecmn3MSCSN2PV2BVLq	i-76SNFscuEcje1Vek94C3va; i-CbLt4jaPJd5mKjDaGXr293; i-DZnFKHRVhVQYnGq7dU8UeP	i-EUDRv3EqvNVr8K5AXzVcTU; i-EZEtDK9JHw3Gk7dkPLEyuw; i-JJbUecmn3MSCSN2PV2BVLq; i-Lr6SgKhYd2CyYMfVp5ZboP		False	8	2	0		0			https://github.com/swerik-project/riksdagen-motions/blob/main/data/1961/mot-1961--fk--00181.xml
284	1961	data/1961/mot-1961--fk--00666.xml	False	0.0	0.0	0.0	0	0	2	2	0	1.0	0.0	0.0	i-5KLtedUJBbVCX1RZM32Fhq; i-BuoQWnUhmgcCdqGHDfNkww				i-5KLtedUJBbVCX1RZM32Fhq; i-BuoQWnUhmgcCdqGHDfNkww			True	1	1	0		0			https://github.com/swerik-project/riksdagen-motions/blob/main/data/1961/mot-1961--fk--00666.xml
285	1962	data/1962/mot-1962--ak--00004.xml	True	1.0	1.0	1.0	1	0	0	1	1	0.0	1.0	0.0	i-Af27F1xYCu7PKfDmUgU7Xb	i-Af27F1xYCu7PKfDmUgU7Xb	i-Af27F1xYCu7PKfDmUgU7Xb			i-Af27F1xYCu7PKfDmUgU7Xb		False	1	0	0		0			https://github.com/swerik-project/riksdagen-motions/blob/main/data/1962/mot-1962--ak--00004.xml
286	1962	data/1962/mot-1962--ak--00494.xml	False	0.0	0.0	0.0	0	1	2	2	1	1.0	0.0	1.0	i-QXiGidLhFr3yVPmDxRSa4h; i-UgwyXZW5Y9UVnaeQC5yZU8	i-SU3GVVoAF9WBfUSn5nRE5m		i-SU3GVVoAF9WBfUSn5nRE5m	i-QXiGidLhFr3yVPmDxRSa4h; i-UgwyXZW5Y9UVnaeQC5yZU8	i-SU3GVVoAF9WBfUSn5nRE5m		False	2	1	0		0			https://github.com/swerik-project/riksdagen-motions/blob/main/data/1962/mot-1962--ak--00494.xml
287	1962	data/1962/mot-1962--fk--00070.xml	False	0.75	0.75	0.75	3	1	1	4	4	0.25	0.75	0.25	i-DjzMK2q4HBp8SxyHxFkXFq; i-DuMmQVGSnykDcj8ZwohCuA; i-M4wHZVugBn9h9Kg9ELiKnA; i-XnQDSX294nH3szRa45nm6F	i-Apri7FgXXxnC71KLoUptE9; i-DjzMK2q4HBp8SxyHxFkXFq; i-DuMmQVGSnykDcj8ZwohCuA; i-XnQDSX294nH3szRa45nm6F	i-DjzMK2q4HBp8SxyHxFkXFq; i-DuMmQVGSnykDcj8ZwohCuA; i-XnQDSX294nH3szRa45nm6F	i-Apri7FgXXxnC71KLoUptE9	i-M4wHZVugBn9h9Kg9ELiKnA	i-Apri7FgXXxnC71KLoUptE9; i-DjzMK2q4HBp8SxyHxFkXFq; i-DuMmQVGSnykDcj8ZwohCuA; i-XnQDSX294nH3szRa45nm6F		False	4	0	0		0			https://github.com/swerik-project/riksdagen-motions/blob/main/data/1962/mot-1962--fk--00070.xml
288	1963	data/1963/mot-1963--ak--00124.xml	True	1.0	1.0	1.0	4	0	0	4	4	0.0	1.0	0.0	i-3R2qbKpVQbNv7BvXe7jvcr; i-9MFHjq6CgKrRzcV8mJqNJd; i-9pniEQjQ1nuD311D7jnQjy; i-DeMcYgqj88271pG5nHrmLT	i-3R2qbKpVQbNv7BvXe7jvcr; i-9MFHjq6CgKrRzcV8mJqNJd; i-9pniEQjQ1nuD311D7jnQjy; i-DeMcYgqj88271pG5nHrmLT	i-3R2qbKpVQbNv7BvXe7jvcr; i-9MFHjq6CgKrRzcV8mJqNJd; i-9pniEQjQ1nuD311D7jnQjy; i-DeMcYgqj88271pG5nHrmLT			i-3R2qbKpVQbNv7BvXe7jvcr; i-9MFHjq6CgKrRzcV8mJqNJd; i-9pniEQjQ1nuD311D7jnQjy; i-DeMcYgqj88271pG5nHrmLT		False	4	0	0		0			https://github.com/swerik-project/riksdagen-motions/blob/main/data/1963/mot-1963--ak--00124.xml
289	1963	data/1963/mot-1963--fk--00282.xml	False	0.0	0.0	0.0	0	0	3	3	0	1.0	0.0	0.0	i-8V9rz1DAk7BXrD9Xd2WbaB; i-AFKRuqw65ewVGnDdU6pKeD; i-Lr6SgKhYd2CyYMfVp5ZboP				i-8V9rz1DAk7BXrD9Xd2WbaB; i-AFKRuqw65ewVGnDdU6pKeD; i-Lr6SgKhYd2CyYMfVp5ZboP			True	1	1	0		0			https://github.com/swerik-project/riksdagen-motions/blob/main/data/1963/mot-1963--fk--00282.xml
290	1963	data/1963/mot-1963--fk--00548.xml	False	0.3333333333333333	1.0	0.5	1	2	0	1	3	0.0	1.0	0.6666666666666666	i-QW3U8q9gqCreU8hvXKjp44	i-PPWwBLdPREsswAdQfVRE7a; i-PUU7m4zHNmgsoCo9JZxuNX; i-QW3U8q9gqCreU8hvXKjp44	i-QW3U8q9gqCreU8hvXKjp44	i-PPWwBLdPREsswAdQfVRE7a; i-PUU7m4zHNmgsoCo9JZxuNX		i-PPWwBLdPREsswAdQfVRE7a; i-PUU7m4zHNmgsoCo9JZxuNX; i-QW3U8q9gqCreU8hvXKjp44		False	3	0	0		0			https://github.com/swerik-project/riksdagen-motions/blob/main/data/1963/mot-1963--fk--00548.xml
291	1964	data/1964/mot-1964--ak--00050.xml	False	1.0	0.25	0.4	1	0	3	4	1	0.75	0.25	0.0	i-9Y4xyA9x1QxKAxWcTDiJ57; i-FiisfXYQcUpGymcboYQpoF; i-GPYC16egTa8Yn3wguN6WLg; i-M4NwryA2HF7uey8djEDX9X	i-FiisfXYQcUpGymcboYQpoF	i-FiisfXYQcUpGymcboYQpoF		i-9Y4xyA9x1QxKAxWcTDiJ57; i-GPYC16egTa8Yn3wguN6WLg; i-M4NwryA2HF7uey8djEDX9X	i-FiisfXYQcUpGymcboYQpoF		False	1	0	0		0			https://github.com/swerik-project/riksdagen-motions/blob/main/data/1964/mot-1964--ak--00050.xml
292	1964	data/1964/mot-1964--fk--00576.xml	False	0.0	0.0	0.0	0	1	4	4	1	1.0	0.0	1.0	i-DuMmQVGSnykDcj8ZwohCuA; i-Lr6SgKhYd2CyYMfVp5ZboP; i-XnAJTZxq8aH1QaVGLczDrb; i-XxxhK5cXr2wqWtUSsWnphS	i-QW3U8q9gqCreU8hvXKjp44		i-QW3U8q9gqCreU8hvXKjp44	i-DuMmQVGSnykDcj8ZwohCuA; i-Lr6SgKhYd2CyYMfVp5ZboP; i-XnAJTZxq8aH1QaVGLczDrb; i-XxxhK5cXr2wqWtUSsWnphS	i-QW3U8q9gqCreU8hvXKjp44		False	2	1	0		0			https://github.com/swerik-project/riksdagen-motions/blob/main/data/1964/mot-1964--fk--00576.xml
293	1964	data/1964/mot-1964--fk--00824.xml	False	0.0	0.0	0.0	0	4	2	2	4	1.0	0.0	1.0	i-Uu3ii7QQsF5DRLG8s64oZ8; i-Ya2sXBkHdvFiAX2aAMCu84	i-8Lq2FtVLPjm4ZuNxycmaDK; i-CSGB7BSLWcVycgnbynHD51; i-GLno3eQa9T5zWF3tzFnibf; i-NrbxPf13DGzMk6GuWQTaKk		i-8Lq2FtVLPjm4ZuNxycmaDK; i-CSGB7BSLWcVycgnbynHD51; i-GLno3eQa9T5zWF3tzFnibf; i-NrbxPf13DGzMk6GuWQTaKk	i-Uu3ii7QQsF5DRLG8s64oZ8; i-Ya2sXBkHdvFiAX2aAMCu84	i-8Lq2FtVLPjm4ZuNxycmaDK; i-CSGB7BSLWcVycgnbynHD51; i-GLno3eQa9T5zWF3tzFnibf; i-NrbxPf13DGzMk6GuWQTaKk		False	5	1	0		0			https://github.com/swerik-project/riksdagen-motions/blob/main/data/1964/mot-1964--fk--00824.xml
294	1965	data/1965/mot-1965--ak--00891.xml	False	0.0	0.0	0.0	0	0	5	5	0	1.0	0.0	0.0	i-BHdk6r4gSueHaCjF4xQ9BW; i-E9aScmhjijhnqjzEW3KgLJ; i-JzFnmTZvh2HBnWRxpGWm5p; i-KY2qFJXpwf6GTtVoW7mKo8; i-McqtqKBwTgYornj9cNC5hS				i-BHdk6r4gSueHaCjF4xQ9BW; i-E9aScmhjijhnqjzEW3KgLJ; i-JzFnmTZvh2HBnWRxpGWm5p; i-KY2qFJXpwf6GTtVoW7mKo8; i-McqtqKBwTgYornj9cNC5hS			True	1	1	0		0			https://github.com/swerik-project/riksdagen-motions/blob/main/data/1965/mot-1965--ak--00891.xml
295	1965	data/1965/mot-1965--fk--00396.xml	False	0.0	0.0	0.0	0	0	3	3	0	1.0	0.0	0.0	i-2vSoREUgDMM9du3oZhTyJR; i-8V9rz1DAk7BXrD9Xd2WbaB; i-JJbUecmn3MSCSN2PV2BVLq				i-2vSoREUgDMM9du3oZhTyJR; i-8V9rz1DAk7BXrD9Xd2WbaB; i-JJbUecmn3MSCSN2PV2BVLq			True	1	1	0		0			https://github.com/swerik-project/riksdagen-motions/blob/main/data/1965/mot-1965--fk--00396.xml
296	1965	data/1965/mot-1965--fk--00616.xml	False	0.0	0.0	0.0	0	0	2	2	0	1.0	0.0	0.0	i-Enw1KHymm14HvZLXai5pNR; i-JJbUecmn3MSCSN2PV2BVLq				i-Enw1KHymm14HvZLXai5pNR; i-JJbUecmn3MSCSN2PV2BVLq			True	1	1	0		0			https://github.com/swerik-project/riksdagen-motions/blob/main/data/1965/mot-1965--fk--00616.xml
297	1966	data/1966/mot-1966--ak--00894.xml	False	0.2857142857142857	1.0	0.4444444444444444	2	5	0	2	7	0.0	1.0	0.7142857142857143	i-FREGKa9PtXVgWChpGg3rFi; i-M4NwryA2HF7uey8djEDX9X	i-5hWJKAnAs7X9iuugADpXr7; i-81PQrPhnDLAmM1hjWyXu84; i-BzYgGpLotxmsWDEnHPnKgu; i-FREGKa9PtXVgWChpGg3rFi; i-HW3WbeQFWVwtJaT8RCt2JM; i-M4NwryA2HF7uey8djEDX9X; i-UgwyXZW5Y9UVnaeQC5yZU8	i-FREGKa9PtXVgWChpGg3rFi; i-M4NwryA2HF7uey8djEDX9X	i-5hWJKAnAs7X9iuugADpXr7; i-81PQrPhnDLAmM1hjWyXu84; i-BzYgGpLotxmsWDEnHPnKgu; i-HW3WbeQFWVwtJaT8RCt2JM; i-UgwyXZW5Y9UVnaeQC5yZU8		i-5hWJKAnAs7X9iuugADpXr7; i-81PQrPhnDLAmM1hjWyXu84; i-BzYgGpLotxmsWDEnHPnKgu; i-FREGKa9PtXVgWChpGg3rFi; i-HW3WbeQFWVwtJaT8RCt2JM; i-M4NwryA2HF7uey8djEDX9X; i-UgwyXZW5Y9UVnaeQC5yZU8		False	7	0	0		0			https://github.com/swerik-project/riksdagen-motions/blob/main/data/1966/mot-1966--ak--00894.xml
298	1966	data/1966/mot-1966--fk--00014.xml	False	0.0	0.0	0.0	0	0	3	3	0	1.0	0.0	0.0	i-DYgzAT37kBVShgAsK7YzHQ; i-Nn2dRsVQuZeCCPQApM5Pkz; i-XbPNTXJL74ynfThk9DM7o9				i-DYgzAT37kBVShgAsK7YzHQ; i-Nn2dRsVQuZeCCPQApM5Pkz; i-XbPNTXJL74ynfThk9DM7o9			True	3	3	0		0			https://github.com/swerik-project/riksdagen-motions/blob/main/data/1966/mot-1966--fk--00014.xml
299	1966	data/1966/mot-1966--fk--00298.xml	True	1.0	1.0	1.0	1	0	0	1	1	0.0	1.0	0.0	i-PUU7m4zHNmgsoCo9JZxuNX	i-PUU7m4zHNmgsoCo9JZxuNX	i-PUU7m4zHNmgsoCo9JZxuNX			i-PUU7m4zHNmgsoCo9JZxuNX		False	2	0	0		0			https://github.com/swerik-project/riksdagen-motions/blob/main/data/1966/mot-1966--fk--00298.xml
300	1967	data/1967/mot-1967--ak--00139.xml	False	0.0	0.0	0.0	0	0	4	4	0	1.0	0.0	0.0	i-2mWi9vtkPfa94zF2iziK1h; i-7d3TRxM4EXGPcH4Nyst5jR; i-9Y4xyA9x1QxKAxWcTDiJ57; i-BbiLJyQjTgGoxdGRDLvnDo				i-2mWi9vtkPfa94zF2iziK1h; i-7d3TRxM4EXGPcH4Nyst5jR; i-9Y4xyA9x1QxKAxWcTDiJ57; i-BbiLJyQjTgGoxdGRDLvnDo			True	0	0	0		0			https://github.com/swerik-project/riksdagen-motions/blob/main/data/1967/mot-1967--ak--00139.xml
301	1967	data/1967/mot-1967--ak--00651.xml	True	1.0	1.0	1.0	4	0	0	4	4	0.0	1.0	0.0	i-3QAhVH5wpKkQj8omxN4FJe; i-3cLfVTHjxTNrH9Grf4J5np; i-6sbVRZAYRDNeiVS9WQSU1e; i-BFoXCgys28ckfAVNL5WTAG	i-3QAhVH5wpKkQj8omxN4FJe; i-3cLfVTHjxTNrH9Grf4J5np; i-6sbVRZAYRDNeiVS9WQSU1e; i-BFoXCgys28ckfAVNL5WTAG	i-3QAhVH5wpKkQj8omxN4FJe; i-3cLfVTHjxTNrH9Grf4J5np; i-6sbVRZAYRDNeiVS9WQSU1e; i-BFoXCgys28ckfAVNL5WTAG			i-3QAhVH5wpKkQj8omxN4FJe; i-3cLfVTHjxTNrH9Grf4J5np; i-6sbVRZAYRDNeiVS9WQSU1e; i-BFoXCgys28ckfAVNL5WTAG		False	4	0	0		0			https://github.com/swerik-project/riksdagen-motions/blob/main/data/1967/mot-1967--ak--00651.xml
302	1967	data/1967/mot-1967--ak--00704.xml	False	0.16666666666666666	0.6666666666666666	0.26666666666666666	2	10	1	3	12	0.3333333333333333	0.6666666666666666	0.8333333333333334	i-ATcwa3wSYttW59H6uu1PFg; i-Af27F1xYCu7PKfDmUgU7Xb; i-BTQHo9TKPt4psovBo1HK4X	i-3R2qbKpVQbNv7BvXe7jvcr; i-3R5C8vQo1FXLQaqX7yYqq8; i-4Fpaw3XcFb6Gne8E62mhr1; i-Af27F1xYCu7PKfDmUgU7Xb; i-BTQHo9TKPt4psovBo1HK4X; i-BjNiod8wotUabh41ByfhRU; i-CrKFd8YrUoQVBgUYnwpDY7; i-FoZGPWdjE7CaiMyuRthV17; i-Hg2Wz95RvQx3yUWLWY7d8f; i-LQKP5CDY62YpFZWUbs7QiW; i-QJQMD7isQ7v6yQvCE9CMfC; i-YTMf7Ds7TsUv3tGpFLxE7N	i-Af27F1xYCu7PKfDmUgU7Xb; i-BTQHo9TKPt4psovBo1HK4X	i-3R2qbKpVQbNv7BvXe7jvcr; i-3R5C8vQo1FXLQaqX7yYqq8; i-4Fpaw3XcFb6Gne8E62mhr1; i-BjNiod8wotUabh41ByfhRU; i-CrKFd8YrUoQVBgUYnwpDY7; i-FoZGPWdjE7CaiMyuRthV17; i-Hg2Wz95RvQx3yUWLWY7d8f; i-LQKP5CDY62YpFZWUbs7QiW; i-QJQMD7isQ7v6yQvCE9CMfC; i-YTMf7Ds7TsUv3tGpFLxE7N	i-ATcwa3wSYttW59H6uu1PFg	i-3R2qbKpVQbNv7BvXe7jvcr; i-3R5C8vQo1FXLQaqX7yYqq8; i-4Fpaw3XcFb6Gne8E62mhr1; i-Af27F1xYCu7PKfDmUgU7Xb; i-BTQHo9TKPt4psovBo1HK4X; i-BjNiod8wotUabh41ByfhRU; i-CrKFd8YrUoQVBgUYnwpDY7; i-FoZGPWdjE7CaiMyuRthV17; i-Hg2Wz95RvQx3yUWLWY7d8f; i-LQKP5CDY62YpFZWUbs7QiW; i-QJQMD7isQ7v6yQvCE9CMfC; i-YTMf7Ds7TsUv3tGpFLxE7N		False	16	3	0		0			https://github.com/swerik-project/riksdagen-motions/blob/main/data/1967/mot-1967--ak--00704.xml
303	1968	data/1968/mot-1968--ak--00070.xml	True	1.0	1.0	1.0	6	0	0	6	6	0.0	1.0	0.0	i-2H8FgkqFXcNpmFeBm6LxiU; i-5iDHhEyrDtZjVWxHXocqWy; i-7dXgNidaggTRBb3qPDta9j; i-9C6mLQs4QzU7geZ2uSMUpe; i-QskpWd4ZmmJt8AesZ4pf8K; i-VWPdkB4dCgnBm489RG7Nc4	i-2H8FgkqFXcNpmFeBm6LxiU; i-5iDHhEyrDtZjVWxHXocqWy; i-7dXgNidaggTRBb3qPDta9j; i-9C6mLQs4QzU7geZ2uSMUpe; i-QskpWd4ZmmJt8AesZ4pf8K; i-VWPdkB4dCgnBm489RG7Nc4	i-2H8FgkqFXcNpmFeBm6LxiU; i-5iDHhEyrDtZjVWxHXocqWy; i-7dXgNidaggTRBb3qPDta9j; i-9C6mLQs4QzU7geZ2uSMUpe; i-QskpWd4ZmmJt8AesZ4pf8K; i-VWPdkB4dCgnBm489RG7Nc4			i-2H8FgkqFXcNpmFeBm6LxiU; i-5iDHhEyrDtZjVWxHXocqWy; i-7dXgNidaggTRBb3qPDta9j; i-9C6mLQs4QzU7geZ2uSMUpe; i-QskpWd4ZmmJt8AesZ4pf8K; i-VWPdkB4dCgnBm489RG7Nc4		False	6	0	0		0			https://github.com/swerik-project/riksdagen-motions/blob/main/data/1968/mot-1968--ak--00070.xml
304	1968	data/1968/mot-1968--fk--00140.xml	True	1.0	1.0	1.0	2	0	0	2	2	0.0	1.0	0.0	i-4UgQ2nJDsz9iU1xxKcTpmu; i-FcSHwyiPoR4KQVGMkW2y5K	i-4UgQ2nJDsz9iU1xxKcTpmu; i-FcSHwyiPoR4KQVGMkW2y5K	i-4UgQ2nJDsz9iU1xxKcTpmu; i-FcSHwyiPoR4KQVGMkW2y5K			i-4UgQ2nJDsz9iU1xxKcTpmu; i-FcSHwyiPoR4KQVGMkW2y5K		False	2	0	0		0			https://github.com/swerik-project/riksdagen-motions/blob/main/data/1968/mot-1968--fk--00140.xml
305	1968	data/1968/mot-1968--fk--00735.xml	False	0.0	0.0	0.0	0	2	3	3	2	1.0	0.0	1.0	i-DjzMK2q4HBp8SxyHxFkXFq; i-Lr6SgKhYd2CyYMfVp5ZboP; i-S9zAqkxFcyEpCQ17ZA2QJ8	i-4UgQ2nJDsz9iU1xxKcTpmu; i-FcSHwyiPoR4KQVGMkW2y5K		i-4UgQ2nJDsz9iU1xxKcTpmu; i-FcSHwyiPoR4KQVGMkW2y5K	i-DjzMK2q4HBp8SxyHxFkXFq; i-Lr6SgKhYd2CyYMfVp5ZboP; i-S9zAqkxFcyEpCQ17ZA2QJ8	i-4UgQ2nJDsz9iU1xxKcTpmu; i-FcSHwyiPoR4KQVGMkW2y5K		False	5	3	0		0			https://github.com/swerik-project/riksdagen-motions/blob/main/data/1968/mot-1968--fk--00735.xml
306	1969	data/1969/mot-1969--ak--00240.xml	False	1.0	0.5	0.6666666666666666	1	0	1	2	1	0.5	0.5	0.0	i-UgwyXZW5Y9UVnaeQC5yZU8; i-X5irVMYi38e9gismX36fph	i-UgwyXZW5Y9UVnaeQC5yZU8	i-UgwyXZW5Y9UVnaeQC5yZU8		i-X5irVMYi38e9gismX36fph	i-UgwyXZW5Y9UVnaeQC5yZU8		False	2	1	0		0			https://github.com/swerik-project/riksdagen-motions/blob/main/data/1969/mot-1969--ak--00240.xml
307	1969	data/1969/mot-1969--ak--00485.xml	True	1.0	1.0	1.0	2	0	0	2	2	0.0	1.0	0.0	i-CQtoxcCx8s7hYkzafGerhR; i-S3eg8HSy1B2AEamregH9dM	i-CQtoxcCx8s7hYkzafGerhR; i-S3eg8HSy1B2AEamregH9dM	i-CQtoxcCx8s7hYkzafGerhR; i-S3eg8HSy1B2AEamregH9dM			i-CQtoxcCx8s7hYkzafGerhR; i-S3eg8HSy1B2AEamregH9dM		False	2	0	0		0			https://github.com/swerik-project/riksdagen-motions/blob/main/data/1969/mot-1969--ak--00485.xml
308	1969	data/1969/mot-1969--fk--00511.xml	False	0.625	1.0	0.7692307692307693	5	3	0	5	8	0.0	1.0	0.375	i-2eSXk1Vkv7uy5sKwa29vbf; i-Fc95WfULHTRVFGndMbh1qx; i-KVp9dph1ZssnqUAC7MH6d3; i-UCYvi6iBMAeLh1SyARGC1i; i-VvrKWHvS5YC9avJn4Jcoqj	i-2eSXk1Vkv7uy5sKwa29vbf; i-2vSoREUgDMM9du3oZhTyJR; i-4ZEtYkDJVkQzAPzCqTvRYF; i-Fc95WfULHTRVFGndMbh1qx; i-KVp9dph1ZssnqUAC7MH6d3; i-PUU7m4zHNmgsoCo9JZxuNX; i-UCYvi6iBMAeLh1SyARGC1i; i-VvrKWHvS5YC9avJn4Jcoqj	i-2eSXk1Vkv7uy5sKwa29vbf; i-Fc95WfULHTRVFGndMbh1qx; i-KVp9dph1ZssnqUAC7MH6d3; i-UCYvi6iBMAeLh1SyARGC1i; i-VvrKWHvS5YC9avJn4Jcoqj	i-2vSoREUgDMM9du3oZhTyJR; i-4ZEtYkDJVkQzAPzCqTvRYF; i-PUU7m4zHNmgsoCo9JZxuNX		i-2eSXk1Vkv7uy5sKwa29vbf; i-2vSoREUgDMM9du3oZhTyJR; i-4ZEtYkDJVkQzAPzCqTvRYF; i-Fc95WfULHTRVFGndMbh1qx; i-KVp9dph1ZssnqUAC7MH6d3; i-PUU7m4zHNmgsoCo9JZxuNX; i-UCYvi6iBMAeLh1SyARGC1i; i-VvrKWHvS5YC9avJn4Jcoqj		False	8	0	0		0			https://github.com/swerik-project/riksdagen-motions/blob/main/data/1969/mot-1969--fk--00511.xml
309	1970	data/1970/mot-1970--ak--00551.xml	False	0.36363636363636365	0.8	0.5	4	7	1	5	11	0.2	0.8	0.6363636363636364	i-Asq7NRpmkGRyqdnCrfGpjH; i-HBefMTHdym5gJ3a1vqK6pr; i-PrsCQ5b3apVhb1mY1YWbbp; i-QUqUmVazVZYgkmCXgYjZgs; i-YbgaAY79FADF32ty9BkkW	i-3ChvFB2zr9iHy1ZRMn1Ban; i-6PeNM1B9NsCjyScL117vps; i-8aNTXCV4f9MdU7Dz15ZXyB; i-Asq7NRpmkGRyqdnCrfGpjH; i-BtszRKWKgFfiTcr2r2Ek6j; i-Fs9KpZYHZp1uu9ioJZkH5D; i-HBefMTHdym5gJ3a1vqK6pr; i-QUqUmVazVZYgkmCXgYjZgs; i-QXiGidLhFr3yVPmDxRSa4h; i-UgwyXZW5Y9UVnaeQC5yZU8; i-YbgaAY79FADF32ty9BkkW	i-Asq7NRpmkGRyqdnCrfGpjH; i-HBefMTHdym5gJ3a1vqK6pr; i-QUqUmVazVZYgkmCXgYjZgs; i-YbgaAY79FADF32ty9BkkW	i-3ChvFB2zr9iHy1ZRMn1Ban; i-6PeNM1B9NsCjyScL117vps; i-8aNTXCV4f9MdU7Dz15ZXyB; i-BtszRKWKgFfiTcr2r2Ek6j; i-Fs9KpZYHZp1uu9ioJZkH5D; i-QXiGidLhFr3yVPmDxRSa4h; i-UgwyXZW5Y9UVnaeQC5yZU8	i-PrsCQ5b3apVhb1mY1YWbbp	i-3ChvFB2zr9iHy1ZRMn1Ban; i-6PeNM1B9NsCjyScL117vps; i-8aNTXCV4f9MdU7Dz15ZXyB; i-Asq7NRpmkGRyqdnCrfGpjH; i-BtszRKWKgFfiTcr2r2Ek6j; i-Fs9KpZYHZp1uu9ioJZkH5D; i-HBefMTHdym5gJ3a1vqK6pr; i-QUqUmVazVZYgkmCXgYjZgs; i-QXiGidLhFr3yVPmDxRSa4h; i-UgwyXZW5Y9UVnaeQC5yZU8; i-YbgaAY79FADF32ty9BkkW		False	13	2	0		0			https://github.com/swerik-project/riksdagen-motions/blob/main/data/1970/mot-1970--ak--00551.xml
310	1970	data/1970/mot-1970--ak--00570.xml	True	1.0	1.0	1.0	1	0	0	1	1	0.0	1.0	0.0	i-3DJzbhf3kpR3QgMGxxJp5p	i-3DJzbhf3kpR3QgMGxxJp5p	i-3DJzbhf3kpR3QgMGxxJp5p			i-3DJzbhf3kpR3QgMGxxJp5p		False	1	0	0		0			https://github.com/swerik-project/riksdagen-motions/blob/main/data/1970/mot-1970--ak--00570.xml
311	1970	data/1970/mot-1970--ak--01072.xml	True	1.0	1.0	1.0	1	0	0	1	1	0.0	1.0	0.0	i-4uJEFdvmwfbMmozZhv5XDY	i-4uJEFdvmwfbMmozZhv5XDY	i-4uJEFdvmwfbMmozZhv5XDY			i-4uJEFdvmwfbMmozZhv5XDY		False	1	0	0		0			https://github.com/swerik-project/riksdagen-motions/blob/main/data/1970/mot-1970--ak--01072.xml
312	1971	data/1971/mot-1971--01121.xml	False	1.0	0.6666666666666666	0.8	2	0	1	3	2	0.3333333333333333	0.6666666666666666	0.0	i-4ArLZazBX4fxunitZvs7oe; i-7CXHDen9y2qKcYDisT3zjQ; i-S9emfaxXsmAywnkewYKSJ7	i-4ArLZazBX4fxunitZvs7oe; i-S9emfaxXsmAywnkewYKSJ7	i-4ArLZazBX4fxunitZvs7oe; i-S9emfaxXsmAywnkewYKSJ7		i-7CXHDen9y2qKcYDisT3zjQ	i-4ArLZazBX4fxunitZvs7oe; i-S9emfaxXsmAywnkewYKSJ7	i-4ArLZazBX4fxunitZvs7oe; i-7CXHDen9y2qKcYDisT3zjQ; i-S9emfaxXsmAywnkewYKSJ7	False	3	1	0		0			https://github.com/swerik-project/riksdagen-motions/blob/main/data/1971/mot-1971--01121.xml
313	1971	data/1971/mot-1971--01175.xml	True	1.0	1.0	1.0	8	0	0	8	8	0.0	1.0	0.0	i-2vSoREUgDMM9du3oZhTyJR; i-81PQrPhnDLAmM1hjWyXu84; i-AMWvsAmfXhcB7kDsWLx8qY; i-HdmXapeTq3DFBQub8j1ccm; i-Hu7hKPMf4mxcMxbTcp28NL; i-Ki8BXCebma4Cx5CBFDs2LW; i-MKtRRcpTpEb8T45YVQN8TW; i-N3aYKF4kBnV2748MhAsbdj	i-2vSoREUgDMM9du3oZhTyJR; i-81PQrPhnDLAmM1hjWyXu84; i-AMWvsAmfXhcB7kDsWLx8qY; i-HdmXapeTq3DFBQub8j1ccm; i-Hu7hKPMf4mxcMxbTcp28NL; i-Ki8BXCebma4Cx5CBFDs2LW; i-MKtRRcpTpEb8T45YVQN8TW; i-N3aYKF4kBnV2748MhAsbdj	i-2vSoREUgDMM9du3oZhTyJR; i-81PQrPhnDLAmM1hjWyXu84; i-AMWvsAmfXhcB7kDsWLx8qY; i-HdmXapeTq3DFBQub8j1ccm; i-Hu7hKPMf4mxcMxbTcp28NL; i-Ki8BXCebma4Cx5CBFDs2LW; i-MKtRRcpTpEb8T45YVQN8TW; i-N3aYKF4kBnV2748MhAsbdj			i-2vSoREUgDMM9du3oZhTyJR; i-81PQrPhnDLAmM1hjWyXu84; i-AMWvsAmfXhcB7kDsWLx8qY; i-HdmXapeTq3DFBQub8j1ccm; i-Hu7hKPMf4mxcMxbTcp28NL; i-Ki8BXCebma4Cx5CBFDs2LW; i-MKtRRcpTpEb8T45YVQN8TW; i-N3aYKF4kBnV2748MhAsbdj	i-2vSoREUgDMM9du3oZhTyJR; i-AMWvsAmfXhcB7kDsWLx8qY; i-HdmXapeTq3DFBQub8j1ccm; i-Hu7hKPMf4mxcMxbTcp28NL; i-Ki8BXCebma4Cx5CBFDs2LW; i-MKtRRcpTpEb8T45YVQN8TW; i-N3aYKF4kBnV2748MhAsbdj	False	8	0	0		0			https://github.com/swerik-project/riksdagen-motions/blob/main/data/1971/mot-1971--01175.xml
314	1972	data/1972/mot-1972--00770.xml	False	0.75	1.0	0.8571428571428571	3	1	0	3	4	0.0	1.0	0.25	i-5kU1NDcAEm4A68amDSrbNF; i-APdYmA6gEZ5MaLN6tJK7ae; i-BRbSgB6kTjTGkYknyWRHHb	i-5kU1NDcAEm4A68amDSrbNF; i-APdYmA6gEZ5MaLN6tJK7ae; i-BRbSgB6kTjTGkYknyWRHHb; i-GLno3eQa9T5zWF3tzFnibf	i-5kU1NDcAEm4A68amDSrbNF; i-APdYmA6gEZ5MaLN6tJK7ae; i-BRbSgB6kTjTGkYknyWRHHb	i-GLno3eQa9T5zWF3tzFnibf		i-5kU1NDcAEm4A68amDSrbNF; i-APdYmA6gEZ5MaLN6tJK7ae; i-BRbSgB6kTjTGkYknyWRHHb; i-GLno3eQa9T5zWF3tzFnibf	i-5kU1NDcAEm4A68amDSrbNF; i-APdYmA6gEZ5MaLN6tJK7ae; i-GLno3eQa9T5zWF3tzFnibf	False	4	0	0		1			https://github.com/swerik-project/riksdagen-motions/blob/main/data/1972/mot-1972--00770.xml
315	1972	data/1972/mot-1972--01545.xml	False	0.6	1.0	0.75	3	2	0	3	5	0.0	1.0	0.4	i-8hxDNLW9NgYYqBHg8RCZcj; i-BTQHo9TKPt4psovBo1HK4X; i-FoZGPWdjE7CaiMyuRthV17	i-2vSoREUgDMM9du3oZhTyJR; i-7oTnqapnshRg18qXWm1AaJ; i-8hxDNLW9NgYYqBHg8RCZcj; i-BTQHo9TKPt4psovBo1HK4X; i-FoZGPWdjE7CaiMyuRthV17	i-8hxDNLW9NgYYqBHg8RCZcj; i-BTQHo9TKPt4psovBo1HK4X; i-FoZGPWdjE7CaiMyuRthV17	i-2vSoREUgDMM9du3oZhTyJR; i-7oTnqapnshRg18qXWm1AaJ		i-2vSoREUgDMM9du3oZhTyJR; i-7oTnqapnshRg18qXWm1AaJ; i-8hxDNLW9NgYYqBHg8RCZcj; i-BTQHo9TKPt4psovBo1HK4X; i-FoZGPWdjE7CaiMyuRthV17	i-7oTnqapnshRg18qXWm1AaJ; i-FoZGPWdjE7CaiMyuRthV17	False	5	0	0		0			https://github.com/swerik-project/riksdagen-motions/blob/main/data/1972/mot-1972--01545.xml
316	1972	data/1972/mot-1972--01698.xml	True	1.0	1.0	1.0	2	0	0	2	2	0.0	1.0	0.0	i-Af27F1xYCu7PKfDmUgU7Xb; i-CA3pFyLdFtkVneaXbdnyV4	i-Af27F1xYCu7PKfDmUgU7Xb; i-CA3pFyLdFtkVneaXbdnyV4	i-Af27F1xYCu7PKfDmUgU7Xb; i-CA3pFyLdFtkVneaXbdnyV4			i-Af27F1xYCu7PKfDmUgU7Xb; i-CA3pFyLdFtkVneaXbdnyV4	i-Af27F1xYCu7PKfDmUgU7Xb; i-CA3pFyLdFtkVneaXbdnyV4	True	2	0	0		0			https://github.com/swerik-project/riksdagen-motions/blob/main/data/1972/mot-1972--01698.xml
317	1973	data/1973/mot-1973--00268.xml	False	0.875	0.875	0.875	7	1	1	8	8	0.125	0.875	0.125	i-6V941ptYoLBrpqJyJPSEbT; i-FPpfM5ZVv1R5M45zNkpLUZ; i-HkRfm34QRnYJtBXctyaMk; i-MJi2EpNpLStR2Rke7Db78j; i-NnnjpbjTFUH5mHJLVXoKZ1; i-TLnEcKgBYha1pdFTVEbAvk; i-TkQYUfaqKqtshh9bgzavdb; i-UcWQ1kahuDDDAVPWeSNvC7	i-FPpfM5ZVv1R5M45zNkpLUZ; i-HkRfm34QRnYJtBXctyaMk; i-MJi2EpNpLStR2Rke7Db78j; i-NnnjpbjTFUH5mHJLVXoKZ1; i-QoeFZWNQgLDU6t6B6RuPtd; i-TLnEcKgBYha1pdFTVEbAvk; i-TkQYUfaqKqtshh9bgzavdb; i-UcWQ1kahuDDDAVPWeSNvC7	i-FPpfM5ZVv1R5M45zNkpLUZ; i-HkRfm34QRnYJtBXctyaMk; i-MJi2EpNpLStR2Rke7Db78j; i-NnnjpbjTFUH5mHJLVXoKZ1; i-TLnEcKgBYha1pdFTVEbAvk; i-TkQYUfaqKqtshh9bgzavdb; i-UcWQ1kahuDDDAVPWeSNvC7	i-QoeFZWNQgLDU6t6B6RuPtd	i-6V941ptYoLBrpqJyJPSEbT	i-FPpfM5ZVv1R5M45zNkpLUZ; i-HkRfm34QRnYJtBXctyaMk; i-MJi2EpNpLStR2Rke7Db78j; i-NnnjpbjTFUH5mHJLVXoKZ1; i-QoeFZWNQgLDU6t6B6RuPtd; i-TLnEcKgBYha1pdFTVEbAvk; i-TkQYUfaqKqtshh9bgzavdb; i-UcWQ1kahuDDDAVPWeSNvC7	i-HkRfm34QRnYJtBXctyaMk; i-MJi2EpNpLStR2Rke7Db78j; i-NnnjpbjTFUH5mHJLVXoKZ1; i-QoeFZWNQgLDU6t6B6RuPtd; i-TLnEcKgBYha1pdFTVEbAvk; i-TkQYUfaqKqtshh9bgzavdb; i-UcWQ1kahuDDDAVPWeSNvC7	False	9	1	0		2			https://github.com/swerik-project/riksdagen-motions/blob/main/data/1973/mot-1973--00268.xml
318	1973	data/1973/mot-1973--01680.xml	True	1.0	1.0	1.0	1	0	0	1	1	0.0	1.0	0.0	i-N4EAtthRAnrRUx2M5559AH	i-N4EAtthRAnrRUx2M5559AH	i-N4EAtthRAnrRUx2M5559AH			i-N4EAtthRAnrRUx2M5559AH	i-N4EAtthRAnrRUx2M5559AH	True	1	0	0		0			https://github.com/swerik-project/riksdagen-motions/blob/main/data/1973/mot-1973--01680.xml
319	1973	data/1973/mot-1973--02004.xml	False	1.0	0.5714285714285714	0.7272727272727273	8	0	6	14	8	0.42857142857142855	0.5714285714285714	0.0	i-3ChvFB2zr9iHy1ZRMn1Ban; i-6PeNM1B9NsCjyScL117vps; i-8aNTXCV4f9MdU7Dz15ZXyB; i-9pZ6GzfD2R22bxSydJmuYz; i-BtQ4ubBXfEg4xPiwpPM4Vt; i-DYgzAT37kBVShgAsK7YzHQ; i-Fs9KpZYHZp1uu9ioJZkH5D; i-GNWd5uE9fySggzZr5teCwt; i-Hu7hKPMf4mxcMxbTcp28NL; i-MHvgjmzw3jqPLk3AHQUFKw; i-QXiGidLhFr3yVPmDxRSa4h; i-QoeFZWNQgLDU6t6B6RuPtd; i-Qz4kjjKSzCm5RwSxi2vkro; i-X1ToJn6x8wK4Am2pyYt2KG	i-6PeNM1B9NsCjyScL117vps; i-DYgzAT37kBVShgAsK7YzHQ; i-Fs9KpZYHZp1uu9ioJZkH5D; i-Hu7hKPMf4mxcMxbTcp28NL; i-QXiGidLhFr3yVPmDxRSa4h; i-QoeFZWNQgLDU6t6B6RuPtd; i-Qz4kjjKSzCm5RwSxi2vkro; i-X1ToJn6x8wK4Am2pyYt2KG	i-6PeNM1B9NsCjyScL117vps; i-DYgzAT37kBVShgAsK7YzHQ; i-Fs9KpZYHZp1uu9ioJZkH5D; i-Hu7hKPMf4mxcMxbTcp28NL; i-QXiGidLhFr3yVPmDxRSa4h; i-QoeFZWNQgLDU6t6B6RuPtd; i-Qz4kjjKSzCm5RwSxi2vkro; i-X1ToJn6x8wK4Am2pyYt2KG		i-3ChvFB2zr9iHy1ZRMn1Ban; i-8aNTXCV4f9MdU7Dz15ZXyB; i-9pZ6GzfD2R22bxSydJmuYz; i-BtQ4ubBXfEg4xPiwpPM4Vt; i-GNWd5uE9fySggzZr5teCwt; i-MHvgjmzw3jqPLk3AHQUFKw	i-6PeNM1B9NsCjyScL117vps; i-DYgzAT37kBVShgAsK7YzHQ; i-Fs9KpZYHZp1uu9ioJZkH5D; i-Hu7hKPMf4mxcMxbTcp28NL; i-QXiGidLhFr3yVPmDxRSa4h; i-QoeFZWNQgLDU6t6B6RuPtd; i-Qz4kjjKSzCm5RwSxi2vkro; i-X1ToJn6x8wK4Am2pyYt2KG	i-3ChvFB2zr9iHy1ZRMn1Ban; i-6PeNM1B9NsCjyScL117vps; i-8aNTXCV4f9MdU7Dz15ZXyB; i-9pZ6GzfD2R22bxSydJmuYz; i-ACVAPuDAAVNFDcYqCfRkK; i-BtQ4ubBXfEg4xPiwpPM4Vt; i-DYgzAT37kBVShgAsK7YzHQ; i-Fs9KpZYHZp1uu9ioJZkH5D; i-Hu7hKPMf4mxcMxbTcp28NL; i-MHvgjmzw3jqPLk3AHQUFKw; i-QXiGidLhFr3yVPmDxRSa4h; i-QoeFZWNQgLDU6t6B6RuPtd; i-Qz4kjjKSzCm5RwSxi2vkro; i-X1ToJn6x8wK4Am2pyYt2KG	False	8	0	0		0			https://github.com/swerik-project/riksdagen-motions/blob/main/data/1973/mot-1973--02004.xml
320	1974	data/1974/mot-1974--00804.xml	True	1.0	1.0	1.0	3	0	0	3	3	0.0	1.0	0.0	i-EaiobhkKSCFjVoGi3uyvzx; i-Lb6TJhMAdirNrTer6HSGyJ; i-PjjxQYR5UbxSEEqwa2s5mr	i-EaiobhkKSCFjVoGi3uyvzx; i-Lb6TJhMAdirNrTer6HSGyJ; i-PjjxQYR5UbxSEEqwa2s5mr	i-EaiobhkKSCFjVoGi3uyvzx; i-Lb6TJhMAdirNrTer6HSGyJ; i-PjjxQYR5UbxSEEqwa2s5mr			i-EaiobhkKSCFjVoGi3uyvzx; i-Lb6TJhMAdirNrTer6HSGyJ; i-PjjxQYR5UbxSEEqwa2s5mr	i-EaiobhkKSCFjVoGi3uyvzx; i-Lb6TJhMAdirNrTer6HSGyJ; i-PjjxQYR5UbxSEEqwa2s5mr	True	3	0	0		0			https://github.com/swerik-project/riksdagen-motions/blob/main/data/1974/mot-1974--00804.xml
321	1974	data/1974/mot-1974--01552.xml	False	0.8	1.0	0.8888888888888888	4	1	0	4	5	0.0	1.0	0.2	i-3sd3coveTcEfybUorJpXWf; i-NLBMxEvbLF63U4eqdbsfQX; i-T3zCzvNQPV4UWoYeoSQzvf; i-TRnXjwqZqTJWcuZekA2f4r	i-3sd3coveTcEfybUorJpXWf; i-BZDMLaDZjTMLecbbyhYS3t; i-NLBMxEvbLF63U4eqdbsfQX; i-T3zCzvNQPV4UWoYeoSQzvf; i-TRnXjwqZqTJWcuZekA2f4r	i-3sd3coveTcEfybUorJpXWf; i-NLBMxEvbLF63U4eqdbsfQX; i-T3zCzvNQPV4UWoYeoSQzvf; i-TRnXjwqZqTJWcuZekA2f4r	i-BZDMLaDZjTMLecbbyhYS3t		i-3sd3coveTcEfybUorJpXWf; i-BZDMLaDZjTMLecbbyhYS3t; i-NLBMxEvbLF63U4eqdbsfQX; i-T3zCzvNQPV4UWoYeoSQzvf; i-TRnXjwqZqTJWcuZekA2f4r	i-3sd3coveTcEfybUorJpXWf; i-BZDMLaDZjTMLecbbyhYS3t; i-NLBMxEvbLF63U4eqdbsfQX; i-T3zCzvNQPV4UWoYeoSQzvf; i-TRnXjwqZqTJWcuZekA2f4r	True	5	0	0		0			https://github.com/swerik-project/riksdagen-motions/blob/main/data/1974/mot-1974--01552.xml
322	1974	data/1974/mot-1974--01947.xml	True	1.0	1.0	1.0	2	0	0	2	2	0.0	1.0	0.0	i-Af27F1xYCu7PKfDmUgU7Xb; i-TihcZVivd1iNxtjFf2UaF4	i-Af27F1xYCu7PKfDmUgU7Xb; i-TihcZVivd1iNxtjFf2UaF4	i-Af27F1xYCu7PKfDmUgU7Xb; i-TihcZVivd1iNxtjFf2UaF4			i-Af27F1xYCu7PKfDmUgU7Xb; i-TihcZVivd1iNxtjFf2UaF4	i-Af27F1xYCu7PKfDmUgU7Xb; i-TihcZVivd1iNxtjFf2UaF4	True	2	0	0		0			https://github.com/swerik-project/riksdagen-motions/blob/main/data/1974/mot-1974--01947.xml
323	1975	data/1975/mot-1975--00190.xml	False	0.5	0.5	0.5	1	1	1	2	2	0.5	0.5	0.5	i-Af27F1xYCu7PKfDmUgU7Xb; i-TihcZVivd1iNxtjFf2UaF4	i-DuMmQVGSnykDcj8ZwohCuA; i-TihcZVivd1iNxtjFf2UaF4	i-TihcZVivd1iNxtjFf2UaF4	i-DuMmQVGSnykDcj8ZwohCuA	i-Af27F1xYCu7PKfDmUgU7Xb	i-DuMmQVGSnykDcj8ZwohCuA; i-TihcZVivd1iNxtjFf2UaF4	i-DuMmQVGSnykDcj8ZwohCuA; i-TihcZVivd1iNxtjFf2UaF4	True	2	0	0		0			https://github.com/swerik-project/riksdagen-motions/blob/main/data/1975/mot-1975--00190.xml
324	1975	data/1975/mot-1975--01446.xml	True	1.0	1.0	1.0	3	0	0	3	3	0.0	1.0	0.0	i-9FZ4w8Hg49p7i94HbueNCk; i-QD529ywv2NxNf9n1Uh7cuj; i-jfPyBgwNkgJP6agUZAarG	i-9FZ4w8Hg49p7i94HbueNCk; i-QD529ywv2NxNf9n1Uh7cuj; i-jfPyBgwNkgJP6agUZAarG	i-9FZ4w8Hg49p7i94HbueNCk; i-QD529ywv2NxNf9n1Uh7cuj; i-jfPyBgwNkgJP6agUZAarG			i-9FZ4w8Hg49p7i94HbueNCk; i-QD529ywv2NxNf9n1Uh7cuj; i-jfPyBgwNkgJP6agUZAarG	i-QD529ywv2NxNf9n1Uh7cuj; i-jfPyBgwNkgJP6agUZAarG	False	3	0	0		1			https://github.com/swerik-project/riksdagen-motions/blob/main/data/1975/mot-1975--01446.xml
325	1975	data/1975/mot-1975--01730.xml	False	0.5	0.5	0.5	1	1	1	2	2	0.5	0.5	0.5	i-BTQHo9TKPt4psovBo1HK4X; i-RdtwPwmDryD4dZ2sTKd25K	i-BTQHo9TKPt4psovBo1HK4X; i-TPFPkNeAnPLVG6gbmTwyFe	i-BTQHo9TKPt4psovBo1HK4X	i-TPFPkNeAnPLVG6gbmTwyFe	i-RdtwPwmDryD4dZ2sTKd25K	i-BTQHo9TKPt4psovBo1HK4X; i-TPFPkNeAnPLVG6gbmTwyFe	i-BTQHo9TKPt4psovBo1HK4X; i-TPFPkNeAnPLVG6gbmTwyFe	True	2	0	0		0			https://github.com/swerik-project/riksdagen-motions/blob/main/data/1975/mot-1975--01730.xml
326	197576	data/197576/mot-197576--00169.xml	True	1.0	1.0	1.0	1	0	0	1	1	0.0	1.0	0.0	i-LQTx4BWNjAEb1St9L8qUio	i-LQTx4BWNjAEb1St9L8qUio	i-LQTx4BWNjAEb1St9L8qUio			i-LQTx4BWNjAEb1St9L8qUio	i-LQTx4BWNjAEb1St9L8qUio	True	1	0	0		0			https://github.com/swerik-project/riksdagen-motions/blob/main/data/197576/mot-197576--00169.xml
327	197576	data/197576/mot-197576--00172.xml	False	1.0	0.5	0.6666666666666666	1	0	1	2	1	0.5	0.5	0.0	i-E7dNofGGgvG7ZPBxoj8tgD; i-Xzs7rTBPiVT3KgfuoVSczD	i-Xzs7rTBPiVT3KgfuoVSczD	i-Xzs7rTBPiVT3KgfuoVSczD		i-E7dNofGGgvG7ZPBxoj8tgD	i-Xzs7rTBPiVT3KgfuoVSczD	i-Xzs7rTBPiVT3KgfuoVSczD	True	2	1	0		1			https://github.com/swerik-project/riksdagen-motions/blob/main/data/197576/mot-197576--00172.xml
328	197576	data/197576/mot-197576--00669.xml	True	1.0	1.0	1.0	6	0	0	6	6	0.0	1.0	0.0	i-33j82x79hSx7judsWb3pjW; i-9Ar1jXVCdxuLG4j6W3svGu; i-FPpfM5ZVv1R5M45zNkpLUZ; i-N7WL5aLLwEPfYa71gsUxQx; i-PEJ1DBMnG7sGMU8qh8QjnF; i-VqxvDoNrnRUu1E5d5ifxHG	i-33j82x79hSx7judsWb3pjW; i-9Ar1jXVCdxuLG4j6W3svGu; i-FPpfM5ZVv1R5M45zNkpLUZ; i-N7WL5aLLwEPfYa71gsUxQx; i-PEJ1DBMnG7sGMU8qh8QjnF; i-VqxvDoNrnRUu1E5d5ifxHG	i-33j82x79hSx7judsWb3pjW; i-9Ar1jXVCdxuLG4j6W3svGu; i-FPpfM5ZVv1R5M45zNkpLUZ; i-N7WL5aLLwEPfYa71gsUxQx; i-PEJ1DBMnG7sGMU8qh8QjnF; i-VqxvDoNrnRUu1E5d5ifxHG			i-33j82x79hSx7judsWb3pjW; i-9Ar1jXVCdxuLG4j6W3svGu; i-FPpfM5ZVv1R5M45zNkpLUZ; i-N7WL5aLLwEPfYa71gsUxQx; i-PEJ1DBMnG7sGMU8qh8QjnF; i-VqxvDoNrnRUu1E5d5ifxHG	i-33j82x79hSx7judsWb3pjW; i-9Ar1jXVCdxuLG4j6W3svGu; i-N7WL5aLLwEPfYa71gsUxQx; i-PEJ1DBMnG7sGMU8qh8QjnF; i-VqxvDoNrnRUu1E5d5ifxHG	False	6	0	0		1			https://github.com/swerik-project/riksdagen-motions/blob/main/data/197576/mot-197576--00669.xml
329	197677	data/197677/mot-197677--00446.xml	True	1.0	1.0	1.0	4	0	0	4	4	0.0	1.0	0.0	i-6UrnZSyhA8En3ghbWrejVN; i-9C6mLQs4QzU7geZ2uSMUpe; i-GCJVTREcJGRyYmFdeMbNaN; i-XxSUJNBQZpQS5T2Uu3jzYP	i-6UrnZSyhA8En3ghbWrejVN; i-9C6mLQs4QzU7geZ2uSMUpe; i-GCJVTREcJGRyYmFdeMbNaN; i-XxSUJNBQZpQS5T2Uu3jzYP	i-6UrnZSyhA8En3ghbWrejVN; i-9C6mLQs4QzU7geZ2uSMUpe; i-GCJVTREcJGRyYmFdeMbNaN; i-XxSUJNBQZpQS5T2Uu3jzYP			i-6UrnZSyhA8En3ghbWrejVN; i-9C6mLQs4QzU7geZ2uSMUpe; i-GCJVTREcJGRyYmFdeMbNaN; i-XxSUJNBQZpQS5T2Uu3jzYP	i-6UrnZSyhA8En3ghbWrejVN; i-9C6mLQs4QzU7geZ2uSMUpe; i-GCJVTREcJGRyYmFdeMbNaN; i-XxSUJNBQZpQS5T2Uu3jzYP	True	4	0	0		0			https://github.com/swerik-project/riksdagen-motions/blob/main/data/197677/mot-197677--00446.xml
330	197677	data/197677/mot-197677--00580.xml	True	1.0	1.0	1.0	1	0	0	1	1	0.0	1.0	0.0	i-M5bH1LxYTuWEQR2jm6YTKq	i-M5bH1LxYTuWEQR2jm6YTKq	i-M5bH1LxYTuWEQR2jm6YTKq			i-M5bH1LxYTuWEQR2jm6YTKq	i-M5bH1LxYTuWEQR2jm6YTKq	True	1	0	0		0			https://github.com/swerik-project/riksdagen-motions/blob/main/data/197677/mot-197677--00580.xml
331	197677	data/197677/mot-197677--01174.xml	True	1.0	1.0	1.0	2	0	0	2	2	0.0	1.0	0.0	i-Gcjbk3nJyjWXPaa2dm3MFR; i-UTp2h4U19YnGkWT1oeLekG	i-Gcjbk3nJyjWXPaa2dm3MFR; i-UTp2h4U19YnGkWT1oeLekG	i-Gcjbk3nJyjWXPaa2dm3MFR; i-UTp2h4U19YnGkWT1oeLekG			i-Gcjbk3nJyjWXPaa2dm3MFR; i-UTp2h4U19YnGkWT1oeLekG	i-Gcjbk3nJyjWXPaa2dm3MFR; i-UTp2h4U19YnGkWT1oeLekG	True	3	1	0		0			https://github.com/swerik-project/riksdagen-motions/blob/main/data/197677/mot-197677--01174.xml
332	197778	data/197778/mot-197778--01194.xml	False	0.9166666666666666	1.0	0.9565217391304348	11	1	0	11	12	0.0	1.0	0.08333333333333333	i-23owrgiLSgQRynhwKe5Tja; i-75iw9fVLnLtbGpLEsLFMc2; i-7gSKVFq5GsgutoVdRQPtCt; i-BAQZQCwvaeCDiXjeD54AnV; i-BDUhpvcffbkaomdPDBeK8T; i-BZDMLaDZjTMLecbbyhYS3t; i-GCJVTREcJGRyYmFdeMbNaN; i-Lkg3MQXCDMYPsbxniPuAxt; i-RvSFfZMiX66J8kUq7BXdHW; i-SQty3xFzeq6gqZzUtKRbW9; i-TRnXjwqZqTJWcuZekA2f4r	i-23owrgiLSgQRynhwKe5Tja; i-75iw9fVLnLtbGpLEsLFMc2; i-7gSKVFq5GsgutoVdRQPtCt; i-BAQZQCwvaeCDiXjeD54AnV; i-BDUhpvcffbkaomdPDBeK8T; i-BZDMLaDZjTMLecbbyhYS3t; i-EMrT8Jq3dLhMVxxy5ibzUJ; i-GCJVTREcJGRyYmFdeMbNaN; i-Lkg3MQXCDMYPsbxniPuAxt; i-RvSFfZMiX66J8kUq7BXdHW; i-SQty3xFzeq6gqZzUtKRbW9; i-TRnXjwqZqTJWcuZekA2f4r	i-23owrgiLSgQRynhwKe5Tja; i-75iw9fVLnLtbGpLEsLFMc2; i-7gSKVFq5GsgutoVdRQPtCt; i-BAQZQCwvaeCDiXjeD54AnV; i-BDUhpvcffbkaomdPDBeK8T; i-BZDMLaDZjTMLecbbyhYS3t; i-GCJVTREcJGRyYmFdeMbNaN; i-Lkg3MQXCDMYPsbxniPuAxt; i-RvSFfZMiX66J8kUq7BXdHW; i-SQty3xFzeq6gqZzUtKRbW9; i-TRnXjwqZqTJWcuZekA2f4r	i-EMrT8Jq3dLhMVxxy5ibzUJ		i-23owrgiLSgQRynhwKe5Tja; i-75iw9fVLnLtbGpLEsLFMc2; i-7gSKVFq5GsgutoVdRQPtCt; i-BAQZQCwvaeCDiXjeD54AnV; i-BDUhpvcffbkaomdPDBeK8T; i-BZDMLaDZjTMLecbbyhYS3t; i-EMrT8Jq3dLhMVxxy5ibzUJ; i-GCJVTREcJGRyYmFdeMbNaN; i-Lkg3MQXCDMYPsbxniPuAxt; i-RvSFfZMiX66J8kUq7BXdHW; i-SQty3xFzeq6gqZzUtKRbW9; i-TRnXjwqZqTJWcuZekA2f4r	i-23owrgiLSgQRynhwKe5Tja; i-75iw9fVLnLtbGpLEsLFMc2; i-7gSKVFq5GsgutoVdRQPtCt; i-BAQZQCwvaeCDiXjeD54AnV; i-BDUhpvcffbkaomdPDBeK8T; i-BZDMLaDZjTMLecbbyhYS3t; i-EMrT8Jq3dLhMVxxy5ibzUJ; i-GCJVTREcJGRyYmFdeMbNaN; i-Lkg3MQXCDMYPsbxniPuAxt; i-RvSFfZMiX66J8kUq7BXdHW; i-SQty3xFzeq6gqZzUtKRbW9; i-TRnXjwqZqTJWcuZekA2f4r	True	12	0	0		0			https://github.com/swerik-project/riksdagen-motions/blob/main/data/197778/mot-197778--01194.xml
333	197778	data/197778/mot-197778--01674.xml	True	1.0	1.0	1.0	2	0	0	2	2	0.0	1.0	0.0	i-RtRinU34czWQjxgzEgDUNH; i-YUKjmPPD3LmjeCPdQWkuEh	i-RtRinU34czWQjxgzEgDUNH; i-YUKjmPPD3LmjeCPdQWkuEh	i-RtRinU34czWQjxgzEgDUNH; i-YUKjmPPD3LmjeCPdQWkuEh			i-RtRinU34czWQjxgzEgDUNH; i-YUKjmPPD3LmjeCPdQWkuEh	i-RtRinU34czWQjxgzEgDUNH; i-YUKjmPPD3LmjeCPdQWkuEh	True	2	0	0		0			https://github.com/swerik-project/riksdagen-motions/blob/main/data/197778/mot-197778--01674.xml
334	197778	data/197778/mot-197778--01680.xml	False	1.0	0.8333333333333334	0.9090909090909091	5	0	1	6	5	0.16666666666666666	0.8333333333333334	0.0	i-2vSoREUgDMM9du3oZhTyJR; i-FhdnsbdSgKWks7yKVAW7kg; i-Lb6TJhMAdirNrTer6HSGyJ; i-QQjz7bn6czWU6491kCicK9; i-SQtu6e17zrLCR9EnUwqy7A; i-V193Sbzem4fs1MBp32cuww	i-2vSoREUgDMM9du3oZhTyJR; i-FhdnsbdSgKWks7yKVAW7kg; i-Lb6TJhMAdirNrTer6HSGyJ; i-QQjz7bn6czWU6491kCicK9; i-V193Sbzem4fs1MBp32cuww	i-2vSoREUgDMM9du3oZhTyJR; i-FhdnsbdSgKWks7yKVAW7kg; i-Lb6TJhMAdirNrTer6HSGyJ; i-QQjz7bn6czWU6491kCicK9; i-V193Sbzem4fs1MBp32cuww		i-SQtu6e17zrLCR9EnUwqy7A	i-2vSoREUgDMM9du3oZhTyJR; i-FhdnsbdSgKWks7yKVAW7kg; i-Lb6TJhMAdirNrTer6HSGyJ; i-QQjz7bn6czWU6491kCicK9; i-V193Sbzem4fs1MBp32cuww	i-2vSoREUgDMM9du3oZhTyJR; i-FhdnsbdSgKWks7yKVAW7kg; i-Lb6TJhMAdirNrTer6HSGyJ; i-QQjz7bn6czWU6491kCicK9; i-V193Sbzem4fs1MBp32cuww	True	6	1	0		1			https://github.com/swerik-project/riksdagen-motions/blob/main/data/197778/mot-197778--01680.xml
335	197879	data/197879/mot-197879--00184.xml	False	1.0	0.9	0.9473684210526315	9	0	1	10	9	0.1	0.9	0.0	i-3fAnC8TbAVjy9BhJnxfPUh; i-5WchbRYCVdXodSthFK381D; i-91SAXsUbmLaUj8YfQKHZ1n; i-BkQoi6KA1EKK9EEJhT16Cz; i-DYxXbC2LXzL11J2rHdExZh; i-EaiobhkKSCFjVoGi3uyvzx; i-F6Qp4bx3aMVLN2vuCyMK7D; i-GLHYq1jMQHCT1zXejYWV8x; i-RxkptNoJYi3BWpTneSNTUn; i-XHKe7WYPsP3rxDit2742Tq	i-3fAnC8TbAVjy9BhJnxfPUh; i-91SAXsUbmLaUj8YfQKHZ1n; i-BkQoi6KA1EKK9EEJhT16Cz; i-DYxXbC2LXzL11J2rHdExZh; i-EaiobhkKSCFjVoGi3uyvzx; i-F6Qp4bx3aMVLN2vuCyMK7D; i-GLHYq1jMQHCT1zXejYWV8x; i-RxkptNoJYi3BWpTneSNTUn; i-XHKe7WYPsP3rxDit2742Tq	i-3fAnC8TbAVjy9BhJnxfPUh; i-91SAXsUbmLaUj8YfQKHZ1n; i-BkQoi6KA1EKK9EEJhT16Cz; i-DYxXbC2LXzL11J2rHdExZh; i-EaiobhkKSCFjVoGi3uyvzx; i-F6Qp4bx3aMVLN2vuCyMK7D; i-GLHYq1jMQHCT1zXejYWV8x; i-RxkptNoJYi3BWpTneSNTUn; i-XHKe7WYPsP3rxDit2742Tq		i-5WchbRYCVdXodSthFK381D	i-3fAnC8TbAVjy9BhJnxfPUh; i-91SAXsUbmLaUj8YfQKHZ1n; i-BkQoi6KA1EKK9EEJhT16Cz; i-DYxXbC2LXzL11J2rHdExZh; i-EaiobhkKSCFjVoGi3uyvzx; i-F6Qp4bx3aMVLN2vuCyMK7D; i-GLHYq1jMQHCT1zXejYWV8x; i-RxkptNoJYi3BWpTneSNTUn; i-XHKe7WYPsP3rxDit2742Tq	i-3fAnC8TbAVjy9BhJnxfPUh; i-5WchbRYCVdXodSthFK381D; i-91SAXsUbmLaUj8YfQKHZ1n; i-BkQoi6KA1EKK9EEJhT16Cz; i-DYxXbC2LXzL11J2rHdExZh; i-EaiobhkKSCFjVoGi3uyvzx; i-F6Qp4bx3aMVLN2vuCyMK7D; i-GLHYq1jMQHCT1zXejYWV8x; i-RxkptNoJYi3BWpTneSNTUn; i-XHKe7WYPsP3rxDit2742Tq	False	10	1	0		0			https://github.com/swerik-project/riksdagen-motions/blob/main/data/197879/mot-197879--00184.xml
336	197879	data/197879/mot-197879--01098.xml	False	1.0	0.75	0.8571428571428571	3	0	1	4	3	0.25	0.75	0.0	i-5YySnUaCpS54wJxVp1X9Q4; i-95F4sSt2W2tyXAwECzMBoc; i-F1RwJxotHWwBitEw9rLdhZ; i-NnpKv1jQ35nEzhxytcGTFh	i-5YySnUaCpS54wJxVp1X9Q4; i-95F4sSt2W2tyXAwECzMBoc; i-F1RwJxotHWwBitEw9rLdhZ	i-5YySnUaCpS54wJxVp1X9Q4; i-95F4sSt2W2tyXAwECzMBoc; i-F1RwJxotHWwBitEw9rLdhZ		i-NnpKv1jQ35nEzhxytcGTFh	i-5YySnUaCpS54wJxVp1X9Q4; i-95F4sSt2W2tyXAwECzMBoc; i-F1RwJxotHWwBitEw9rLdhZ	i-5YySnUaCpS54wJxVp1X9Q4; i-95F4sSt2W2tyXAwECzMBoc; i-F1RwJxotHWwBitEw9rLdhZ; i-NnpKv1jQ35nEzhxytcGTFh	False	4	1	0		0			https://github.com/swerik-project/riksdagen-motions/blob/main/data/197879/mot-197879--01098.xml
337	197879	data/197879/mot-197879--01699.xml	True	1.0	1.0	1.0	2	0	0	2	2	0.0	1.0	0.0	i-3zzz13sYF8R3yasCzbSJXe; i-4i5vpDVzDizjgGeYkeoK2E	i-3zzz13sYF8R3yasCzbSJXe; i-4i5vpDVzDizjgGeYkeoK2E	i-3zzz13sYF8R3yasCzbSJXe; i-4i5vpDVzDizjgGeYkeoK2E			i-3zzz13sYF8R3yasCzbSJXe; i-4i5vpDVzDizjgGeYkeoK2E	i-3zzz13sYF8R3yasCzbSJXe; i-4i5vpDVzDizjgGeYkeoK2E	True	2	0	0		0			https://github.com/swerik-project/riksdagen-motions/blob/main/data/197879/mot-197879--01699.xml
338	197980	data/197980/mot-197980--00440.xml	True	1.0	1.0	1.0	2	0	0	2	2	0.0	1.0	0.0	i-75bBbpHe89LN2m6ZuVzDBd; i-95F4sSt2W2tyXAwECzMBoc	i-75bBbpHe89LN2m6ZuVzDBd; i-95F4sSt2W2tyXAwECzMBoc	i-75bBbpHe89LN2m6ZuVzDBd; i-95F4sSt2W2tyXAwECzMBoc			i-75bBbpHe89LN2m6ZuVzDBd; i-95F4sSt2W2tyXAwECzMBoc	i-75bBbpHe89LN2m6ZuVzDBd; i-95F4sSt2W2tyXAwECzMBoc	True	2	0	0		0			https://github.com/swerik-project/riksdagen-motions/blob/main/data/197980/mot-197980--00440.xml
339	197980	data/197980/mot-197980--01403.xml	True	1.0	1.0	1.0	5	0	0	5	5	0.0	1.0	0.0	i-5hHoKgY9U8EHo4DUzCAUEj; i-Ac9yxy2x5ktJ5wzveXCsFQ; i-DYxXbC2LXzL11J2rHdExZh; i-GoPG5SYP7B72kfnF4EmN5b; i-YS9jLL6vCryxfu1nM5TvKU	i-5hHoKgY9U8EHo4DUzCAUEj; i-Ac9yxy2x5ktJ5wzveXCsFQ; i-DYxXbC2LXzL11J2rHdExZh; i-GoPG5SYP7B72kfnF4EmN5b; i-YS9jLL6vCryxfu1nM5TvKU	i-5hHoKgY9U8EHo4DUzCAUEj; i-Ac9yxy2x5ktJ5wzveXCsFQ; i-DYxXbC2LXzL11J2rHdExZh; i-GoPG5SYP7B72kfnF4EmN5b; i-YS9jLL6vCryxfu1nM5TvKU			i-5hHoKgY9U8EHo4DUzCAUEj; i-Ac9yxy2x5ktJ5wzveXCsFQ; i-DYxXbC2LXzL11J2rHdExZh; i-GoPG5SYP7B72kfnF4EmN5b; i-YS9jLL6vCryxfu1nM5TvKU	i-5hHoKgY9U8EHo4DUzCAUEj; i-Ac9yxy2x5ktJ5wzveXCsFQ; i-DYxXbC2LXzL11J2rHdExZh; i-GoPG5SYP7B72kfnF4EmN5b; i-YS9jLL6vCryxfu1nM5TvKU	True	5	0	0		0			https://github.com/swerik-project/riksdagen-motions/blob/main/data/197980/mot-197980--01403.xml
340	197980	data/197980/mot-197980--01667.xml	False	1.0	0.8571428571428571	0.9230769230769231	6	0	1	7	6	0.14285714285714285	0.8571428571428571	0.0	i-3fAnC8TbAVjy9BhJnxfPUh; i-B1QAmZ6hd8iYYbZ4y9ee12; i-BkQoi6KA1EKK9EEJhT16Cz; i-FpwNz9bjmeyh23RqtLzYMg; i-GLHYq1jMQHCT1zXejYWV8x; i-N7WL5aLLwEPfYa71gsUxQx; i-V193Sbzem4fs1MBp32cuww	i-3fAnC8TbAVjy9BhJnxfPUh; i-B1QAmZ6hd8iYYbZ4y9ee12; i-BkQoi6KA1EKK9EEJhT16Cz; i-GLHYq1jMQHCT1zXejYWV8x; i-N7WL5aLLwEPfYa71gsUxQx; i-V193Sbzem4fs1MBp32cuww	i-3fAnC8TbAVjy9BhJnxfPUh; i-B1QAmZ6hd8iYYbZ4y9ee12; i-BkQoi6KA1EKK9EEJhT16Cz; i-GLHYq1jMQHCT1zXejYWV8x; i-N7WL5aLLwEPfYa71gsUxQx; i-V193Sbzem4fs1MBp32cuww		i-FpwNz9bjmeyh23RqtLzYMg	i-3fAnC8TbAVjy9BhJnxfPUh; i-B1QAmZ6hd8iYYbZ4y9ee12; i-BkQoi6KA1EKK9EEJhT16Cz; i-GLHYq1jMQHCT1zXejYWV8x; i-N7WL5aLLwEPfYa71gsUxQx; i-V193Sbzem4fs1MBp32cuww	i-3fAnC8TbAVjy9BhJnxfPUh; i-5WchbRYCVdXodSthFK381D; i-B1QAmZ6hd8iYYbZ4y9ee12; i-BkQoi6KA1EKK9EEJhT16Cz; i-FpwNz9bjmeyh23RqtLzYMg; i-GLHYq1jMQHCT1zXejYWV8x; i-N7WL5aLLwEPfYa71gsUxQx; i-V193Sbzem4fs1MBp32cuww	False	8	2	0		0			https://github.com/swerik-project/riksdagen-motions/blob/main/data/197980/mot-197980--01667.xml
341	198081	data/198081/mot-198081--00047.xml	False	0.0	0.0	0.0	0	2	14	14	2	1.0	0.0	1.0	i-3kAjBmVsLrV8XDTkSBhmB8; i-4sZMUTZ58TFSSwfWoaTdDi; i-4zgkigyuo3a2meU92gcyAk; i-6TjCaZscDfHaRCMjT3p2wD; i-6V941ptYoLBrpqJyJPSEbT; i-7Uv5b4af4nUb3NuFk7J8yJ; i-9JsxBiraiBoy2MDeoaZACy; i-9P9pMwjrnX38LhidwctarW; i-AnrRW8P2FoZPwmfbQGBp8u; i-HGfALYBg5SLYb8z1er3XK1; i-PQWJzhaevKGbSNtPqoUeSA; i-TtvHecYGhXDKbncEMyzhpQ; i-Un2MPRTWRPWQ7aGPA42b56; i-VYTD8M9CfGigSH3YKEqEEz	i-8Lq2FtVLPjm4ZuNxycmaDK; i-FdvWw4zD2L3JULLMLZP4N7		i-8Lq2FtVLPjm4ZuNxycmaDK; i-FdvWw4zD2L3JULLMLZP4N7	i-3kAjBmVsLrV8XDTkSBhmB8; i-4sZMUTZ58TFSSwfWoaTdDi; i-4zgkigyuo3a2meU92gcyAk; i-6TjCaZscDfHaRCMjT3p2wD; i-6V941ptYoLBrpqJyJPSEbT; i-7Uv5b4af4nUb3NuFk7J8yJ; i-9JsxBiraiBoy2MDeoaZACy; i-9P9pMwjrnX38LhidwctarW; i-AnrRW8P2FoZPwmfbQGBp8u; i-HGfALYBg5SLYb8z1er3XK1; i-PQWJzhaevKGbSNtPqoUeSA; i-TtvHecYGhXDKbncEMyzhpQ; i-Un2MPRTWRPWQ7aGPA42b56; i-VYTD8M9CfGigSH3YKEqEEz	i-8Lq2FtVLPjm4ZuNxycmaDK; i-FdvWw4zD2L3JULLMLZP4N7	i-8Lq2FtVLPjm4ZuNxycmaDK; i-FdvWw4zD2L3JULLMLZP4N7	True	3	1	0		1			https://github.com/swerik-project/riksdagen-motions/blob/main/data/198081/mot-198081--00047.xml
342	198081	data/198081/mot-198081--01117.xml	True	1.0	1.0	1.0	2	0	0	2	2	0.0	1.0	0.0	i-A8ft8hMHUcZDSE5fKdjGpq; i-NnpKv1jQ35nEzhxytcGTFh	i-A8ft8hMHUcZDSE5fKdjGpq; i-NnpKv1jQ35nEzhxytcGTFh	i-A8ft8hMHUcZDSE5fKdjGpq; i-NnpKv1jQ35nEzhxytcGTFh			i-A8ft8hMHUcZDSE5fKdjGpq; i-NnpKv1jQ35nEzhxytcGTFh	i-A8ft8hMHUcZDSE5fKdjGpq; i-NnpKv1jQ35nEzhxytcGTFh	True	2	0	0		0			https://github.com/swerik-project/riksdagen-motions/blob/main/data/198081/mot-198081--01117.xml
343	198081	data/198081/mot-198081--01563.xml	False	1.0	0.8571428571428571	0.9230769230769231	12	0	2	14	12	0.14285714285714285	0.8571428571428571	0.0	i-3kAjBmVsLrV8XDTkSBhmB8; i-4sZMUTZ58TFSSwfWoaTdDi; i-4zgkigyuo3a2meU92gcyAk; i-6TjCaZscDfHaRCMjT3p2wD; i-6V941ptYoLBrpqJyJPSEbT; i-7Uv5b4af4nUb3NuFk7J8yJ; i-9JsxBiraiBoy2MDeoaZACy; i-9P9pMwjrnX38LhidwctarW; i-AnrRW8P2FoZPwmfbQGBp8u; i-HGfALYBg5SLYb8z1er3XK1; i-PQWJzhaevKGbSNtPqoUeSA; i-TtvHecYGhXDKbncEMyzhpQ; i-Un2MPRTWRPWQ7aGPA42b56; i-VYTD8M9CfGigSH3YKEqEEz	i-3kAjBmVsLrV8XDTkSBhmB8; i-4zgkigyuo3a2meU92gcyAk; i-6TjCaZscDfHaRCMjT3p2wD; i-7Uv5b4af4nUb3NuFk7J8yJ; i-9JsxBiraiBoy2MDeoaZACy; i-9P9pMwjrnX38LhidwctarW; i-AnrRW8P2FoZPwmfbQGBp8u; i-HGfALYBg5SLYb8z1er3XK1; i-PQWJzhaevKGbSNtPqoUeSA; i-TtvHecYGhXDKbncEMyzhpQ; i-Un2MPRTWRPWQ7aGPA42b56; i-VYTD8M9CfGigSH3YKEqEEz	i-3kAjBmVsLrV8XDTkSBhmB8; i-4zgkigyuo3a2meU92gcyAk; i-6TjCaZscDfHaRCMjT3p2wD; i-7Uv5b4af4nUb3NuFk7J8yJ; i-9JsxBiraiBoy2MDeoaZACy; i-9P9pMwjrnX38LhidwctarW; i-AnrRW8P2FoZPwmfbQGBp8u; i-HGfALYBg5SLYb8z1er3XK1; i-PQWJzhaevKGbSNtPqoUeSA; i-TtvHecYGhXDKbncEMyzhpQ; i-Un2MPRTWRPWQ7aGPA42b56; i-VYTD8M9CfGigSH3YKEqEEz		i-4sZMUTZ58TFSSwfWoaTdDi; i-6V941ptYoLBrpqJyJPSEbT	i-3kAjBmVsLrV8XDTkSBhmB8; i-4zgkigyuo3a2meU92gcyAk; i-6TjCaZscDfHaRCMjT3p2wD; i-7Uv5b4af4nUb3NuFk7J8yJ; i-9JsxBiraiBoy2MDeoaZACy; i-9P9pMwjrnX38LhidwctarW; i-AnrRW8P2FoZPwmfbQGBp8u; i-HGfALYBg5SLYb8z1er3XK1; i-PQWJzhaevKGbSNtPqoUeSA; i-TtvHecYGhXDKbncEMyzhpQ; i-Un2MPRTWRPWQ7aGPA42b56; i-VYTD8M9CfGigSH3YKEqEEz	i-3kAjBmVsLrV8XDTkSBhmB8; i-4zgkigyuo3a2meU92gcyAk; i-6TjCaZscDfHaRCMjT3p2wD; i-7Uv5b4af4nUb3NuFk7J8yJ; i-9JsxBiraiBoy2MDeoaZACy; i-9P9pMwjrnX38LhidwctarW; i-AnrRW8P2FoZPwmfbQGBp8u; i-HGfALYBg5SLYb8z1er3XK1; i-PQWJzhaevKGbSNtPqoUeSA; i-TtvHecYGhXDKbncEMyzhpQ; i-Un2MPRTWRPWQ7aGPA42b56; i-VYTD8M9CfGigSH3YKEqEEz	True	14	2	0		2			https://github.com/swerik-project/riksdagen-motions/blob/main/data/198081/mot-198081--01563.xml
344	198182	data/198182/mot-198182--00505.xml	True	1.0	1.0	1.0	1	0	0	1	1	0.0	1.0	0.0	i-7pth3hroNEXFT34XUAtauT	i-7pth3hroNEXFT34XUAtauT	i-7pth3hroNEXFT34XUAtauT			i-7pth3hroNEXFT34XUAtauT	i-7pth3hroNEXFT34XUAtauT	True	1	0	0		0			https://github.com/swerik-project/riksdagen-motions/blob/main/data/198182/mot-198182--00505.xml
345	198182	data/198182/mot-198182--01603.xml	False	1.0	0.14285714285714285	0.25	1	0	6	7	1	0.8571428571428571	0.14285714285714285	0.0	i-5wPAQ1MDLRTsW1XngYcD46; i-8743Lhyk8SSNk8Ne84jigz; i-CMGiiZNVocLdbkuKqXgWTG; i-EQSJnvt3y9r5wULtNbkTNu; i-FiisfXYQcUpGymcboYQpoF; i-QRDnfz9zaiXo7A1SpAi1dM; i-RPvXiWoVbPvNZBh8bxVvbB	i-5wPAQ1MDLRTsW1XngYcD46	i-5wPAQ1MDLRTsW1XngYcD46		i-8743Lhyk8SSNk8Ne84jigz; i-CMGiiZNVocLdbkuKqXgWTG; i-EQSJnvt3y9r5wULtNbkTNu; i-FiisfXYQcUpGymcboYQpoF; i-QRDnfz9zaiXo7A1SpAi1dM; i-RPvXiWoVbPvNZBh8bxVvbB	i-5wPAQ1MDLRTsW1XngYcD46	i-5wPAQ1MDLRTsW1XngYcD46; i-8743Lhyk8SSNk8Ne84jigz; i-BiXbgRR8YzdywCma6BzTez; i-CMGiiZNVocLdbkuKqXgWTG; i-EQSJnvt3y9r5wULtNbkTNu; i-FiisfXYQcUpGymcboYQpoF; i-QRDnfz9zaiXo7A1SpAi1dM; i-RPvXiWoVbPvNZBh8bxVvbB	False	8	7	0		0			https://github.com/swerik-project/riksdagen-motions/blob/main/data/198182/mot-198182--01603.xml
346	198182	data/198182/mot-198182--02199.xml	True	1.0	1.0	1.0	2	0	0	2	2	0.0	1.0	0.0	i-2qMAGUo6yhpbSovQ2eHBVE; i-6QRx949PBJjaHhLd5Kfks8	i-2qMAGUo6yhpbSovQ2eHBVE; i-6QRx949PBJjaHhLd5Kfks8	i-2qMAGUo6yhpbSovQ2eHBVE; i-6QRx949PBJjaHhLd5Kfks8			i-2qMAGUo6yhpbSovQ2eHBVE; i-6QRx949PBJjaHhLd5Kfks8	i-2qMAGUo6yhpbSovQ2eHBVE; i-6QRx949PBJjaHhLd5Kfks8	True	2	0	0		0			https://github.com/swerik-project/riksdagen-motions/blob/main/data/198182/mot-198182--02199.xml
347	198283	data/198283/mot-198283--00924.xml	True	1.0	1.0	1.0	5	0	0	5	5	0.0	1.0	0.0	i-69mwhd5mHwANDzJTPX7jwr; i-EVpotEKqaW9CiU6NxacCQV; i-GaozvGLNGCb9Vstyp2PrQH; i-UqzvPHFEErHnSFsyUmhr5K; i-VtWQs1mfimPMyjw5HVXR4i	i-69mwhd5mHwANDzJTPX7jwr; i-EVpotEKqaW9CiU6NxacCQV; i-GaozvGLNGCb9Vstyp2PrQH; i-UqzvPHFEErHnSFsyUmhr5K; i-VtWQs1mfimPMyjw5HVXR4i	i-69mwhd5mHwANDzJTPX7jwr; i-EVpotEKqaW9CiU6NxacCQV; i-GaozvGLNGCb9Vstyp2PrQH; i-UqzvPHFEErHnSFsyUmhr5K; i-VtWQs1mfimPMyjw5HVXR4i			i-69mwhd5mHwANDzJTPX7jwr; i-EVpotEKqaW9CiU6NxacCQV; i-GaozvGLNGCb9Vstyp2PrQH; i-UqzvPHFEErHnSFsyUmhr5K; i-VtWQs1mfimPMyjw5HVXR4i	i-69mwhd5mHwANDzJTPX7jwr; i-EVpotEKqaW9CiU6NxacCQV; i-GaozvGLNGCb9Vstyp2PrQH; i-UqzvPHFEErHnSFsyUmhr5K; i-VtWQs1mfimPMyjw5HVXR4i	True	5	0	0		0			https://github.com/swerik-project/riksdagen-motions/blob/main/data/198283/mot-198283--00924.xml
348	198283	data/198283/mot-198283--01923.xml	False	1.0	0.1111111111111111	0.2	1	0	8	9	1	0.8888888888888888	0.1111111111111111	0.0	i-3fAnC8TbAVjy9BhJnxfPUh; i-3uaN5fvSUmBMXgqnzrb6Yb; i-AZnaWEAg22YQ3HzVMfNSHR; i-Ay6zrjzeNnZpMAPRBGZ8tC; i-B1QAmZ6hd8iYYbZ4y9ee12; i-GcretNrb4CSsqYkgqQqowA; i-RULC5JA5WV3y9ZKs31VLzx; i-VvqVwyrQgUiYjtEt3CpQcM; i-WtVUiHZh5LgiVdShZaxhhB	i-3uaN5fvSUmBMXgqnzrb6Yb	i-3uaN5fvSUmBMXgqnzrb6Yb		i-3fAnC8TbAVjy9BhJnxfPUh; i-AZnaWEAg22YQ3HzVMfNSHR; i-Ay6zrjzeNnZpMAPRBGZ8tC; i-B1QAmZ6hd8iYYbZ4y9ee12; i-GcretNrb4CSsqYkgqQqowA; i-RULC5JA5WV3y9ZKs31VLzx; i-VvqVwyrQgUiYjtEt3CpQcM; i-WtVUiHZh5LgiVdShZaxhhB	i-3uaN5fvSUmBMXgqnzrb6Yb	i-3fAnC8TbAVjy9BhJnxfPUh; i-3uaN5fvSUmBMXgqnzrb6Yb; i-AZnaWEAg22YQ3HzVMfNSHR; i-Ay6zrjzeNnZpMAPRBGZ8tC; i-B1QAmZ6hd8iYYbZ4y9ee12; i-RULC5JA5WV3y9ZKs31VLzx; i-VvqVwyrQgUiYjtEt3CpQcM; i-WtVUiHZh5LgiVdShZaxhhB	False	9	8	0		1			https://github.com/swerik-project/riksdagen-motions/blob/main/data/198283/mot-198283--01923.xml
349	198283	data/198283/mot-198283--01943.xml	True	1.0	1.0	1.0	2	0	0	2	2	0.0	1.0	0.0	i-N6NqRjrNpzybfJmYWdhfdW; i-UmGHrbipY4e5SAGvddBkzr	i-N6NqRjrNpzybfJmYWdhfdW; i-UmGHrbipY4e5SAGvddBkzr	i-N6NqRjrNpzybfJmYWdhfdW; i-UmGHrbipY4e5SAGvddBkzr			i-N6NqRjrNpzybfJmYWdhfdW; i-UmGHrbipY4e5SAGvddBkzr	i-N6NqRjrNpzybfJmYWdhfdW; i-UmGHrbipY4e5SAGvddBkzr	True	2	0	0		0			https://github.com/swerik-project/riksdagen-motions/blob/main/data/198283/mot-198283--01943.xml
350	198384	data/198384/mot-198384--00505.xml	False	1.0	0.6666666666666666	0.8	2	0	1	3	2	0.3333333333333333	0.6666666666666666	0.0	i-FTkwAMo13hmDoeXLXEV1N; i-HF1be62hHhvaXoZiyUz2HF; i-QRDnfz9zaiXo7A1SpAi1dM	i-FTkwAMo13hmDoeXLXEV1N; i-QRDnfz9zaiXo7A1SpAi1dM	i-FTkwAMo13hmDoeXLXEV1N; i-QRDnfz9zaiXo7A1SpAi1dM		i-HF1be62hHhvaXoZiyUz2HF	i-FTkwAMo13hmDoeXLXEV1N; i-QRDnfz9zaiXo7A1SpAi1dM	i-FTkwAMo13hmDoeXLXEV1N; i-QRDnfz9zaiXo7A1SpAi1dM	True	3	1	0		1			https://github.com/swerik-project/riksdagen-motions/blob/main/data/198384/mot-198384--00505.xml
351	198384	data/198384/mot-198384--00669.xml	False	1.0	0.8	0.8888888888888888	4	0	1	5	4	0.2	0.8	0.0	i-Dqwk6WRPNzjzwmqmA18xc1; i-EpDNYovHuTxUaBfQe7k5xH; i-F8Q1QN8EmRLzQz9iUe6zgL; i-NgcEAjjDpm3FVNBxiWvS8X; i-YbgaAY79FADF32ty9BkkW	i-Dqwk6WRPNzjzwmqmA18xc1; i-EpDNYovHuTxUaBfQe7k5xH; i-NgcEAjjDpm3FVNBxiWvS8X; i-YbgaAY79FADF32ty9BkkW	i-Dqwk6WRPNzjzwmqmA18xc1; i-EpDNYovHuTxUaBfQe7k5xH; i-NgcEAjjDpm3FVNBxiWvS8X; i-YbgaAY79FADF32ty9BkkW		i-F8Q1QN8EmRLzQz9iUe6zgL	i-Dqwk6WRPNzjzwmqmA18xc1; i-EpDNYovHuTxUaBfQe7k5xH; i-NgcEAjjDpm3FVNBxiWvS8X; i-YbgaAY79FADF32ty9BkkW	i-Dqwk6WRPNzjzwmqmA18xc1; i-EpDNYovHuTxUaBfQe7k5xH; i-NgcEAjjDpm3FVNBxiWvS8X; i-YbgaAY79FADF32ty9BkkW	True	5	1	0		1			https://github.com/swerik-project/riksdagen-motions/blob/main/data/198384/mot-198384--00669.xml
352	198384	data/198384/mot-198384--02866.xml	True	1.0	1.0	1.0	1	0	0	1	1	0.0	1.0	0.0	i-5sxzSZSUx9KLqvREcwz58f	i-5sxzSZSUx9KLqvREcwz58f	i-5sxzSZSUx9KLqvREcwz58f			i-5sxzSZSUx9KLqvREcwz58f	i-5sxzSZSUx9KLqvREcwz58f	True	1	0	0		0			https://github.com/swerik-project/riksdagen-motions/blob/main/data/198384/mot-198384--02866.xml
353	198485	data/198485/mot-198485--01049.xml	False	0.0	0.0	0.0	0	0	1	1	0	1.0	0.0	0.0	i-HF1be62hHhvaXoZiyUz2HF				i-HF1be62hHhvaXoZiyUz2HF			True	1	1	0		1			https://github.com/swerik-project/riksdagen-motions/blob/main/data/198485/mot-198485--01049.xml
354	198485	data/198485/mot-198485--01945.xml	False	1.0	0.8571428571428571	0.9230769230769231	6	0	1	7	6	0.14285714285714285	0.8571428571428571	0.0	i-5q7m7rZyufN9RHaGjB6GHh; i-5wPAQ1MDLRTsW1XngYcD46; i-CMGiiZNVocLdbkuKqXgWTG; i-EQSJnvt3y9r5wULtNbkTNu; i-FiisfXYQcUpGymcboYQpoF; i-QRDnfz9zaiXo7A1SpAi1dM; i-RPvXiWoVbPvNZBh8bxVvbB	i-5wPAQ1MDLRTsW1XngYcD46; i-CMGiiZNVocLdbkuKqXgWTG; i-EQSJnvt3y9r5wULtNbkTNu; i-FiisfXYQcUpGymcboYQpoF; i-QRDnfz9zaiXo7A1SpAi1dM; i-RPvXiWoVbPvNZBh8bxVvbB	i-5wPAQ1MDLRTsW1XngYcD46; i-CMGiiZNVocLdbkuKqXgWTG; i-EQSJnvt3y9r5wULtNbkTNu; i-FiisfXYQcUpGymcboYQpoF; i-QRDnfz9zaiXo7A1SpAi1dM; i-RPvXiWoVbPvNZBh8bxVvbB		i-5q7m7rZyufN9RHaGjB6GHh	i-5wPAQ1MDLRTsW1XngYcD46; i-CMGiiZNVocLdbkuKqXgWTG; i-EQSJnvt3y9r5wULtNbkTNu; i-FiisfXYQcUpGymcboYQpoF; i-QRDnfz9zaiXo7A1SpAi1dM; i-RPvXiWoVbPvNZBh8bxVvbB	i-5wPAQ1MDLRTsW1XngYcD46; i-CMGiiZNVocLdbkuKqXgWTG; i-EQSJnvt3y9r5wULtNbkTNu; i-FiisfXYQcUpGymcboYQpoF; i-RPvXiWoVbPvNZBh8bxVvbB	False	7	1	0		2			https://github.com/swerik-project/riksdagen-motions/blob/main/data/198485/mot-198485--01945.xml
355	198485	data/198485/mot-198485--02227.xml	True	1.0	1.0	1.0	2	0	0	2	2	0.0	1.0	0.0	i-428Hjmwgi7AWPWkBr4Pecy; i-DDBp1Uv1xUyCgUST4Mk7Ub	i-428Hjmwgi7AWPWkBr4Pecy; i-DDBp1Uv1xUyCgUST4Mk7Ub	i-428Hjmwgi7AWPWkBr4Pecy; i-DDBp1Uv1xUyCgUST4Mk7Ub			i-428Hjmwgi7AWPWkBr4Pecy; i-DDBp1Uv1xUyCgUST4Mk7Ub	i-428Hjmwgi7AWPWkBr4Pecy; i-DDBp1Uv1xUyCgUST4Mk7Ub	True	2	0	0		0			https://github.com/swerik-project/riksdagen-motions/blob/main/data/198485/mot-198485--02227.xml
356	198586	data/198586/mot-198586--00181.xml	True	1.0	1.0	1.0	7	0	0	7	7	0.0	1.0	0.0	i-4i5vpDVzDizjgGeYkeoK2E; i-9X2XYXPBTEhd3dVshQ4PFJ; i-Ahzryxd2b7naJSD37mfHNJ; i-BkQoi6KA1EKK9EEJhT16Cz; i-F6Qp4bx3aMVLN2vuCyMK7D; i-KFLLBh5CxVpZkUZaHy3pAz; i-WqeECYtjggiM2pfNAKtUaz	i-4i5vpDVzDizjgGeYkeoK2E; i-9X2XYXPBTEhd3dVshQ4PFJ; i-Ahzryxd2b7naJSD37mfHNJ; i-BkQoi6KA1EKK9EEJhT16Cz; i-F6Qp4bx3aMVLN2vuCyMK7D; i-KFLLBh5CxVpZkUZaHy3pAz; i-WqeECYtjggiM2pfNAKtUaz	i-4i5vpDVzDizjgGeYkeoK2E; i-9X2XYXPBTEhd3dVshQ4PFJ; i-Ahzryxd2b7naJSD37mfHNJ; i-BkQoi6KA1EKK9EEJhT16Cz; i-F6Qp4bx3aMVLN2vuCyMK7D; i-KFLLBh5CxVpZkUZaHy3pAz; i-WqeECYtjggiM2pfNAKtUaz			i-4i5vpDVzDizjgGeYkeoK2E; i-9X2XYXPBTEhd3dVshQ4PFJ; i-Ahzryxd2b7naJSD37mfHNJ; i-BkQoi6KA1EKK9EEJhT16Cz; i-F6Qp4bx3aMVLN2vuCyMK7D; i-KFLLBh5CxVpZkUZaHy3pAz; i-WqeECYtjggiM2pfNAKtUaz	i-4i5vpDVzDizjgGeYkeoK2E; i-9X2XYXPBTEhd3dVshQ4PFJ; i-Ahzryxd2b7naJSD37mfHNJ; i-BkQoi6KA1EKK9EEJhT16Cz; i-F6Qp4bx3aMVLN2vuCyMK7D; i-KFLLBh5CxVpZkUZaHy3pAz; i-WqeECYtjggiM2pfNAKtUaz	True	7	0	0		0			https://github.com/swerik-project/riksdagen-motions/blob/main/data/198586/mot-198586--00181.xml
357	198586	data/198586/mot-198586--00580.xml	True	1.0	1.0	1.0	1	0	0	1	1	0.0	1.0	0.0	i-QhnsQ4XHA6EXWk4gj8dW77	i-QhnsQ4XHA6EXWk4gj8dW77	i-QhnsQ4XHA6EXWk4gj8dW77			i-QhnsQ4XHA6EXWk4gj8dW77	i-QhnsQ4XHA6EXWk4gj8dW77	True	1	0	0		0			https://github.com/swerik-project/riksdagen-motions/blob/main/data/198586/mot-198586--00580.xml
358	198586	data/198586/mot-198586-kru-00338.xml	False	1.0	0.08333333333333333	0.15384615384615385	1	0	11	12	1	0.9166666666666666	0.08333333333333333	0.0	i-3wLRiGfY1M7dyUZ4aGiwUV; i-428Hjmwgi7AWPWkBr4Pecy; i-788GHtzSVWps3NNq8zFMiq; i-9pZ6GzfD2R22bxSydJmuYz; i-CP1NFcCA4knd73wq3oaYZW; i-Gcjbk3nJyjWXPaa2dm3MFR; i-Hco5dtZYVczhhatjt4A2Ah; i-N6NqRjrNpzybfJmYWdhfdW; i-NLfT4RS4huMCGpWx1zB8Ag; i-P7oVLGoBfbz4RGE5XkQtLN; i-W4KsfSh6dCbjCcJdxiZwL; i-Wr6k6wHqCSCVpf8wAP1AEe	i-3wLRiGfY1M7dyUZ4aGiwUV	i-3wLRiGfY1M7dyUZ4aGiwUV		i-428Hjmwgi7AWPWkBr4Pecy; i-788GHtzSVWps3NNq8zFMiq; i-9pZ6GzfD2R22bxSydJmuYz; i-CP1NFcCA4knd73wq3oaYZW; i-Gcjbk3nJyjWXPaa2dm3MFR; i-Hco5dtZYVczhhatjt4A2Ah; i-N6NqRjrNpzybfJmYWdhfdW; i-NLfT4RS4huMCGpWx1zB8Ag; i-P7oVLGoBfbz4RGE5XkQtLN; i-W4KsfSh6dCbjCcJdxiZwL; i-Wr6k6wHqCSCVpf8wAP1AEe	i-3wLRiGfY1M7dyUZ4aGiwUV	i-3wLRiGfY1M7dyUZ4aGiwUV; i-428Hjmwgi7AWPWkBr4Pecy; i-788GHtzSVWps3NNq8zFMiq; i-9pZ6GzfD2R22bxSydJmuYz; i-CP1NFcCA4knd73wq3oaYZW; i-Gcjbk3nJyjWXPaa2dm3MFR; i-Hco5dtZYVczhhatjt4A2Ah; i-N6NqRjrNpzybfJmYWdhfdW; i-NLfT4RS4huMCGpWx1zB8Ag; i-P7oVLGoBfbz4RGE5XkQtLN; i-W4KsfSh6dCbjCcJdxiZwL; i-Wr6k6wHqCSCVpf8wAP1AEe	False	12	11	0		0			https://github.com/swerik-project/riksdagen-motions/blob/main/data/198586/mot-198586-kru-00338.xml
359	198687	data/198687/mot-198687-KrU-00317.xml	False	1.0	0.09090909090909091	0.16666666666666666	1	0	10	11	1	0.9090909090909091	0.09090909090909091	0.0	i-2BYSzJNcUPXMLvmLd6pE34; i-9ZfzFzDXHZKY5aBmYVFU3a; i-9msUCw725vKguNSQS4ikv4; i-DYxXbC2LXzL11J2rHdExZh; i-ENka9fRWC7HrGDQTU4F2ah; i-J66uUcstry6kTEhq3eK6EY; i-McV8uzEvZdxJephaZbqN9X; i-WtVUiHZh5LgiVdShZaxhhB; i-XReDscGERZf5yzSxFeceD3; i-d6dsey4EPVNLzi1U5nkWV; i-zC3ZtMw7pF7WxkXwbLkKZ	i-WtVUiHZh5LgiVdShZaxhhB	i-WtVUiHZh5LgiVdShZaxhhB		i-2BYSzJNcUPXMLvmLd6pE34; i-9ZfzFzDXHZKY5aBmYVFU3a; i-9msUCw725vKguNSQS4ikv4; i-DYxXbC2LXzL11J2rHdExZh; i-ENka9fRWC7HrGDQTU4F2ah; i-J66uUcstry6kTEhq3eK6EY; i-McV8uzEvZdxJephaZbqN9X; i-XReDscGERZf5yzSxFeceD3; i-d6dsey4EPVNLzi1U5nkWV; i-zC3ZtMw7pF7WxkXwbLkKZ	i-WtVUiHZh5LgiVdShZaxhhB	i-2BYSzJNcUPXMLvmLd6pE34; i-9msUCw725vKguNSQS4ikv4; i-DYxXbC2LXzL11J2rHdExZh; i-ENka9fRWC7HrGDQTU4F2ah; i-J66uUcstry6kTEhq3eK6EY; i-McV8uzEvZdxJephaZbqN9X; i-WtVUiHZh5LgiVdShZaxhhB; i-XReDscGERZf5yzSxFeceD3; i-d6dsey4EPVNLzi1U5nkWV; i-zC3ZtMw7pF7WxkXwbLkKZ	False	11	10	0		1			https://github.com/swerik-project/riksdagen-motions/blob/main/data/198687/mot-198687-KrU-00317.xml
360	198687	data/198687/mot-198687-NU-00144.xml	False	1.0	0.8	0.8888888888888888	4	0	1	5	4	0.2	0.8	0.0	i-9osx7gdXCsvHnf1J7JQnnY; i-EnY75k4BnjsRjmfLfQWBqT; i-VXkZessNxc9eyPfvwLgWcK; i-WhyY4N88ajLQNt1Z2Z3z44; i-YRTvhFgkzgwVT9mYHw8btB	i-9osx7gdXCsvHnf1J7JQnnY; i-EnY75k4BnjsRjmfLfQWBqT; i-VXkZessNxc9eyPfvwLgWcK; i-YRTvhFgkzgwVT9mYHw8btB	i-9osx7gdXCsvHnf1J7JQnnY; i-EnY75k4BnjsRjmfLfQWBqT; i-VXkZessNxc9eyPfvwLgWcK; i-YRTvhFgkzgwVT9mYHw8btB		i-WhyY4N88ajLQNt1Z2Z3z44	i-9osx7gdXCsvHnf1J7JQnnY; i-EnY75k4BnjsRjmfLfQWBqT; i-VXkZessNxc9eyPfvwLgWcK; i-YRTvhFgkzgwVT9mYHw8btB	i-9osx7gdXCsvHnf1J7JQnnY; i-EnY75k4BnjsRjmfLfQWBqT; i-VXkZessNxc9eyPfvwLgWcK; i-YRTvhFgkzgwVT9mYHw8btB	True	5	1	0		1			https://github.com/swerik-project/riksdagen-motions/blob/main/data/198687/mot-198687-NU-00144.xml
361	198687	data/198687/mot-198687-TU-00216.xml	True	1.0	1.0	1.0	1	0	0	1	1	0.0	1.0	0.0	i-4BfdTWABvwYtdUHg7su5aZ	i-4BfdTWABvwYtdUHg7su5aZ	i-4BfdTWABvwYtdUHg7su5aZ			i-4BfdTWABvwYtdUHg7su5aZ	i-4BfdTWABvwYtdUHg7su5aZ	True	1	0	0		0			https://github.com/swerik-project/riksdagen-motions/blob/main/data/198687/mot-198687-TU-00216.xml
362	198788	data/198788/mot-198788-KrU-00264.xml	False	0.0	0.0	0.0	0	0	4	4	0	1.0	0.0	0.0	i-CMGiiZNVocLdbkuKqXgWTG; i-HK9qYnVFN9ozMjewUoj5Ya; i-U9We27C3x3JviFqbQPuj3d; i-VtWQs1mfimPMyjw5HVXR4i				i-CMGiiZNVocLdbkuKqXgWTG; i-HK9qYnVFN9ozMjewUoj5Ya; i-U9We27C3x3JviFqbQPuj3d; i-VtWQs1mfimPMyjw5HVXR4i		i-CMGiiZNVocLdbkuKqXgWTG; i-HK9qYnVFN9ozMjewUoj5Ya; i-U9We27C3x3JviFqbQPuj3d; i-VtWQs1mfimPMyjw5HVXR4i	False	0	0	0		0			https://github.com/swerik-project/riksdagen-motions/blob/main/data/198788/mot-198788-KrU-00264.xml
363	198788	data/198788/mot-198788-SoU-00426.xml	False	1.0	0.07692307692307693	0.14285714285714285	1	0	12	13	1	0.9230769230769231	0.07692307692307693	0.0	i-2BYSzJNcUPXMLvmLd6pE34; i-4i5vpDVzDizjgGeYkeoK2E; i-8hxDNLW9NgYYqBHg8RCZcj; i-AZnaWEAg22YQ3HzVMfNSHR; i-BkQoi6KA1EKK9EEJhT16Cz; i-CQwK55qAkVUZt7PtiHxAxd; i-FhdnsbdSgKWks7yKVAW7kg; i-GvBe798bQfFYpnaboy7YCF; i-HpykFSDEKjFd3AQrjBW2xc; i-N7WL5aLLwEPfYa71gsUxQx; i-PjjxQYR5UbxSEEqwa2s5mr; i-QKH1DSWytvVGtUZkzdboRg; i-RxkptNoJYi3BWpTneSNTUn	i-AZnaWEAg22YQ3HzVMfNSHR	i-AZnaWEAg22YQ3HzVMfNSHR		i-2BYSzJNcUPXMLvmLd6pE34; i-4i5vpDVzDizjgGeYkeoK2E; i-8hxDNLW9NgYYqBHg8RCZcj; i-BkQoi6KA1EKK9EEJhT16Cz; i-CQwK55qAkVUZt7PtiHxAxd; i-FhdnsbdSgKWks7yKVAW7kg; i-GvBe798bQfFYpnaboy7YCF; i-HpykFSDEKjFd3AQrjBW2xc; i-N7WL5aLLwEPfYa71gsUxQx; i-PjjxQYR5UbxSEEqwa2s5mr; i-QKH1DSWytvVGtUZkzdboRg; i-RxkptNoJYi3BWpTneSNTUn	i-AZnaWEAg22YQ3HzVMfNSHR	i-2BYSzJNcUPXMLvmLd6pE34; i-4i5vpDVzDizjgGeYkeoK2E; i-8hxDNLW9NgYYqBHg8RCZcj; i-AZnaWEAg22YQ3HzVMfNSHR; i-BkQoi6KA1EKK9EEJhT16Cz; i-CQwK55qAkVUZt7PtiHxAxd; i-FhdnsbdSgKWks7yKVAW7kg; i-GvBe798bQfFYpnaboy7YCF; i-HpykFSDEKjFd3AQrjBW2xc; i-N7WL5aLLwEPfYa71gsUxQx; i-QKH1DSWytvVGtUZkzdboRg	False	1	0	0		2			https://github.com/swerik-project/riksdagen-motions/blob/main/data/198788/mot-198788-SoU-00426.xml
364	198788	data/198788/mot-198788-UbU-00628.xml	True	1.0	1.0	1.0	1	0	0	1	1	0.0	1.0	0.0	i-9msUCw725vKguNSQS4ikv4	i-9msUCw725vKguNSQS4ikv4	i-9msUCw725vKguNSQS4ikv4			i-9msUCw725vKguNSQS4ikv4	i-9msUCw725vKguNSQS4ikv4	True	1	0	0		0			https://github.com/swerik-project/riksdagen-motions/blob/main/data/198788/mot-198788-UbU-00628.xml
365	198889	data/198889/mot-198889-KU-00815.xml	True	1.0	1.0	1.0	2	0	0	2	2	0.0	1.0	0.0	i-BTYdghU4EMq5Q5aBuDLzBK; i-Wr6k6wHqCSCVpf8wAP1AEe	i-BTYdghU4EMq5Q5aBuDLzBK; i-Wr6k6wHqCSCVpf8wAP1AEe	i-BTYdghU4EMq5Q5aBuDLzBK; i-Wr6k6wHqCSCVpf8wAP1AEe			i-BTYdghU4EMq5Q5aBuDLzBK; i-Wr6k6wHqCSCVpf8wAP1AEe	i-BTYdghU4EMq5Q5aBuDLzBK; i-Wr6k6wHqCSCVpf8wAP1AEe	True	2	0	0		0			https://github.com/swerik-project/riksdagen-motions/blob/main/data/198889/mot-198889-KU-00815.xml
366	198889	data/198889/mot-198889-SfU-00519.xml	True	1.0	1.0	1.0	1	0	0	1	1	0.0	1.0	0.0	i-V193Sbzem4fs1MBp32cuww	i-V193Sbzem4fs1MBp32cuww	i-V193Sbzem4fs1MBp32cuww			i-V193Sbzem4fs1MBp32cuww	i-V193Sbzem4fs1MBp32cuww	True	1	0	0		1			https://github.com/swerik-project/riksdagen-motions/blob/main/data/198889/mot-198889-SfU-00519.xml
367	198889	data/198889/mot-198889-SkU-00328.xml	False	1.0	0.08333333333333333	0.15384615384615385	1	0	11	12	1	0.9166666666666666	0.08333333333333333	0.0	i-5BAuoreWuHEDmfStAQQoco; i-5FsdBgp7zC1W8jXSUkwwDq; i-788GHtzSVWps3NNq8zFMiq; i-9J1gmLVJSnGBRMzrAVvtvR; i-A2jgxgPRi11BxUsPb2uNmM; i-A8ft8hMHUcZDSE5fKdjGpq; i-DDBp1Uv1xUyCgUST4Mk7Ub; i-Gcjbk3nJyjWXPaa2dm3MFR; i-GmSFH9fmi5xjm5ydcN6R1m; i-MYV5TtBU5tQGwqDu4dq25s; i-NgCTKqp2fs7ZtdGdg2MLiL; i-P7oVLGoBfbz4RGE5XkQtLN	i-MYV5TtBU5tQGwqDu4dq25s	i-MYV5TtBU5tQGwqDu4dq25s		i-5BAuoreWuHEDmfStAQQoco; i-5FsdBgp7zC1W8jXSUkwwDq; i-788GHtzSVWps3NNq8zFMiq; i-9J1gmLVJSnGBRMzrAVvtvR; i-A2jgxgPRi11BxUsPb2uNmM; i-A8ft8hMHUcZDSE5fKdjGpq; i-DDBp1Uv1xUyCgUST4Mk7Ub; i-Gcjbk3nJyjWXPaa2dm3MFR; i-GmSFH9fmi5xjm5ydcN6R1m; i-NgCTKqp2fs7ZtdGdg2MLiL; i-P7oVLGoBfbz4RGE5XkQtLN	i-MYV5TtBU5tQGwqDu4dq25s	i-5BAuoreWuHEDmfStAQQoco; i-5FsdBgp7zC1W8jXSUkwwDq; i-788GHtzSVWps3NNq8zFMiq; i-9J1gmLVJSnGBRMzrAVvtvR; i-A2jgxgPRi11BxUsPb2uNmM; i-A8ft8hMHUcZDSE5fKdjGpq; i-DDBp1Uv1xUyCgUST4Mk7Ub; i-Gcjbk3nJyjWXPaa2dm3MFR; i-GmSFH9fmi5xjm5ydcN6R1m; i-MYV5TtBU5tQGwqDu4dq25s; i-NgCTKqp2fs7ZtdGdg2MLiL; i-P7oVLGoBfbz4RGE5XkQtLN	False	12	11	0		0			https://github.com/swerik-project/riksdagen-motions/blob/main/data/198889/mot-198889-SkU-00328.xml
368	198990	data/198990/mot-198990-KrU-00291.xml	True	1.0	1.0	1.0	1	0	0	1	1	0.0	1.0	0.0	i-RyQkgupNsiC7AWns9TVrZo	i-RyQkgupNsiC7AWns9TVrZo	i-RyQkgupNsiC7AWns9TVrZo			i-RyQkgupNsiC7AWns9TVrZo	i-RyQkgupNsiC7AWns9TVrZo	True	1	0	0		1			https://github.com/swerik-project/riksdagen-motions/blob/main/data/198990/mot-198990-KrU-00291.xml
369	198990	data/198990/mot-198990-NU-00483.xml	False	1.0	0.14285714285714285	0.25	1	0	6	7	1	0.8571428571428571	0.14285714285714285	0.0	i-5wPAQ1MDLRTsW1XngYcD46; i-GaozvGLNGCb9Vstyp2PrQH; i-HK9qYnVFN9ozMjewUoj5Ya; i-QRDnfz9zaiXo7A1SpAi1dM; i-SZKUTdtCrCo58yNCQsH76; i-XxMRaKyWvbxm3uJmt8WBtZ; i-rrg9t2XUkHE4iAjAykgpb	i-5wPAQ1MDLRTsW1XngYcD46	i-5wPAQ1MDLRTsW1XngYcD46		i-GaozvGLNGCb9Vstyp2PrQH; i-HK9qYnVFN9ozMjewUoj5Ya; i-QRDnfz9zaiXo7A1SpAi1dM; i-SZKUTdtCrCo58yNCQsH76; i-XxMRaKyWvbxm3uJmt8WBtZ; i-rrg9t2XUkHE4iAjAykgpb	i-5wPAQ1MDLRTsW1XngYcD46	i-5wPAQ1MDLRTsW1XngYcD46; i-GaozvGLNGCb9Vstyp2PrQH; i-HK9qYnVFN9ozMjewUoj5Ya; i-QRDnfz9zaiXo7A1SpAi1dM; i-QtJg9oNHiDkHLkgiCwmrBb; i-SZKUTdtCrCo58yNCQsH76; i-XxMRaKyWvbxm3uJmt8WBtZ; i-rrg9t2XUkHE4iAjAykgpb	False	8	7	0		1			https://github.com/swerik-project/riksdagen-motions/blob/main/data/198990/mot-198990-NU-00483.xml
370	198990	data/198990/mot-198990-TU-00332.xml	False	1.0	0.5	0.6666666666666666	1	0	1	2	1	0.5	0.5	0.0	i-BTYdghU4EMq5Q5aBuDLzBK; i-NgCTKqp2fs7ZtdGdg2MLiL	i-NgCTKqp2fs7ZtdGdg2MLiL	i-NgCTKqp2fs7ZtdGdg2MLiL		i-BTYdghU4EMq5Q5aBuDLzBK	i-NgCTKqp2fs7ZtdGdg2MLiL	i-BTYdghU4EMq5Q5aBuDLzBK; i-NgCTKqp2fs7ZtdGdg2MLiL	False	2	1	0		0			https://github.com/swerik-project/riksdagen-motions/blob/main/data/198990/mot-198990-TU-00332.xml
371	199091	data/199091/mot-199091-KU-00219.xml	True	1.0	1.0	1.0	2	0	0	2	2	0.0	1.0	0.0	i-GyYMjkDFkNwtQ7GJKMBnVE; i-TX8UjKrUpUeZgE2dqKJCFc	i-GyYMjkDFkNwtQ7GJKMBnVE; i-TX8UjKrUpUeZgE2dqKJCFc	i-GyYMjkDFkNwtQ7GJKMBnVE; i-TX8UjKrUpUeZgE2dqKJCFc			i-GyYMjkDFkNwtQ7GJKMBnVE; i-TX8UjKrUpUeZgE2dqKJCFc	i-GyYMjkDFkNwtQ7GJKMBnVE; i-TX8UjKrUpUeZgE2dqKJCFc	True	2	0	0		0			https://github.com/swerik-project/riksdagen-motions/blob/main/data/199091/mot-199091-KU-00219.xml
372	199091	data/199091/mot-199091-SoU-00096.xml	False	1.0	0.058823529411764705	0.1111111111111111	1	0	16	17	1	0.9411764705882353	0.058823529411764705	0.0	i-2BYSzJNcUPXMLvmLd6pE34; i-2CptAnTqxXA4LBXL7vK9gC; i-3uaN5fvSUmBMXgqnzrb6Yb; i-5sxzSZSUx9KLqvREcwz58f; i-7EqnaA8N82a8e94n92Ucda; i-9msUCw725vKguNSQS4ikv4; i-A16XHDHnpsSEskwvgsUhaw; i-BkQoi6KA1EKK9EEJhT16Cz; i-G7NrNFSEu4BWZ8cRNLg6iH; i-GTDxf4NudVQ4es4EhotQR1; i-KFLLBh5CxVpZkUZaHy3pAz; i-L9ZkLhYiYiW2jxjciAaRcV; i-NXNY6RqNuERrrfDVTJBFkt; i-QG8fyctdjn6RWygZ2n5czv; i-QkoGcuWJuiryQZaTNFexi4; i-V3cJeoPL42ScwovV1Zu9Ko; i-VKBXGHy4KWJbExz3QgCuVy	i-GTDxf4NudVQ4es4EhotQR1	i-GTDxf4NudVQ4es4EhotQR1		i-2BYSzJNcUPXMLvmLd6pE34; i-2CptAnTqxXA4LBXL7vK9gC; i-3uaN5fvSUmBMXgqnzrb6Yb; i-5sxzSZSUx9KLqvREcwz58f; i-7EqnaA8N82a8e94n92Ucda; i-9msUCw725vKguNSQS4ikv4; i-A16XHDHnpsSEskwvgsUhaw; i-BkQoi6KA1EKK9EEJhT16Cz; i-G7NrNFSEu4BWZ8cRNLg6iH; i-KFLLBh5CxVpZkUZaHy3pAz; i-L9ZkLhYiYiW2jxjciAaRcV; i-NXNY6RqNuERrrfDVTJBFkt; i-QG8fyctdjn6RWygZ2n5czv; i-QkoGcuWJuiryQZaTNFexi4; i-V3cJeoPL42ScwovV1Zu9Ko; i-VKBXGHy4KWJbExz3QgCuVy	i-GTDxf4NudVQ4es4EhotQR1	i-2BYSzJNcUPXMLvmLd6pE34; i-2CptAnTqxXA4LBXL7vK9gC; i-3uaN5fvSUmBMXgqnzrb6Yb; i-5sxzSZSUx9KLqvREcwz58f; i-7EqnaA8N82a8e94n92Ucda; i-9msUCw725vKguNSQS4ikv4; i-A16XHDHnpsSEskwvgsUhaw; i-BkQoi6KA1EKK9EEJhT16Cz; i-G7NrNFSEu4BWZ8cRNLg6iH; i-GTDxf4NudVQ4es4EhotQR1; i-KFLLBh5CxVpZkUZaHy3pAz; i-L9ZkLhYiYiW2jxjciAaRcV; i-NXNY6RqNuERrrfDVTJBFkt; i-QG8fyctdjn6RWygZ2n5czv; i-QkoGcuWJuiryQZaTNFexi4; i-V3cJeoPL42ScwovV1Zu9Ko; i-VKBXGHy4KWJbExz3QgCuVy	False	17	16	0		0			https://github.com/swerik-project/riksdagen-motions/blob/main/data/199091/mot-199091-SoU-00096.xml
373	199091	data/199091/mot-199091-TU-00547.xml	False	1.0	0.75	0.8571428571428571	3	0	1	4	3	0.25	0.75	0.0	i-A9wTTx74ViuquWXmgF5vjj; i-Cj9FYr3Q5sLFjM9zvEVNNE; i-P8q9oyKjWzPdBEfQeD8Vwa; i-PTwgnmFQaFTXvr8SByLQzu	i-A9wTTx74ViuquWXmgF5vjj; i-Cj9FYr3Q5sLFjM9zvEVNNE; i-PTwgnmFQaFTXvr8SByLQzu	i-A9wTTx74ViuquWXmgF5vjj; i-Cj9FYr3Q5sLFjM9zvEVNNE; i-PTwgnmFQaFTXvr8SByLQzu		i-P8q9oyKjWzPdBEfQeD8Vwa	i-A9wTTx74ViuquWXmgF5vjj; i-Cj9FYr3Q5sLFjM9zvEVNNE; i-PTwgnmFQaFTXvr8SByLQzu	i-P8q9oyKjWzPdBEfQeD8Vwa	False	5	2	0		0			https://github.com/swerik-project/riksdagen-motions/blob/main/data/199091/mot-199091-TU-00547.xml
374	199192	data/199192/mot-199192-BoU-00238.xml	True	1.0	1.0	1.0	7	0	0	7	7	0.0	1.0	0.0	i-5q7m7rZyufN9RHaGjB6GHh; i-5wPAQ1MDLRTsW1XngYcD46; i-GGmRxJER6QaBgxG9DmW9Z9; i-Kytbd3WZfQeKTPffXjTEpk; i-QRDnfz9zaiXo7A1SpAi1dM; i-QtJg9oNHiDkHLkgiCwmrBb; i-UTCSmzsY5HKuaoXinVtDS	i-5q7m7rZyufN9RHaGjB6GHh; i-5wPAQ1MDLRTsW1XngYcD46; i-GGmRxJER6QaBgxG9DmW9Z9; i-Kytbd3WZfQeKTPffXjTEpk; i-QRDnfz9zaiXo7A1SpAi1dM; i-QtJg9oNHiDkHLkgiCwmrBb; i-UTCSmzsY5HKuaoXinVtDS	i-5q7m7rZyufN9RHaGjB6GHh; i-5wPAQ1MDLRTsW1XngYcD46; i-GGmRxJER6QaBgxG9DmW9Z9; i-Kytbd3WZfQeKTPffXjTEpk; i-QRDnfz9zaiXo7A1SpAi1dM; i-QtJg9oNHiDkHLkgiCwmrBb; i-UTCSmzsY5HKuaoXinVtDS			i-5q7m7rZyufN9RHaGjB6GHh; i-5wPAQ1MDLRTsW1XngYcD46; i-GGmRxJER6QaBgxG9DmW9Z9; i-Kytbd3WZfQeKTPffXjTEpk; i-QRDnfz9zaiXo7A1SpAi1dM; i-QtJg9oNHiDkHLkgiCwmrBb; i-UTCSmzsY5HKuaoXinVtDS	i-5q7m7rZyufN9RHaGjB6GHh; i-5wPAQ1MDLRTsW1XngYcD46; i-GGmRxJER6QaBgxG9DmW9Z9; i-Kytbd3WZfQeKTPffXjTEpk; i-QRDnfz9zaiXo7A1SpAi1dM; i-QtJg9oNHiDkHLkgiCwmrBb; i-UTCSmzsY5HKuaoXinVtDS	True	7	0	0		0			https://github.com/swerik-project/riksdagen-motions/blob/main/data/199192/mot-199192-BoU-00238.xml
375	199192	data/199192/mot-199192-TU-00310.xml	False	1.0	0.75	0.8571428571428571	3	0	1	4	3	0.25	0.75	0.0	i-2ggBvfkHRn3s8FvFEPLxjs; i-9GkZmWA6j3AXTPSkudVbZ; i-AQXTwzTQEJiySickVRFT1U; i-SJZr3KVaqohjfckH9Qag36	i-2ggBvfkHRn3s8FvFEPLxjs; i-9GkZmWA6j3AXTPSkudVbZ; i-SJZr3KVaqohjfckH9Qag36	i-2ggBvfkHRn3s8FvFEPLxjs; i-9GkZmWA6j3AXTPSkudVbZ; i-SJZr3KVaqohjfckH9Qag36		i-AQXTwzTQEJiySickVRFT1U	i-2ggBvfkHRn3s8FvFEPLxjs; i-9GkZmWA6j3AXTPSkudVbZ; i-SJZr3KVaqohjfckH9Qag36	i-2ggBvfkHRn3s8FvFEPLxjs; i-9GkZmWA6j3AXTPSkudVbZ; i-AQXTwzTQEJiySickVRFT1U; i-SJZr3KVaqohjfckH9Qag36	False	4	1	0		0			https://github.com/swerik-project/riksdagen-motions/blob/main/data/199192/mot-199192-TU-00310.xml
376	199192	data/199192/mot-199192-UbU-00482.xml	True	1.0	1.0	1.0	1	0	0	1	1	0.0	1.0	0.0	i-8rgPqLrraP4U2Uu8wEKuJF	i-8rgPqLrraP4U2Uu8wEKuJF	i-8rgPqLrraP4U2Uu8wEKuJF			i-8rgPqLrraP4U2Uu8wEKuJF	i-8rgPqLrraP4U2Uu8wEKuJF	True	1	0	0		0			https://github.com/swerik-project/riksdagen-motions/blob/main/data/199192/mot-199192-UbU-00482.xml
377	199293	data/199293/mot-199293-TU-00205.xml	True	1.0	1.0	1.0	4	0	0	4	4	0.0	1.0	0.0	i-KC7Pg8aEPmzzkGC8SbK2cS; i-PvZh9Zhc6sdAt87Ng4CMcQ; i-SfnrsjEZBg9vdQjkU5VSZ2; i-g5oS8RSWuaximcHXWswPQ	i-KC7Pg8aEPmzzkGC8SbK2cS; i-PvZh9Zhc6sdAt87Ng4CMcQ; i-SfnrsjEZBg9vdQjkU5VSZ2; i-g5oS8RSWuaximcHXWswPQ	i-KC7Pg8aEPmzzkGC8SbK2cS; i-PvZh9Zhc6sdAt87Ng4CMcQ; i-SfnrsjEZBg9vdQjkU5VSZ2; i-g5oS8RSWuaximcHXWswPQ			i-KC7Pg8aEPmzzkGC8SbK2cS; i-PvZh9Zhc6sdAt87Ng4CMcQ; i-SfnrsjEZBg9vdQjkU5VSZ2; i-g5oS8RSWuaximcHXWswPQ	i-KC7Pg8aEPmzzkGC8SbK2cS; i-PvZh9Zhc6sdAt87Ng4CMcQ; i-SfnrsjEZBg9vdQjkU5VSZ2; i-g5oS8RSWuaximcHXWswPQ	True	4	0	0		0			https://github.com/swerik-project/riksdagen-motions/blob/main/data/199293/mot-199293-TU-00205.xml
378	199293	data/199293/mot-199293-UU-00623.xml	False	0.875	1.0	0.9333333333333333	7	1	0	7	8	0.0	1.0	0.125	i-5q7m7rZyufN9RHaGjB6GHh; i-LzYBGnvuhNHdQ7LQKPA6UJ; i-PTwgnmFQaFTXvr8SByLQzu; i-QCRg2KTsg7cQV6CGsVeAfY; i-QRDnfz9zaiXo7A1SpAi1dM; i-WvrkgGMVWbiVxVoPqgJuEF; i-rrg9t2XUkHE4iAjAykgpb	i-5q7m7rZyufN9RHaGjB6GHh; i-Kytbd3WZfQeKTPffXjTEpk; i-LzYBGnvuhNHdQ7LQKPA6UJ; i-PTwgnmFQaFTXvr8SByLQzu; i-QCRg2KTsg7cQV6CGsVeAfY; i-QRDnfz9zaiXo7A1SpAi1dM; i-WvrkgGMVWbiVxVoPqgJuEF; i-rrg9t2XUkHE4iAjAykgpb	i-5q7m7rZyufN9RHaGjB6GHh; i-LzYBGnvuhNHdQ7LQKPA6UJ; i-PTwgnmFQaFTXvr8SByLQzu; i-QCRg2KTsg7cQV6CGsVeAfY; i-QRDnfz9zaiXo7A1SpAi1dM; i-WvrkgGMVWbiVxVoPqgJuEF; i-rrg9t2XUkHE4iAjAykgpb	i-Kytbd3WZfQeKTPffXjTEpk		i-5q7m7rZyufN9RHaGjB6GHh; i-Kytbd3WZfQeKTPffXjTEpk; i-LzYBGnvuhNHdQ7LQKPA6UJ; i-PTwgnmFQaFTXvr8SByLQzu; i-QCRg2KTsg7cQV6CGsVeAfY; i-QRDnfz9zaiXo7A1SpAi1dM; i-WvrkgGMVWbiVxVoPqgJuEF; i-rrg9t2XUkHE4iAjAykgpb	i-5q7m7rZyufN9RHaGjB6GHh; i-Kytbd3WZfQeKTPffXjTEpk; i-LzYBGnvuhNHdQ7LQKPA6UJ; i-PTwgnmFQaFTXvr8SByLQzu; i-QCRg2KTsg7cQV6CGsVeAfY; i-QRDnfz9zaiXo7A1SpAi1dM; i-WvrkgGMVWbiVxVoPqgJuEF; i-rrg9t2XUkHE4iAjAykgpb	True	8	0	0		0			https://github.com/swerik-project/riksdagen-motions/blob/main/data/199293/mot-199293-UU-00623.xml
379	199293	data/199293/mot-199293-UbU-00451.xml	True	1.0	1.0	1.0	1	0	0	1	1	0.0	1.0	0.0	i-6f3Eo6CncWk3zsxXn8Fyv8	i-6f3Eo6CncWk3zsxXn8Fyv8	i-6f3Eo6CncWk3zsxXn8Fyv8			i-6f3Eo6CncWk3zsxXn8Fyv8	i-6f3Eo6CncWk3zsxXn8Fyv8	True	1	0	0		0			https://github.com/swerik-project/riksdagen-motions/blob/main/data/199293/mot-199293-UbU-00451.xml
380	199394	data/199394/mot-199394-AU-00445.xml	True	1.0	1.0	1.0	2	0	0	2	2	0.0	1.0	0.0	i-QRDnfz9zaiXo7A1SpAi1dM; i-rrg9t2XUkHE4iAjAykgpb	i-QRDnfz9zaiXo7A1SpAi1dM; i-rrg9t2XUkHE4iAjAykgpb	i-QRDnfz9zaiXo7A1SpAi1dM; i-rrg9t2XUkHE4iAjAykgpb			i-QRDnfz9zaiXo7A1SpAi1dM; i-rrg9t2XUkHE4iAjAykgpb	i-QRDnfz9zaiXo7A1SpAi1dM; i-rrg9t2XUkHE4iAjAykgpb	True	2	0	0		0			https://github.com/swerik-project/riksdagen-motions/blob/main/data/199394/mot-199394-AU-00445.xml
381	199394	data/199394/mot-199394-KrU-00297.xml	True	1.0	1.0	1.0	1	0	0	1	1	0.0	1.0	0.0	i-LvT4xzQrHUKrVDH5VNSL5s	i-LvT4xzQrHUKrVDH5VNSL5s	i-LvT4xzQrHUKrVDH5VNSL5s			i-LvT4xzQrHUKrVDH5VNSL5s	i-LvT4xzQrHUKrVDH5VNSL5s	True	1	0	0		0			https://github.com/swerik-project/riksdagen-motions/blob/main/data/199394/mot-199394-KrU-00297.xml
382	199394	data/199394/mot-199394-KrU-00306.xml	True	1.0	1.0	1.0	1	0	0	1	1	0.0	1.0	0.0	i-XazZeCYyyq3u8LSAmNahPt	i-XazZeCYyyq3u8LSAmNahPt	i-XazZeCYyyq3u8LSAmNahPt			i-XazZeCYyyq3u8LSAmNahPt	i-XazZeCYyyq3u8LSAmNahPt	True	1	0	0		0			https://github.com/swerik-project/riksdagen-motions/blob/main/data/199394/mot-199394-KrU-00306.xml
383	199495	data/199495/mot-199495-AU-00803.xml	False	1.0	0.5	0.6666666666666666	3	0	3	6	3	0.5	0.5	0.0	i-5q7m7rZyufN9RHaGjB6GHh; i-6nbWfYQYwqJtM2XLoDTFkR; i-Kytbd3WZfQeKTPffXjTEpk; i-LB9Tn6B1RXiAHZEWEK1hYC; i-LzYBGnvuhNHdQ7LQKPA6UJ; i-QCRg2KTsg7cQV6CGsVeAfY	i-6nbWfYQYwqJtM2XLoDTFkR; i-Kytbd3WZfQeKTPffXjTEpk; i-LzYBGnvuhNHdQ7LQKPA6UJ	i-6nbWfYQYwqJtM2XLoDTFkR; i-Kytbd3WZfQeKTPffXjTEpk; i-LzYBGnvuhNHdQ7LQKPA6UJ		i-5q7m7rZyufN9RHaGjB6GHh; i-LB9Tn6B1RXiAHZEWEK1hYC; i-QCRg2KTsg7cQV6CGsVeAfY	i-6nbWfYQYwqJtM2XLoDTFkR; i-Kytbd3WZfQeKTPffXjTEpk; i-LzYBGnvuhNHdQ7LQKPA6UJ	i-5q7m7rZyufN9RHaGjB6GHh; i-6nbWfYQYwqJtM2XLoDTFkR; i-Kytbd3WZfQeKTPffXjTEpk; i-LB9Tn6B1RXiAHZEWEK1hYC; i-LzYBGnvuhNHdQ7LQKPA6UJ; i-QCRg2KTsg7cQV6CGsVeAfY	False	6	3	0		0			https://github.com/swerik-project/riksdagen-motions/blob/main/data/199495/mot-199495-AU-00803.xml
384	199495	data/199495/mot-199495-NU-00428.xml	True	1.0	1.0	1.0	2	0	0	2	2	0.0	1.0	0.0	i-82FJELMx7YFRYjpsFj8aw9; i-TySxi8Noi1UEFkA8wbbQTG	i-82FJELMx7YFRYjpsFj8aw9; i-TySxi8Noi1UEFkA8wbbQTG	i-82FJELMx7YFRYjpsFj8aw9; i-TySxi8Noi1UEFkA8wbbQTG			i-82FJELMx7YFRYjpsFj8aw9; i-TySxi8Noi1UEFkA8wbbQTG	i-82FJELMx7YFRYjpsFj8aw9; i-TySxi8Noi1UEFkA8wbbQTG	True	2	0	0		0			https://github.com/swerik-project/riksdagen-motions/blob/main/data/199495/mot-199495-NU-00428.xml
385	199495	data/199495/mot-199495-UbU-00035.xml	True	1.0	1.0	1.0	4	0	0	4	4	0.0	1.0	0.0	i-5XfRsyaqsbNGGG3spKFVTH; i-EfLrWUocZwsV2PVnPdzohZ; i-MgqyLN2yypWAiyHpLmZGkg; i-TtTt6tncGj7Z7obngWSti	i-5XfRsyaqsbNGGG3spKFVTH; i-EfLrWUocZwsV2PVnPdzohZ; i-MgqyLN2yypWAiyHpLmZGkg; i-TtTt6tncGj7Z7obngWSti	i-5XfRsyaqsbNGGG3spKFVTH; i-EfLrWUocZwsV2PVnPdzohZ; i-MgqyLN2yypWAiyHpLmZGkg; i-TtTt6tncGj7Z7obngWSti			i-5XfRsyaqsbNGGG3spKFVTH; i-EfLrWUocZwsV2PVnPdzohZ; i-MgqyLN2yypWAiyHpLmZGkg; i-TtTt6tncGj7Z7obngWSti	i-5XfRsyaqsbNGGG3spKFVTH; i-EfLrWUocZwsV2PVnPdzohZ; i-MgqyLN2yypWAiyHpLmZGkg; i-TtTt6tncGj7Z7obngWSti	True	4	0	0		0			https://github.com/swerik-project/riksdagen-motions/blob/main/data/199495/mot-199495-UbU-00035.xml
386	199596	data/199596/mot-199596-FiU-00115.xml	True	1.0	1.0	1.0	1	0	0	1	1	0.0	1.0	0.0	i-AtvKBXC4FZbodCNyRko9RA	i-AtvKBXC4FZbodCNyRko9RA	i-AtvKBXC4FZbodCNyRko9RA			i-AtvKBXC4FZbodCNyRko9RA	i-AtvKBXC4FZbodCNyRko9RA	True	1	0	0		0			https://github.com/swerik-project/riksdagen-motions/blob/main/data/199596/mot-199596-FiU-00115.xml
387	199596	data/199596/mot-199596-NU-00030.xml	True	1.0	1.0	1.0	5	0	0	5	5	0.0	1.0	0.0	i-4wzmEstkwDoqsQwqUhMe6k; i-5orH1EJN5hP5LGxnLXboj2; i-9BUsH2Bn1bGihptNC5r7uq; i-FaHZVPWVR2eB2WbWdES1dK; i-QkL9NojUdzeRLYoZHg35Cx	i-4wzmEstkwDoqsQwqUhMe6k; i-5orH1EJN5hP5LGxnLXboj2; i-9BUsH2Bn1bGihptNC5r7uq; i-FaHZVPWVR2eB2WbWdES1dK; i-QkL9NojUdzeRLYoZHg35Cx	i-4wzmEstkwDoqsQwqUhMe6k; i-5orH1EJN5hP5LGxnLXboj2; i-9BUsH2Bn1bGihptNC5r7uq; i-FaHZVPWVR2eB2WbWdES1dK; i-QkL9NojUdzeRLYoZHg35Cx			i-4wzmEstkwDoqsQwqUhMe6k; i-5orH1EJN5hP5LGxnLXboj2; i-9BUsH2Bn1bGihptNC5r7uq; i-FaHZVPWVR2eB2WbWdES1dK; i-QkL9NojUdzeRLYoZHg35Cx	i-4wzmEstkwDoqsQwqUhMe6k; i-5orH1EJN5hP5LGxnLXboj2; i-9BUsH2Bn1bGihptNC5r7uq; i-FaHZVPWVR2eB2WbWdES1dK; i-QkL9NojUdzeRLYoZHg35Cx	True	5	0	0		0			https://github.com/swerik-project/riksdagen-motions/blob/main/data/199596/mot-199596-NU-00030.xml
388	199596	data/199596/mot-199596-SkU-00009.xml	True	1.0	1.0	1.0	2	0	0	2	2	0.0	1.0	0.0	i-6kLJbGLpwB9hYxDrVrkcqF; i-VQ8e4QWrW7Gvhr9MwK6fQ9	i-6kLJbGLpwB9hYxDrVrkcqF; i-VQ8e4QWrW7Gvhr9MwK6fQ9	i-6kLJbGLpwB9hYxDrVrkcqF; i-VQ8e4QWrW7Gvhr9MwK6fQ9			i-6kLJbGLpwB9hYxDrVrkcqF; i-VQ8e4QWrW7Gvhr9MwK6fQ9	i-6kLJbGLpwB9hYxDrVrkcqF; i-VQ8e4QWrW7Gvhr9MwK6fQ9	True	2	0	0		0			https://github.com/swerik-project/riksdagen-motions/blob/main/data/199596/mot-199596-SkU-00009.xml
389	199697	data/199697/mot-199697-FiU-00407.xml	False	1.0	0.07692307692307693	0.14285714285714285	1	0	12	13	1	0.9230769230769231	0.07692307692307693	0.0	i-3rnEh52NL7CXPJYcg4p7bD; i-4i5vpDVzDizjgGeYkeoK2E; i-5sxzSZSUx9KLqvREcwz58f; i-AZnaWEAg22YQ3HzVMfNSHR; i-BbWhKN8LYooYPeK77uLHBD; i-D74cdq6EQpWG5dWigfnSSw; i-ENka9fRWC7HrGDQTU4F2ah; i-GvBe798bQfFYpnaboy7YCF; i-HpykFSDEKjFd3AQrjBW2xc; i-MtQDAwnav9eHyeftxbQLvf; i-QKH1DSWytvVGtUZkzdboRg; i-QkoGcuWJuiryQZaTNFexi4; i-VvqVwyrQgUiYjtEt3CpQcM	i-AZnaWEAg22YQ3HzVMfNSHR	i-AZnaWEAg22YQ3HzVMfNSHR		i-3rnEh52NL7CXPJYcg4p7bD; i-4i5vpDVzDizjgGeYkeoK2E; i-5sxzSZSUx9KLqvREcwz58f; i-BbWhKN8LYooYPeK77uLHBD; i-D74cdq6EQpWG5dWigfnSSw; i-ENka9fRWC7HrGDQTU4F2ah; i-GvBe798bQfFYpnaboy7YCF; i-HpykFSDEKjFd3AQrjBW2xc; i-MtQDAwnav9eHyeftxbQLvf; i-QKH1DSWytvVGtUZkzdboRg; i-QkoGcuWJuiryQZaTNFexi4; i-VvqVwyrQgUiYjtEt3CpQcM	i-AZnaWEAg22YQ3HzVMfNSHR	i-3rnEh52NL7CXPJYcg4p7bD; i-4i5vpDVzDizjgGeYkeoK2E; i-5sxzSZSUx9KLqvREcwz58f; i-AZnaWEAg22YQ3HzVMfNSHR; i-BbWhKN8LYooYPeK77uLHBD; i-D74cdq6EQpWG5dWigfnSSw; i-ENka9fRWC7HrGDQTU4F2ah; i-GvBe798bQfFYpnaboy7YCF; i-HpykFSDEKjFd3AQrjBW2xc; i-MtQDAwnav9eHyeftxbQLvf; i-QKH1DSWytvVGtUZkzdboRg; i-QkoGcuWJuiryQZaTNFexi4; i-VvqVwyrQgUiYjtEt3CpQcM	False	13	12	0		0			https://github.com/swerik-project/riksdagen-motions/blob/main/data/199697/mot-199697-FiU-00407.xml
390	199697	data/199697/mot-199697-FöU-00049.xml	False	0.6666666666666666	1.0	0.8	2	1	0	2	3	0.0	1.0	0.3333333333333333	i-FpZhtERayFHq9rSuxCQ5k5; i-USjy9qPfM1AoHPrniSWX79	i-FpZhtERayFHq9rSuxCQ5k5; i-USjy9qPfM1AoHPrniSWX79; i-UukxhVrpswE5ADBkFe7Q3V	i-FpZhtERayFHq9rSuxCQ5k5; i-USjy9qPfM1AoHPrniSWX79	i-UukxhVrpswE5ADBkFe7Q3V		i-FpZhtERayFHq9rSuxCQ5k5; i-USjy9qPfM1AoHPrniSWX79; i-UukxhVrpswE5ADBkFe7Q3V	i-USjy9qPfM1AoHPrniSWX79; i-UukxhVrpswE5ADBkFe7Q3V	False	3	0	0		0			https://github.com/swerik-project/riksdagen-motions/blob/main/data/199697/mot-199697-FöU-00049.xml
391	199697	data/199697/mot-199697-JoU-00520.xml	True	1.0	1.0	1.0	2	0	0	2	2	0.0	1.0	0.0	i-Cj9FYr3Q5sLFjM9zvEVNNE; i-EtZPp558NBkJSFmtZFrnn	i-Cj9FYr3Q5sLFjM9zvEVNNE; i-EtZPp558NBkJSFmtZFrnn	i-Cj9FYr3Q5sLFjM9zvEVNNE; i-EtZPp558NBkJSFmtZFrnn			i-Cj9FYr3Q5sLFjM9zvEVNNE; i-EtZPp558NBkJSFmtZFrnn	i-Cj9FYr3Q5sLFjM9zvEVNNE; i-EtZPp558NBkJSFmtZFrnn	True	2	0	0		0			https://github.com/swerik-project/riksdagen-motions/blob/main/data/199697/mot-199697-JoU-00520.xml
392	199798	data/199798/mot-199798-AU-00433.xml	True	1.0	1.0	1.0	2	0	0	2	2	0.0	1.0	0.0	i-2ggBvfkHRn3s8FvFEPLxjs; i-BpXx7nwLpg9Po4oYTZPzUj	i-2ggBvfkHRn3s8FvFEPLxjs; i-BpXx7nwLpg9Po4oYTZPzUj	i-2ggBvfkHRn3s8FvFEPLxjs; i-BpXx7nwLpg9Po4oYTZPzUj			i-2ggBvfkHRn3s8FvFEPLxjs; i-BpXx7nwLpg9Po4oYTZPzUj	i-2ggBvfkHRn3s8FvFEPLxjs; i-BpXx7nwLpg9Po4oYTZPzUj	True	2	0	0		0			https://github.com/swerik-project/riksdagen-motions/blob/main/data/199798/mot-199798-AU-00433.xml
393	199798	data/199798/mot-199798-JoU-00072.xml	True	1.0	1.0	1.0	3	0	0	3	3	0.0	1.0	0.0	i-4wzmEstkwDoqsQwqUhMe6k; i-PvJTHCyJiaxUeJhG5osdHg; i-QkL9NojUdzeRLYoZHg35Cx	i-4wzmEstkwDoqsQwqUhMe6k; i-PvJTHCyJiaxUeJhG5osdHg; i-QkL9NojUdzeRLYoZHg35Cx	i-4wzmEstkwDoqsQwqUhMe6k; i-PvJTHCyJiaxUeJhG5osdHg; i-QkL9NojUdzeRLYoZHg35Cx			i-4wzmEstkwDoqsQwqUhMe6k; i-PvJTHCyJiaxUeJhG5osdHg; i-QkL9NojUdzeRLYoZHg35Cx	i-4wzmEstkwDoqsQwqUhMe6k; i-PvJTHCyJiaxUeJhG5osdHg; i-QkL9NojUdzeRLYoZHg35Cx	True	3	0	0		0			https://github.com/swerik-project/riksdagen-motions/blob/main/data/199798/mot-199798-JoU-00072.xml
394	199798	data/199798/mot-199798-UbU-00712.xml	True	1.0	1.0	1.0	1	0	0	1	1	0.0	1.0	0.0	i-2CQ7wMBad8ihMEVBdBSjzx	i-2CQ7wMBad8ihMEVBdBSjzx	i-2CQ7wMBad8ihMEVBdBSjzx			i-2CQ7wMBad8ihMEVBdBSjzx	i-2CQ7wMBad8ihMEVBdBSjzx	True	1	0	0		0			https://github.com/swerik-project/riksdagen-motions/blob/main/data/199798/mot-199798-UbU-00712.xml
395	199899	data/199899/mot-199899-KU-00027.xml	True	1.0	1.0	1.0	7	0	0	7	7	0.0	1.0	0.0	i-44hG22iaE6LAaX8WoMPPk3; i-7XJQkFtojnsGkBWJ4ArrFx; i-BAB7JTqwHUAHz87bdy5smY; i-JFL6JXCEtMcVkwJqetmAZs; i-KnfRfemwD98TyCA1A8KCeX; i-Qa1ZufD1xJDN43bJxjLRPB; i-RsJr1rsFNFbn3SapToHxbM	i-44hG22iaE6LAaX8WoMPPk3; i-7XJQkFtojnsGkBWJ4ArrFx; i-BAB7JTqwHUAHz87bdy5smY; i-JFL6JXCEtMcVkwJqetmAZs; i-KnfRfemwD98TyCA1A8KCeX; i-Qa1ZufD1xJDN43bJxjLRPB; i-RsJr1rsFNFbn3SapToHxbM	i-44hG22iaE6LAaX8WoMPPk3; i-7XJQkFtojnsGkBWJ4ArrFx; i-BAB7JTqwHUAHz87bdy5smY; i-JFL6JXCEtMcVkwJqetmAZs; i-KnfRfemwD98TyCA1A8KCeX; i-Qa1ZufD1xJDN43bJxjLRPB; i-RsJr1rsFNFbn3SapToHxbM			i-44hG22iaE6LAaX8WoMPPk3; i-7XJQkFtojnsGkBWJ4ArrFx; i-BAB7JTqwHUAHz87bdy5smY; i-JFL6JXCEtMcVkwJqetmAZs; i-KnfRfemwD98TyCA1A8KCeX; i-Qa1ZufD1xJDN43bJxjLRPB; i-RsJr1rsFNFbn3SapToHxbM	i-44hG22iaE6LAaX8WoMPPk3	False	7	0	0		0			https://github.com/swerik-project/riksdagen-motions/blob/main/data/199899/mot-199899-KU-00027.xml
396	199899	data/199899/mot-199899-TU-00515.xml	True	1.0	1.0	1.0	1	0	0	1	1	0.0	1.0	0.0	i-BHVsLDz5YDDkjyE1f5Gzz3	i-BHVsLDz5YDDkjyE1f5Gzz3	i-BHVsLDz5YDDkjyE1f5Gzz3			i-BHVsLDz5YDDkjyE1f5Gzz3	i-BHVsLDz5YDDkjyE1f5Gzz3	True	1	0	0		0			https://github.com/swerik-project/riksdagen-motions/blob/main/data/199899/mot-199899-TU-00515.xml
397	199899	data/199899/mot-199899-UU-00620.xml	True	1.0	1.0	1.0	1	0	0	1	1	0.0	1.0	0.0	i-T9dFBJ1pv742mQeG3uLBtA	i-T9dFBJ1pv742mQeG3uLBtA	i-T9dFBJ1pv742mQeG3uLBtA			i-T9dFBJ1pv742mQeG3uLBtA	i-T9dFBJ1pv742mQeG3uLBtA	True	1	0	0		0			https://github.com/swerik-project/riksdagen-motions/blob/main/data/199899/mot-199899-UU-00620.xml
398	199920	data/19992000/mot-19992000-AU-00270.xml	False	0.0	0.0	0.0	0	0	2	2	0	1.0	0.0	0.0	i-Dt448JefoURo4sEMRH39aM; i-TEFXMjR6WsvCeeLdc2wQ82				i-Dt448JefoURo4sEMRH39aM; i-TEFXMjR6WsvCeeLdc2wQ82		i-Dt448JefoURo4sEMRH39aM; i-TEFXMjR6WsvCeeLdc2wQ82	False	2	2	0		0			https://github.com/swerik-project/riksdagen-motions/blob/main/data/19992000/mot-19992000-AU-00270.xml
399	199920	data/19992000/mot-19992000-SkU-00757.xml	True	1.0	1.0	1.0	1	0	0	1	1	0.0	1.0	0.0	i-KFLLBh5CxVpZkUZaHy3pAz	i-KFLLBh5CxVpZkUZaHy3pAz	i-KFLLBh5CxVpZkUZaHy3pAz			i-KFLLBh5CxVpZkUZaHy3pAz	i-KFLLBh5CxVpZkUZaHy3pAz	True	1	0	0		0			https://github.com/swerik-project/riksdagen-motions/blob/main/data/19992000/mot-19992000-SkU-00757.xml
400	199920	data/19992000/mot-19992000-TU-00522.xml	True	1.0	1.0	1.0	2	0	0	2	2	0.0	1.0	0.0	i-8rgPqLrraP4U2Uu8wEKuJF; i-QobwepBp1UESUizVa8aqhL	i-8rgPqLrraP4U2Uu8wEKuJF; i-QobwepBp1UESUizVa8aqhL	i-8rgPqLrraP4U2Uu8wEKuJF; i-QobwepBp1UESUizVa8aqhL			i-8rgPqLrraP4U2Uu8wEKuJF; i-QobwepBp1UESUizVa8aqhL	i-8rgPqLrraP4U2Uu8wEKuJF; i-QobwepBp1UESUizVa8aqhL	True	2	0	0		0			https://github.com/swerik-project/riksdagen-motions/blob/main/data/19992000/mot-19992000-TU-00522.xml
401	200001	data/200001/mot-200001-SfU-00236.xml	True	1.0	1.0	1.0	7	0	0	7	7	0.0	1.0	0.0	i-2ggBvfkHRn3s8FvFEPLxjs; i-85m2VX7KSiTFeJSnapgkxu; i-97ancH8vcZWM84VcKVCDX7; i-EANGVQ7bBDvQLJRQXHptPX; i-GSfuaZB2iKY7EQ9cNr63sp; i-S5PCk5aLzcaX5qooYtMdGY; i-VHSPVhF5LjvV5m4yU1W3FJ	i-2ggBvfkHRn3s8FvFEPLxjs; i-85m2VX7KSiTFeJSnapgkxu; i-97ancH8vcZWM84VcKVCDX7; i-EANGVQ7bBDvQLJRQXHptPX; i-GSfuaZB2iKY7EQ9cNr63sp; i-S5PCk5aLzcaX5qooYtMdGY; i-VHSPVhF5LjvV5m4yU1W3FJ	i-2ggBvfkHRn3s8FvFEPLxjs; i-85m2VX7KSiTFeJSnapgkxu; i-97ancH8vcZWM84VcKVCDX7; i-EANGVQ7bBDvQLJRQXHptPX; i-GSfuaZB2iKY7EQ9cNr63sp; i-S5PCk5aLzcaX5qooYtMdGY; i-VHSPVhF5LjvV5m4yU1W3FJ			i-2ggBvfkHRn3s8FvFEPLxjs; i-85m2VX7KSiTFeJSnapgkxu; i-97ancH8vcZWM84VcKVCDX7; i-EANGVQ7bBDvQLJRQXHptPX; i-GSfuaZB2iKY7EQ9cNr63sp; i-S5PCk5aLzcaX5qooYtMdGY; i-VHSPVhF5LjvV5m4yU1W3FJ	i-2ggBvfkHRn3s8FvFEPLxjs; i-85m2VX7KSiTFeJSnapgkxu; i-97ancH8vcZWM84VcKVCDX7; i-EANGVQ7bBDvQLJRQXHptPX; i-GSfuaZB2iKY7EQ9cNr63sp; i-S5PCk5aLzcaX5qooYtMdGY; i-VHSPVhF5LjvV5m4yU1W3FJ	True	7	0	0		0			https://github.com/swerik-project/riksdagen-motions/blob/main/data/200001/mot-200001-SfU-00236.xml
402	200001	data/200001/mot-200001-SkU-00690.xml	True	1.0	1.0	1.0	2	0	0	2	2	0.0	1.0	0.0	i-Ev13DrJjHbo85jEmQ5EPLM; i-NXNY6RqNuERrrfDVTJBFkt	i-Ev13DrJjHbo85jEmQ5EPLM; i-NXNY6RqNuERrrfDVTJBFkt	i-Ev13DrJjHbo85jEmQ5EPLM; i-NXNY6RqNuERrrfDVTJBFkt			i-Ev13DrJjHbo85jEmQ5EPLM; i-NXNY6RqNuERrrfDVTJBFkt	i-Ev13DrJjHbo85jEmQ5EPLM; i-NXNY6RqNuERrrfDVTJBFkt	True	2	0	0		0			https://github.com/swerik-project/riksdagen-motions/blob/main/data/200001/mot-200001-SkU-00690.xml
403	200001	data/200001/mot-200001-TU-00704.xml	True	1.0	1.0	1.0	9	0	0	9	9	0.0	1.0	0.0	i-2aZQBvMx8o6ihusfvExbt8; i-6MWLY5JdykMGLLUo96skfp; i-6nbWfYQYwqJtM2XLoDTFkR; i-GE8V8xQLUeUXqQYs9agnuG; i-LB9Tn6B1RXiAHZEWEK1hYC; i-LgwL3h3Wb698c2z8QDDaab; i-LiU5ea9nzx8jxEHi7pUpjU; i-MMar3ymewi3De3DPoKYJD8; i-XhKn9p4oQVJvYzm2h78jih	i-2aZQBvMx8o6ihusfvExbt8; i-6MWLY5JdykMGLLUo96skfp; i-6nbWfYQYwqJtM2XLoDTFkR; i-GE8V8xQLUeUXqQYs9agnuG; i-LB9Tn6B1RXiAHZEWEK1hYC; i-LgwL3h3Wb698c2z8QDDaab; i-LiU5ea9nzx8jxEHi7pUpjU; i-MMar3ymewi3De3DPoKYJD8; i-XhKn9p4oQVJvYzm2h78jih	i-2aZQBvMx8o6ihusfvExbt8; i-6MWLY5JdykMGLLUo96skfp; i-6nbWfYQYwqJtM2XLoDTFkR; i-GE8V8xQLUeUXqQYs9agnuG; i-LB9Tn6B1RXiAHZEWEK1hYC; i-LgwL3h3Wb698c2z8QDDaab; i-LiU5ea9nzx8jxEHi7pUpjU; i-MMar3ymewi3De3DPoKYJD8; i-XhKn9p4oQVJvYzm2h78jih			i-2aZQBvMx8o6ihusfvExbt8; i-6MWLY5JdykMGLLUo96skfp; i-6nbWfYQYwqJtM2XLoDTFkR; i-GE8V8xQLUeUXqQYs9agnuG; i-LB9Tn6B1RXiAHZEWEK1hYC; i-LgwL3h3Wb698c2z8QDDaab; i-LiU5ea9nzx8jxEHi7pUpjU; i-MMar3ymewi3De3DPoKYJD8; i-XhKn9p4oQVJvYzm2h78jih	i-2aZQBvMx8o6ihusfvExbt8; i-6MWLY5JdykMGLLUo96skfp; i-6nbWfYQYwqJtM2XLoDTFkR; i-GE8V8xQLUeUXqQYs9agnuG; i-LB9Tn6B1RXiAHZEWEK1hYC; i-LgwL3h3Wb698c2z8QDDaab; i-LiU5ea9nzx8jxEHi7pUpjU; i-MMar3ymewi3De3DPoKYJD8; i-XhKn9p4oQVJvYzm2h78jih	True	9	0	0		0			https://github.com/swerik-project/riksdagen-motions/blob/main/data/200001/mot-200001-TU-00704.xml
404	200102	data/200102/mot-200102-MJU-00448.xml	True	1.0	1.0	1.0	4	0	0	4	4	0.0	1.0	0.0	i-2aZQBvMx8o6ihusfvExbt8; i-7XJQkFtojnsGkBWJ4ArrFx; i-Qa1ZufD1xJDN43bJxjLRPB; i-XhKn9p4oQVJvYzm2h78jih	i-2aZQBvMx8o6ihusfvExbt8; i-7XJQkFtojnsGkBWJ4ArrFx; i-Qa1ZufD1xJDN43bJxjLRPB; i-XhKn9p4oQVJvYzm2h78jih	i-2aZQBvMx8o6ihusfvExbt8; i-7XJQkFtojnsGkBWJ4ArrFx; i-Qa1ZufD1xJDN43bJxjLRPB; i-XhKn9p4oQVJvYzm2h78jih			i-2aZQBvMx8o6ihusfvExbt8; i-7XJQkFtojnsGkBWJ4ArrFx; i-Qa1ZufD1xJDN43bJxjLRPB; i-XhKn9p4oQVJvYzm2h78jih	i-2aZQBvMx8o6ihusfvExbt8; i-7XJQkFtojnsGkBWJ4ArrFx; i-Qa1ZufD1xJDN43bJxjLRPB; i-XhKn9p4oQVJvYzm2h78jih	True	4	0	0		0			https://github.com/swerik-project/riksdagen-motions/blob/main/data/200102/mot-200102-MJU-00448.xml
405	200102	data/200102/mot-200102-SkU-00459.xml	True	1.0	1.0	1.0	12	0	0	12	12	0.0	1.0	0.0	i-6nbWfYQYwqJtM2XLoDTFkR; i-BAB7JTqwHUAHz87bdy5smY; i-BvxBJicYo5FW1E9fuXk8LW; i-Cj9FYr3Q5sLFjM9zvEVNNE; i-KoshphacAWMdvHAZ62MAi2; i-LiU5ea9nzx8jxEHi7pUpjU; i-LmkkKmc2XQLDmqAXoGoovP; i-LzYBGnvuhNHdQ7LQKPA6UJ; i-QCRg2KTsg7cQV6CGsVeAfY; i-SbqwWiFTQv4uwRAq9u9evX; i-SxwXtVqzR6fyXB2uQfozAQ; i-pSqD9LHdbNUrj3thRcKhS	i-6nbWfYQYwqJtM2XLoDTFkR; i-BAB7JTqwHUAHz87bdy5smY; i-BvxBJicYo5FW1E9fuXk8LW; i-Cj9FYr3Q5sLFjM9zvEVNNE; i-KoshphacAWMdvHAZ62MAi2; i-LiU5ea9nzx8jxEHi7pUpjU; i-LmkkKmc2XQLDmqAXoGoovP; i-LzYBGnvuhNHdQ7LQKPA6UJ; i-QCRg2KTsg7cQV6CGsVeAfY; i-SbqwWiFTQv4uwRAq9u9evX; i-SxwXtVqzR6fyXB2uQfozAQ; i-pSqD9LHdbNUrj3thRcKhS	i-6nbWfYQYwqJtM2XLoDTFkR; i-BAB7JTqwHUAHz87bdy5smY; i-BvxBJicYo5FW1E9fuXk8LW; i-Cj9FYr3Q5sLFjM9zvEVNNE; i-KoshphacAWMdvHAZ62MAi2; i-LiU5ea9nzx8jxEHi7pUpjU; i-LmkkKmc2XQLDmqAXoGoovP; i-LzYBGnvuhNHdQ7LQKPA6UJ; i-QCRg2KTsg7cQV6CGsVeAfY; i-SbqwWiFTQv4uwRAq9u9evX; i-SxwXtVqzR6fyXB2uQfozAQ; i-pSqD9LHdbNUrj3thRcKhS			i-6nbWfYQYwqJtM2XLoDTFkR; i-BAB7JTqwHUAHz87bdy5smY; i-BvxBJicYo5FW1E9fuXk8LW; i-Cj9FYr3Q5sLFjM9zvEVNNE; i-KoshphacAWMdvHAZ62MAi2; i-LiU5ea9nzx8jxEHi7pUpjU; i-LmkkKmc2XQLDmqAXoGoovP; i-LzYBGnvuhNHdQ7LQKPA6UJ; i-QCRg2KTsg7cQV6CGsVeAfY; i-SbqwWiFTQv4uwRAq9u9evX; i-SxwXtVqzR6fyXB2uQfozAQ; i-pSqD9LHdbNUrj3thRcKhS	i-6nbWfYQYwqJtM2XLoDTFkR; i-BAB7JTqwHUAHz87bdy5smY; i-BvxBJicYo5FW1E9fuXk8LW; i-Cj9FYr3Q5sLFjM9zvEVNNE; i-KoshphacAWMdvHAZ62MAi2; i-LiU5ea9nzx8jxEHi7pUpjU; i-LmkkKmc2XQLDmqAXoGoovP; i-LzYBGnvuhNHdQ7LQKPA6UJ; i-QCRg2KTsg7cQV6CGsVeAfY; i-SbqwWiFTQv4uwRAq9u9evX; i-SxwXtVqzR6fyXB2uQfozAQ; i-pSqD9LHdbNUrj3thRcKhS	True	12	0	0		0			https://github.com/swerik-project/riksdagen-motions/blob/main/data/200102/mot-200102-SkU-00459.xml
406	200102	data/200102/mot-200102-UbU-00324.xml	True	1.0	1.0	1.0	1	0	0	1	1	0.0	1.0	0.0	i-Q6uWG1k3pbJio9CebNs3Cz	i-Q6uWG1k3pbJio9CebNs3Cz	i-Q6uWG1k3pbJio9CebNs3Cz			i-Q6uWG1k3pbJio9CebNs3Cz	i-Q6uWG1k3pbJio9CebNs3Cz	True	1	0	0		0			https://github.com/swerik-project/riksdagen-motions/blob/main/data/200102/mot-200102-UbU-00324.xml
407	200203	data/200203/mot-200203-MJU-00445.xml	False	1.0	0.75	0.8571428571428571	3	0	1	4	3	0.25	0.75	0.0	i-2mNEN1Zszf1P35pk3WZQhH; i-FWGPPxcLZRFDrb58TQhLuJ; i-PMx51X9QbaLUMtQNq6sVfz; i-YReAj4T8PWK3QbxXgEneMx	i-2mNEN1Zszf1P35pk3WZQhH; i-FWGPPxcLZRFDrb58TQhLuJ; i-PMx51X9QbaLUMtQNq6sVfz	i-2mNEN1Zszf1P35pk3WZQhH; i-FWGPPxcLZRFDrb58TQhLuJ; i-PMx51X9QbaLUMtQNq6sVfz		i-YReAj4T8PWK3QbxXgEneMx	i-2mNEN1Zszf1P35pk3WZQhH; i-FWGPPxcLZRFDrb58TQhLuJ; i-PMx51X9QbaLUMtQNq6sVfz	i-2mNEN1Zszf1P35pk3WZQhH; i-FWGPPxcLZRFDrb58TQhLuJ; i-PMx51X9QbaLUMtQNq6sVfz; i-YReAj4T8PWK3QbxXgEneMx	False	4	1	0		0			https://github.com/swerik-project/riksdagen-motions/blob/main/data/200203/mot-200203-MJU-00445.xml
408	200203	data/200203/mot-200203-MJU-00474.xml	True	1.0	1.0	1.0	1	0	0	1	1	0.0	1.0	0.0	i-DSgCixAdAvhSA1u2TeDZQH	i-DSgCixAdAvhSA1u2TeDZQH	i-DSgCixAdAvhSA1u2TeDZQH			i-DSgCixAdAvhSA1u2TeDZQH	i-DSgCixAdAvhSA1u2TeDZQH	True	1	0	0		0			https://github.com/swerik-project/riksdagen-motions/blob/main/data/200203/mot-200203-MJU-00474.xml
409	200203	data/200203/mot-200203-UU-00236.xml	True	1.0	1.0	1.0	4	0	0	4	4	0.0	1.0	0.0	i-3YBav2r8YXZiNoQkfb1bUy; i-LBN95MD8hn6zkXhRBcbJbB; i-PsSysCdjrkuVBAo163T4KM; i-Ybw8JnrmHGCsqpipBke8a7	i-3YBav2r8YXZiNoQkfb1bUy; i-LBN95MD8hn6zkXhRBcbJbB; i-PsSysCdjrkuVBAo163T4KM; i-Ybw8JnrmHGCsqpipBke8a7	i-3YBav2r8YXZiNoQkfb1bUy; i-LBN95MD8hn6zkXhRBcbJbB; i-PsSysCdjrkuVBAo163T4KM; i-Ybw8JnrmHGCsqpipBke8a7			i-3YBav2r8YXZiNoQkfb1bUy; i-LBN95MD8hn6zkXhRBcbJbB; i-PsSysCdjrkuVBAo163T4KM; i-Ybw8JnrmHGCsqpipBke8a7	i-3YBav2r8YXZiNoQkfb1bUy; i-LBN95MD8hn6zkXhRBcbJbB; i-PsSysCdjrkuVBAo163T4KM; i-Ybw8JnrmHGCsqpipBke8a7	True	4	0	0		0			https://github.com/swerik-project/riksdagen-motions/blob/main/data/200203/mot-200203-UU-00236.xml
410	200304	data/200304/mot-200304-JuU-00207.xml	True	1.0	1.0	1.0	1	0	0	1	1	0.0	1.0	0.0	i-9Kt7koTgzUZUA9ovNXYdWj	i-9Kt7koTgzUZUA9ovNXYdWj	i-9Kt7koTgzUZUA9ovNXYdWj			i-9Kt7koTgzUZUA9ovNXYdWj	i-9Kt7koTgzUZUA9ovNXYdWj	True	1	0	0		0			https://github.com/swerik-project/riksdagen-motions/blob/main/data/200304/mot-200304-JuU-00207.xml
411	200304	data/200304/mot-200304-SoU-00221.xml	True	1.0	1.0	1.0	6	0	0	6	6	0.0	1.0	0.0	i-6nbWfYQYwqJtM2XLoDTFkR; i-991obiMTz36s9V7z3YpuZk; i-GE8V8xQLUeUXqQYs9agnuG; i-LB9Tn6B1RXiAHZEWEK1hYC; i-WTCYyz27itjvuvffL1vZLi; i-mN8mVTBvBYjtHLNThWLo4	i-6nbWfYQYwqJtM2XLoDTFkR; i-991obiMTz36s9V7z3YpuZk; i-GE8V8xQLUeUXqQYs9agnuG; i-LB9Tn6B1RXiAHZEWEK1hYC; i-WTCYyz27itjvuvffL1vZLi; i-mN8mVTBvBYjtHLNThWLo4	i-6nbWfYQYwqJtM2XLoDTFkR; i-991obiMTz36s9V7z3YpuZk; i-GE8V8xQLUeUXqQYs9agnuG; i-LB9Tn6B1RXiAHZEWEK1hYC; i-WTCYyz27itjvuvffL1vZLi; i-mN8mVTBvBYjtHLNThWLo4			i-6nbWfYQYwqJtM2XLoDTFkR; i-991obiMTz36s9V7z3YpuZk; i-GE8V8xQLUeUXqQYs9agnuG; i-LB9Tn6B1RXiAHZEWEK1hYC; i-WTCYyz27itjvuvffL1vZLi; i-mN8mVTBvBYjtHLNThWLo4	i-6nbWfYQYwqJtM2XLoDTFkR; i-991obiMTz36s9V7z3YpuZk; i-GE8V8xQLUeUXqQYs9agnuG; i-LB9Tn6B1RXiAHZEWEK1hYC; i-WTCYyz27itjvuvffL1vZLi; i-mN8mVTBvBYjtHLNThWLo4	True	6	0	0		0			https://github.com/swerik-project/riksdagen-motions/blob/main/data/200304/mot-200304-SoU-00221.xml
412	200304	data/200304/mot-200304-SoU-00561.xml	True	1.0	1.0	1.0	5	0	0	5	5	0.0	1.0	0.0	i-6gEtTPavyMJxxUX6JZn9LW; i-DDTGf6wkyXKiMd3kYJ4KQv; i-FL3Tee8NjTSCkq4XGmHcyw; i-Uxe3rhosBnSZpqJX5d7gpy; i-XvdGNU5wNmbTiaurFoUuPb	i-6gEtTPavyMJxxUX6JZn9LW; i-DDTGf6wkyXKiMd3kYJ4KQv; i-FL3Tee8NjTSCkq4XGmHcyw; i-Uxe3rhosBnSZpqJX5d7gpy; i-XvdGNU5wNmbTiaurFoUuPb	i-6gEtTPavyMJxxUX6JZn9LW; i-DDTGf6wkyXKiMd3kYJ4KQv; i-FL3Tee8NjTSCkq4XGmHcyw; i-Uxe3rhosBnSZpqJX5d7gpy; i-XvdGNU5wNmbTiaurFoUuPb			i-6gEtTPavyMJxxUX6JZn9LW; i-DDTGf6wkyXKiMd3kYJ4KQv; i-FL3Tee8NjTSCkq4XGmHcyw; i-Uxe3rhosBnSZpqJX5d7gpy; i-XvdGNU5wNmbTiaurFoUuPb	i-6gEtTPavyMJxxUX6JZn9LW; i-DDTGf6wkyXKiMd3kYJ4KQv; i-FL3Tee8NjTSCkq4XGmHcyw; i-Uxe3rhosBnSZpqJX5d7gpy; i-XvdGNU5wNmbTiaurFoUuPb	True	5	0	0		0			https://github.com/swerik-project/riksdagen-motions/blob/main/data/200304/mot-200304-SoU-00561.xml
413	200405	data/200405/mot-200405-KU-00220.xml	True	1.0	1.0	1.0	1	0	0	1	1	0.0	1.0	0.0	i-BUsYTbnmyQrtHXSA2gEp9T	i-BUsYTbnmyQrtHXSA2gEp9T	i-BUsYTbnmyQrtHXSA2gEp9T			i-BUsYTbnmyQrtHXSA2gEp9T	i-BUsYTbnmyQrtHXSA2gEp9T	True	1	0	0		0			https://github.com/swerik-project/riksdagen-motions/blob/main/data/200405/mot-200405-KU-00220.xml
414	200405	data/200405/mot-200405-NU-00346.xml	True	1.0	1.0	1.0	4	0	0	4	4	0.0	1.0	0.0	i-4tAUyrL5FDqt2q3oYkcH9W; i-A1WkfiAbmndDMThhAvrWEm; i-BoRLrCqi4prCw3N11EyJPF; i-P9fVT6wJo29FgZWPQLxr6o	i-4tAUyrL5FDqt2q3oYkcH9W; i-A1WkfiAbmndDMThhAvrWEm; i-BoRLrCqi4prCw3N11EyJPF; i-P9fVT6wJo29FgZWPQLxr6o	i-4tAUyrL5FDqt2q3oYkcH9W; i-A1WkfiAbmndDMThhAvrWEm; i-BoRLrCqi4prCw3N11EyJPF; i-P9fVT6wJo29FgZWPQLxr6o			i-4tAUyrL5FDqt2q3oYkcH9W; i-A1WkfiAbmndDMThhAvrWEm; i-BoRLrCqi4prCw3N11EyJPF; i-P9fVT6wJo29FgZWPQLxr6o	i-4tAUyrL5FDqt2q3oYkcH9W; i-A1WkfiAbmndDMThhAvrWEm; i-BoRLrCqi4prCw3N11EyJPF; i-P9fVT6wJo29FgZWPQLxr6o	True	4	0	0		0			https://github.com/swerik-project/riksdagen-motions/blob/main/data/200405/mot-200405-NU-00346.xml
415	200405	data/200405/mot-200405-NU-00426.xml	True	1.0	1.0	1.0	4	0	0	4	4	0.0	1.0	0.0	i-2Bind9dyirGQ1UMwS9XjsT; i-2Gu4ZGJPSHe5VzhGSDaUPk; i-5gSCoqgN8cUnJLfPPLD7nv; i-C3fSSzQDuoh3kKasHW4AKa	i-2Bind9dyirGQ1UMwS9XjsT; i-2Gu4ZGJPSHe5VzhGSDaUPk; i-5gSCoqgN8cUnJLfPPLD7nv; i-C3fSSzQDuoh3kKasHW4AKa	i-2Bind9dyirGQ1UMwS9XjsT; i-2Gu4ZGJPSHe5VzhGSDaUPk; i-5gSCoqgN8cUnJLfPPLD7nv; i-C3fSSzQDuoh3kKasHW4AKa			i-2Bind9dyirGQ1UMwS9XjsT; i-2Gu4ZGJPSHe5VzhGSDaUPk; i-5gSCoqgN8cUnJLfPPLD7nv; i-C3fSSzQDuoh3kKasHW4AKa	i-2Bind9dyirGQ1UMwS9XjsT; i-2Gu4ZGJPSHe5VzhGSDaUPk; i-5gSCoqgN8cUnJLfPPLD7nv; i-C3fSSzQDuoh3kKasHW4AKa	True	4	0	0		0			https://github.com/swerik-project/riksdagen-motions/blob/main/data/200405/mot-200405-NU-00426.xml
416	200506	data/200506/mot-200506-MJU-00535.xml	True	1.0	1.0	1.0	2	0	0	2	2	0.0	1.0	0.0	i-9x2nw6aosA3pyEJfJTc1eD; i-GLV4P4jtfPZVZ95YSNxfBh	i-9x2nw6aosA3pyEJfJTc1eD; i-GLV4P4jtfPZVZ95YSNxfBh	i-9x2nw6aosA3pyEJfJTc1eD; i-GLV4P4jtfPZVZ95YSNxfBh			i-9x2nw6aosA3pyEJfJTc1eD; i-GLV4P4jtfPZVZ95YSNxfBh	i-9x2nw6aosA3pyEJfJTc1eD; i-GLV4P4jtfPZVZ95YSNxfBh	True	2	0	0		0			https://github.com/swerik-project/riksdagen-motions/blob/main/data/200506/mot-200506-MJU-00535.xml
417	200506	data/200506/mot-200506-UU-00269.xml	True	1.0	1.0	1.0	4	0	0	4	4	0.0	1.0	0.0	i-J2F63fdxUFAAeBTYXLX7MZ; i-NLfT4RS4huMCGpWx1zB8Ag; i-TECanR77Prb79DHwPvLitN; i-VHSPVhF5LjvV5m4yU1W3FJ	i-J2F63fdxUFAAeBTYXLX7MZ; i-NLfT4RS4huMCGpWx1zB8Ag; i-TECanR77Prb79DHwPvLitN; i-VHSPVhF5LjvV5m4yU1W3FJ	i-J2F63fdxUFAAeBTYXLX7MZ; i-NLfT4RS4huMCGpWx1zB8Ag; i-TECanR77Prb79DHwPvLitN; i-VHSPVhF5LjvV5m4yU1W3FJ			i-J2F63fdxUFAAeBTYXLX7MZ; i-NLfT4RS4huMCGpWx1zB8Ag; i-TECanR77Prb79DHwPvLitN; i-VHSPVhF5LjvV5m4yU1W3FJ	i-J2F63fdxUFAAeBTYXLX7MZ; i-NLfT4RS4huMCGpWx1zB8Ag; i-TECanR77Prb79DHwPvLitN; i-VHSPVhF5LjvV5m4yU1W3FJ	True	4	0	0		0			https://github.com/swerik-project/riksdagen-motions/blob/main/data/200506/mot-200506-UU-00269.xml
418	200506	data/200506/mot-200506-UbU-00329.xml	True	1.0	1.0	1.0	1	0	0	1	1	0.0	1.0	0.0	i-8Nio1rUw3hSjL6pvCGw22Y	i-8Nio1rUw3hSjL6pvCGw22Y	i-8Nio1rUw3hSjL6pvCGw22Y			i-8Nio1rUw3hSjL6pvCGw22Y	i-8Nio1rUw3hSjL6pvCGw22Y	True	1	0	0		0			https://github.com/swerik-project/riksdagen-motions/blob/main/data/200506/mot-200506-UbU-00329.xml
419	200607	data/200607/mot-200607-KU-00274.xml	True	1.0	1.0	1.0	2	0	0	2	2	0.0	1.0	0.0	i-Q1WPoNtt1578KMfEZ5TLkK; i-W6BJ44rcZjp5pD28NhHrCf	i-Q1WPoNtt1578KMfEZ5TLkK; i-W6BJ44rcZjp5pD28NhHrCf	i-Q1WPoNtt1578KMfEZ5TLkK; i-W6BJ44rcZjp5pD28NhHrCf			i-Q1WPoNtt1578KMfEZ5TLkK; i-W6BJ44rcZjp5pD28NhHrCf	i-Q1WPoNtt1578KMfEZ5TLkK; i-W6BJ44rcZjp5pD28NhHrCf	True	2	0	0		0			https://github.com/swerik-project/riksdagen-motions/blob/main/data/200607/mot-200607-KU-00274.xml
420	200607	data/200607/mot-200607-SfU-00213.xml	True	1.0	1.0	1.0	1	0	0	1	1	0.0	1.0	0.0	i-122QwSSpyGJQiTJjmrUJCM	i-122QwSSpyGJQiTJjmrUJCM	i-122QwSSpyGJQiTJjmrUJCM			i-122QwSSpyGJQiTJjmrUJCM	i-122QwSSpyGJQiTJjmrUJCM	True	1	0	0		0			https://github.com/swerik-project/riksdagen-motions/blob/main/data/200607/mot-200607-SfU-00213.xml
421	200607	data/200607/mot-200607-UU-00009.xml	True	1.0	1.0	1.0	5	0	0	5	5	0.0	1.0	0.0	i-2EZPhWWR7yHztg3zN2aNvh; i-34FRvyXQKUigF3Qr9AwKJe; i-9x2nw6aosA3pyEJfJTc1eD; i-Q6UywURdDfH4kXfTm7hwEb; i-YLCb84oKoGK1m8cPa9cw3z	i-2EZPhWWR7yHztg3zN2aNvh; i-34FRvyXQKUigF3Qr9AwKJe; i-9x2nw6aosA3pyEJfJTc1eD; i-Q6UywURdDfH4kXfTm7hwEb; i-YLCb84oKoGK1m8cPa9cw3z	i-2EZPhWWR7yHztg3zN2aNvh; i-34FRvyXQKUigF3Qr9AwKJe; i-9x2nw6aosA3pyEJfJTc1eD; i-Q6UywURdDfH4kXfTm7hwEb; i-YLCb84oKoGK1m8cPa9cw3z			i-2EZPhWWR7yHztg3zN2aNvh; i-34FRvyXQKUigF3Qr9AwKJe; i-9x2nw6aosA3pyEJfJTc1eD; i-Q6UywURdDfH4kXfTm7hwEb; i-YLCb84oKoGK1m8cPa9cw3z	i-2EZPhWWR7yHztg3zN2aNvh; i-34FRvyXQKUigF3Qr9AwKJe; i-9x2nw6aosA3pyEJfJTc1eD; i-Q6UywURdDfH4kXfTm7hwEb; i-YLCb84oKoGK1m8cPa9cw3z	True	5	0	0		0			https://github.com/swerik-project/riksdagen-motions/blob/main/data/200607/mot-200607-UU-00009.xml
422	200708	data/200708/mot-200708-SfU-00326.xml	True	1.0	1.0	1.0	1	0	0	1	1	0.0	1.0	0.0	i-A1WkfiAbmndDMThhAvrWEm	i-A1WkfiAbmndDMThhAvrWEm	i-A1WkfiAbmndDMThhAvrWEm			i-A1WkfiAbmndDMThhAvrWEm	i-A1WkfiAbmndDMThhAvrWEm	True	1	0	0		0			https://github.com/swerik-project/riksdagen-motions/blob/main/data/200708/mot-200708-SfU-00326.xml
423	200708	data/200708/mot-200708-TU-00392.xml	True	1.0	1.0	1.0	2	0	0	2	2	0.0	1.0	0.0	i-B34sv9ytsiioT1XaQtyXUo; i-JfXS8EFEqMfBiyryszrVvW	i-B34sv9ytsiioT1XaQtyXUo; i-JfXS8EFEqMfBiyryszrVvW	i-B34sv9ytsiioT1XaQtyXUo; i-JfXS8EFEqMfBiyryszrVvW			i-B34sv9ytsiioT1XaQtyXUo; i-JfXS8EFEqMfBiyryszrVvW	i-B34sv9ytsiioT1XaQtyXUo; i-JfXS8EFEqMfBiyryszrVvW	True	2	0	0		0			https://github.com/swerik-project/riksdagen-motions/blob/main/data/200708/mot-200708-TU-00392.xml
424	200708	data/200708/mot-200708-UU-00332.xml	True	1.0	1.0	1.0	24	0	0	24	24	0.0	1.0	0.0	i-24CbHNwsRznss4Yas6HseU; i-2aZQBvMx8o6ihusfvExbt8; i-AHfQ621Fp1orxTGB2WDjUY; i-BZ7PcK8D1efvHXsafGEMKE; i-CYXB5gc8UwhvnW3jqhdnoq; i-Evjo9hsKrPvb3KMyegAipb; i-HRPpQ8qPTSDiXRLMZkqL1u; i-HUjSZiwF294s3waLDaSH8f; i-HpwkrkkrFd1MRPixHrr8q1; i-K3yJ7rruozYUK99nj91ffc; i-L3xspgThUxUN1YtSDqcmk8; i-Lkf5FvD1gchUCpgYWfTFLh; i-M5o8cYSRJsbmZdvevomfQX; i-N9Pi9YpD4nvtCEsVp2CGcX; i-QhURWkawnPDBf443faKewj; i-TECanR77Prb79DHwPvLitN; i-TSGehE1rwudkXFF6bgJHmH; i-W4ZdT3cRpUqSBcZCGKXaji; i-WG11xmCpAW9nyyXv1sJFAK; i-WbrCkKzXDH4v9N1NB5PEQS; i-WpwTRcdcGLWddgdaUtKiwJ; i-XHzgSBhvzhMtyTsYMbxgy4; i-YU8i88S8eJQ5ZYdJzkoGef; i-Ybw8JnrmHGCsqpipBke8a7	i-24CbHNwsRznss4Yas6HseU; i-2aZQBvMx8o6ihusfvExbt8; i-AHfQ621Fp1orxTGB2WDjUY; i-BZ7PcK8D1efvHXsafGEMKE; i-CYXB5gc8UwhvnW3jqhdnoq; i-Evjo9hsKrPvb3KMyegAipb; i-HRPpQ8qPTSDiXRLMZkqL1u; i-HUjSZiwF294s3waLDaSH8f; i-HpwkrkkrFd1MRPixHrr8q1; i-K3yJ7rruozYUK99nj91ffc; i-L3xspgThUxUN1YtSDqcmk8; i-Lkf5FvD1gchUCpgYWfTFLh; i-M5o8cYSRJsbmZdvevomfQX; i-N9Pi9YpD4nvtCEsVp2CGcX; i-QhURWkawnPDBf443faKewj; i-TECanR77Prb79DHwPvLitN; i-TSGehE1rwudkXFF6bgJHmH; i-W4ZdT3cRpUqSBcZCGKXaji; i-WG11xmCpAW9nyyXv1sJFAK; i-WbrCkKzXDH4v9N1NB5PEQS; i-WpwTRcdcGLWddgdaUtKiwJ; i-XHzgSBhvzhMtyTsYMbxgy4; i-YU8i88S8eJQ5ZYdJzkoGef; i-Ybw8JnrmHGCsqpipBke8a7	i-24CbHNwsRznss4Yas6HseU; i-2aZQBvMx8o6ihusfvExbt8; i-AHfQ621Fp1orxTGB2WDjUY; i-BZ7PcK8D1efvHXsafGEMKE; i-CYXB5gc8UwhvnW3jqhdnoq; i-Evjo9hsKrPvb3KMyegAipb; i-HRPpQ8qPTSDiXRLMZkqL1u; i-HUjSZiwF294s3waLDaSH8f; i-HpwkrkkrFd1MRPixHrr8q1; i-K3yJ7rruozYUK99nj91ffc; i-L3xspgThUxUN1YtSDqcmk8; i-Lkf5FvD1gchUCpgYWfTFLh; i-M5o8cYSRJsbmZdvevomfQX; i-N9Pi9YpD4nvtCEsVp2CGcX; i-QhURWkawnPDBf443faKewj; i-TECanR77Prb79DHwPvLitN; i-TSGehE1rwudkXFF6bgJHmH; i-W4ZdT3cRpUqSBcZCGKXaji; i-WG11xmCpAW9nyyXv1sJFAK; i-WbrCkKzXDH4v9N1NB5PEQS; i-WpwTRcdcGLWddgdaUtKiwJ; i-XHzgSBhvzhMtyTsYMbxgy4; i-YU8i88S8eJQ5ZYdJzkoGef; i-Ybw8JnrmHGCsqpipBke8a7			i-24CbHNwsRznss4Yas6HseU; i-2aZQBvMx8o6ihusfvExbt8; i-AHfQ621Fp1orxTGB2WDjUY; i-BZ7PcK8D1efvHXsafGEMKE; i-CYXB5gc8UwhvnW3jqhdnoq; i-Evjo9hsKrPvb3KMyegAipb; i-HRPpQ8qPTSDiXRLMZkqL1u; i-HUjSZiwF294s3waLDaSH8f; i-HpwkrkkrFd1MRPixHrr8q1; i-K3yJ7rruozYUK99nj91ffc; i-L3xspgThUxUN1YtSDqcmk8; i-Lkf5FvD1gchUCpgYWfTFLh; i-M5o8cYSRJsbmZdvevomfQX; i-N9Pi9YpD4nvtCEsVp2CGcX; i-QhURWkawnPDBf443faKewj; i-TECanR77Prb79DHwPvLitN; i-TSGehE1rwudkXFF6bgJHmH; i-W4ZdT3cRpUqSBcZCGKXaji; i-WG11xmCpAW9nyyXv1sJFAK; i-WbrCkKzXDH4v9N1NB5PEQS; i-WpwTRcdcGLWddgdaUtKiwJ; i-XHzgSBhvzhMtyTsYMbxgy4; i-YU8i88S8eJQ5ZYdJzkoGef; i-Ybw8JnrmHGCsqpipBke8a7	i-24CbHNwsRznss4Yas6HseU; i-2aZQBvMx8o6ihusfvExbt8; i-AHfQ621Fp1orxTGB2WDjUY; i-BZ7PcK8D1efvHXsafGEMKE; i-CYXB5gc8UwhvnW3jqhdnoq; i-Evjo9hsKrPvb3KMyegAipb; i-HRPpQ8qPTSDiXRLMZkqL1u; i-HUjSZiwF294s3waLDaSH8f; i-HpwkrkkrFd1MRPixHrr8q1; i-K3yJ7rruozYUK99nj91ffc; i-L3xspgThUxUN1YtSDqcmk8; i-Lkf5FvD1gchUCpgYWfTFLh; i-M5o8cYSRJsbmZdvevomfQX; i-N9Pi9YpD4nvtCEsVp2CGcX; i-QhURWkawnPDBf443faKewj; i-TECanR77Prb79DHwPvLitN; i-TSGehE1rwudkXFF6bgJHmH; i-W4ZdT3cRpUqSBcZCGKXaji; i-WG11xmCpAW9nyyXv1sJFAK; i-WbrCkKzXDH4v9N1NB5PEQS; i-WpwTRcdcGLWddgdaUtKiwJ; i-XHzgSBhvzhMtyTsYMbxgy4; i-YU8i88S8eJQ5ZYdJzkoGef; i-Ybw8JnrmHGCsqpipBke8a7	True	24	0	0		0			https://github.com/swerik-project/riksdagen-motions/blob/main/data/200708/mot-200708-UU-00332.xml
425	200809	data/200809/mot-200809-CU-00448.xml	True	1.0	1.0	1.0	19	0	0	19	19	0.0	1.0	0.0	i-2EZPhWWR7yHztg3zN2aNvh; i-2GE534P2Foy3WpqKPVNeW8; i-34FRvyXQKUigF3Qr9AwKJe; i-3GrPnM5KDKuSxfWxymYNoC; i-5QNmudGpnjjRJCTYzakn9H; i-7YbH6oTUwG4Qn94QEVE6as; i-9BUsH2Bn1bGihptNC5r7uq; i-9hz9iPqymCdhBS9gVoZrbj; i-9x2nw6aosA3pyEJfJTc1eD; i-AYmS6K7Srh7q1Zzbf1nZwW; i-FfCiJc8kVZcwio9wsCvVkH; i-FnYuSnrPcb2UZaoXY7vjXa; i-FvpsLGyVJwy2VnAqBbfthX; i-PPtpTU7erj7n8C4rdQihuK; i-Q6UywURdDfH4kXfTm7hwEb; i-SNtv8jZRB19Jr8oegj1mGK; i-UFTZBKNRWWLXUXAtcCcVfH; i-VRHymVx7EsX48sg7b5qmpS; i-WG11xmCpAW9nyyXv1sJFAK	i-2EZPhWWR7yHztg3zN2aNvh; i-2GE534P2Foy3WpqKPVNeW8; i-34FRvyXQKUigF3Qr9AwKJe; i-3GrPnM5KDKuSxfWxymYNoC; i-5QNmudGpnjjRJCTYzakn9H; i-7YbH6oTUwG4Qn94QEVE6as; i-9BUsH2Bn1bGihptNC5r7uq; i-9hz9iPqymCdhBS9gVoZrbj; i-9x2nw6aosA3pyEJfJTc1eD; i-AYmS6K7Srh7q1Zzbf1nZwW; i-FfCiJc8kVZcwio9wsCvVkH; i-FnYuSnrPcb2UZaoXY7vjXa; i-FvpsLGyVJwy2VnAqBbfthX; i-PPtpTU7erj7n8C4rdQihuK; i-Q6UywURdDfH4kXfTm7hwEb; i-SNtv8jZRB19Jr8oegj1mGK; i-UFTZBKNRWWLXUXAtcCcVfH; i-VRHymVx7EsX48sg7b5qmpS; i-WG11xmCpAW9nyyXv1sJFAK	i-2EZPhWWR7yHztg3zN2aNvh; i-2GE534P2Foy3WpqKPVNeW8; i-34FRvyXQKUigF3Qr9AwKJe; i-3GrPnM5KDKuSxfWxymYNoC; i-5QNmudGpnjjRJCTYzakn9H; i-7YbH6oTUwG4Qn94QEVE6as; i-9BUsH2Bn1bGihptNC5r7uq; i-9hz9iPqymCdhBS9gVoZrbj; i-9x2nw6aosA3pyEJfJTc1eD; i-AYmS6K7Srh7q1Zzbf1nZwW; i-FfCiJc8kVZcwio9wsCvVkH; i-FnYuSnrPcb2UZaoXY7vjXa; i-FvpsLGyVJwy2VnAqBbfthX; i-PPtpTU7erj7n8C4rdQihuK; i-Q6UywURdDfH4kXfTm7hwEb; i-SNtv8jZRB19Jr8oegj1mGK; i-UFTZBKNRWWLXUXAtcCcVfH; i-VRHymVx7EsX48sg7b5qmpS; i-WG11xmCpAW9nyyXv1sJFAK			i-2EZPhWWR7yHztg3zN2aNvh; i-2GE534P2Foy3WpqKPVNeW8; i-34FRvyXQKUigF3Qr9AwKJe; i-3GrPnM5KDKuSxfWxymYNoC; i-5QNmudGpnjjRJCTYzakn9H; i-7YbH6oTUwG4Qn94QEVE6as; i-9BUsH2Bn1bGihptNC5r7uq; i-9hz9iPqymCdhBS9gVoZrbj; i-9x2nw6aosA3pyEJfJTc1eD; i-AYmS6K7Srh7q1Zzbf1nZwW; i-FfCiJc8kVZcwio9wsCvVkH; i-FnYuSnrPcb2UZaoXY7vjXa; i-FvpsLGyVJwy2VnAqBbfthX; i-PPtpTU7erj7n8C4rdQihuK; i-Q6UywURdDfH4kXfTm7hwEb; i-SNtv8jZRB19Jr8oegj1mGK; i-UFTZBKNRWWLXUXAtcCcVfH; i-VRHymVx7EsX48sg7b5qmpS; i-WG11xmCpAW9nyyXv1sJFAK	i-2EZPhWWR7yHztg3zN2aNvh; i-2GE534P2Foy3WpqKPVNeW8; i-34FRvyXQKUigF3Qr9AwKJe; i-3GrPnM5KDKuSxfWxymYNoC; i-5QNmudGpnjjRJCTYzakn9H; i-7YbH6oTUwG4Qn94QEVE6as; i-9BUsH2Bn1bGihptNC5r7uq; i-9hz9iPqymCdhBS9gVoZrbj; i-9x2nw6aosA3pyEJfJTc1eD; i-AYmS6K7Srh7q1Zzbf1nZwW; i-FfCiJc8kVZcwio9wsCvVkH; i-FnYuSnrPcb2UZaoXY7vjXa; i-FvpsLGyVJwy2VnAqBbfthX; i-PPtpTU7erj7n8C4rdQihuK; i-Q6UywURdDfH4kXfTm7hwEb; i-SNtv8jZRB19Jr8oegj1mGK; i-UFTZBKNRWWLXUXAtcCcVfH; i-VRHymVx7EsX48sg7b5qmpS; i-WG11xmCpAW9nyyXv1sJFAK	True	19	0	0		0			https://github.com/swerik-project/riksdagen-motions/blob/main/data/200809/mot-200809-CU-00448.xml
426	200809	data/200809/mot-200809-KU-00267.xml	True	1.0	1.0	1.0	1	0	0	1	1	0.0	1.0	0.0	i-9xarzmckV5SS8EyJPN5b3x	i-9xarzmckV5SS8EyJPN5b3x	i-9xarzmckV5SS8EyJPN5b3x			i-9xarzmckV5SS8EyJPN5b3x	i-9xarzmckV5SS8EyJPN5b3x	True	1	0	0		0			https://github.com/swerik-project/riksdagen-motions/blob/main/data/200809/mot-200809-KU-00267.xml
427	200809	data/200809/mot-200809-SoU-00226.xml	True	1.0	1.0	1.0	1	0	0	1	1	0.0	1.0	0.0	i-L3xspgThUxUN1YtSDqcmk8	i-L3xspgThUxUN1YtSDqcmk8	i-L3xspgThUxUN1YtSDqcmk8			i-L3xspgThUxUN1YtSDqcmk8	i-L3xspgThUxUN1YtSDqcmk8	True	1	0	0		0			https://github.com/swerik-project/riksdagen-motions/blob/main/data/200809/mot-200809-SoU-00226.xml
428	200910	data/200910/mot-200910-KU-00391.xml	True	1.0	1.0	1.0	1	0	0	1	1	0.0	1.0	0.0	i-425Q6s5GbQ4PVf8MroZHeD	i-425Q6s5GbQ4PVf8MroZHeD	i-425Q6s5GbQ4PVf8MroZHeD			i-425Q6s5GbQ4PVf8MroZHeD	i-425Q6s5GbQ4PVf8MroZHeD	True	1	0	0		0			https://github.com/swerik-project/riksdagen-motions/blob/main/data/200910/mot-200910-KU-00391.xml
429	200910	data/200910/mot-200910-NU-00425.xml	True	1.0	1.0	1.0	2	0	0	2	2	0.0	1.0	0.0	i-SYmctpvT7BxsqFzwPADUfw; i-Xc2gauHt5Y4GsTNbgqrrAo	i-SYmctpvT7BxsqFzwPADUfw; i-Xc2gauHt5Y4GsTNbgqrrAo	i-SYmctpvT7BxsqFzwPADUfw; i-Xc2gauHt5Y4GsTNbgqrrAo			i-SYmctpvT7BxsqFzwPADUfw; i-Xc2gauHt5Y4GsTNbgqrrAo	i-SYmctpvT7BxsqFzwPADUfw; i-Xc2gauHt5Y4GsTNbgqrrAo	True	2	0	0		0			https://github.com/swerik-project/riksdagen-motions/blob/main/data/200910/mot-200910-NU-00425.xml
430	200910	data/200910/mot-200910-UU-00272.xml	True	1.0	1.0	1.0	7	0	0	7	7	0.0	1.0	0.0	i-2aZQBvMx8o6ihusfvExbt8; i-6MWLY5JdykMGLLUo96skfp; i-CNBy5dFgNNyEozHVpAj93c; i-HpwkrkkrFd1MRPixHrr8q1; i-JxxHuvwXWsJTZYTnBZLHj; i-K3yJ7rruozYUK99nj91ffc; i-WTCYyz27itjvuvffL1vZLi	i-2aZQBvMx8o6ihusfvExbt8; i-6MWLY5JdykMGLLUo96skfp; i-CNBy5dFgNNyEozHVpAj93c; i-HpwkrkkrFd1MRPixHrr8q1; i-JxxHuvwXWsJTZYTnBZLHj; i-K3yJ7rruozYUK99nj91ffc; i-WTCYyz27itjvuvffL1vZLi	i-2aZQBvMx8o6ihusfvExbt8; i-6MWLY5JdykMGLLUo96skfp; i-CNBy5dFgNNyEozHVpAj93c; i-HpwkrkkrFd1MRPixHrr8q1; i-JxxHuvwXWsJTZYTnBZLHj; i-K3yJ7rruozYUK99nj91ffc; i-WTCYyz27itjvuvffL1vZLi			i-2aZQBvMx8o6ihusfvExbt8; i-6MWLY5JdykMGLLUo96skfp; i-CNBy5dFgNNyEozHVpAj93c; i-HpwkrkkrFd1MRPixHrr8q1; i-JxxHuvwXWsJTZYTnBZLHj; i-K3yJ7rruozYUK99nj91ffc; i-WTCYyz27itjvuvffL1vZLi	i-2aZQBvMx8o6ihusfvExbt8; i-6MWLY5JdykMGLLUo96skfp; i-CNBy5dFgNNyEozHVpAj93c; i-HpwkrkkrFd1MRPixHrr8q1; i-JxxHuvwXWsJTZYTnBZLHj; i-K3yJ7rruozYUK99nj91ffc; i-WTCYyz27itjvuvffL1vZLi	True	7	0	0		0			https://github.com/swerik-project/riksdagen-motions/blob/main/data/200910/mot-200910-UU-00272.xml
431	201011	data/201011/mot-201011-CU-00213.xml	True	1.0	1.0	1.0	1	0	0	1	1	0.0	1.0	0.0	i-TifWqzmRuorK3zFDqAUZk8	i-TifWqzmRuorK3zFDqAUZk8	i-TifWqzmRuorK3zFDqAUZk8			i-TifWqzmRuorK3zFDqAUZk8	i-TifWqzmRuorK3zFDqAUZk8	True	1	0	0		0			https://github.com/swerik-project/riksdagen-motions/blob/main/data/201011/mot-201011-CU-00213.xml
432	201011	data/201011/mot-201011-KrU-00336.xml	True	1.0	1.0	1.0	1	0	0	1	1	0.0	1.0	0.0	i-Vo3YjbvPDcwbepLXUMMiDZ	i-Vo3YjbvPDcwbepLXUMMiDZ	i-Vo3YjbvPDcwbepLXUMMiDZ			i-Vo3YjbvPDcwbepLXUMMiDZ	i-Vo3YjbvPDcwbepLXUMMiDZ	True	1	0	0		0			https://github.com/swerik-project/riksdagen-motions/blob/main/data/201011/mot-201011-KrU-00336.xml
433	201011	data/201011/mot-201011-UU-00264.xml	True	1.0	1.0	1.0	3	0	0	3	3	0.0	1.0	0.0	i-24CbHNwsRznss4Yas6HseU; i-6NzqsXjPzSi4BTz8BKo1Rg; i-TEkdGy8DEUwcbVAxHygs6z	i-24CbHNwsRznss4Yas6HseU; i-6NzqsXjPzSi4BTz8BKo1Rg; i-TEkdGy8DEUwcbVAxHygs6z	i-24CbHNwsRznss4Yas6HseU; i-6NzqsXjPzSi4BTz8BKo1Rg; i-TEkdGy8DEUwcbVAxHygs6z			i-24CbHNwsRznss4Yas6HseU; i-6NzqsXjPzSi4BTz8BKo1Rg; i-TEkdGy8DEUwcbVAxHygs6z	i-24CbHNwsRznss4Yas6HseU; i-6NzqsXjPzSi4BTz8BKo1Rg; i-TEkdGy8DEUwcbVAxHygs6z	True	3	0	0		0			https://github.com/swerik-project/riksdagen-motions/blob/main/data/201011/mot-201011-UU-00264.xml
434	201112	data/201112/mot-201112-AU-00263.xml	True	1.0	1.0	1.0	1	0	0	1	1	0.0	1.0	0.0	i-PyYxwdbw2KYpXyCWKWHmmT	i-PyYxwdbw2KYpXyCWKWHmmT	i-PyYxwdbw2KYpXyCWKWHmmT			i-PyYxwdbw2KYpXyCWKWHmmT	i-PyYxwdbw2KYpXyCWKWHmmT	True	1	0	0		0			https://github.com/swerik-project/riksdagen-motions/blob/main/data/201112/mot-201112-AU-00263.xml
435	201112	data/201112/mot-201112-FöU-00240.xml	True	1.0	1.0	1.0	3	0	0	3	3	0.0	1.0	0.0	i-2EZPhWWR7yHztg3zN2aNvh; i-34FRvyXQKUigF3Qr9AwKJe; i-FeVXF7pVocmUfQoPXGuJKR	i-2EZPhWWR7yHztg3zN2aNvh; i-34FRvyXQKUigF3Qr9AwKJe; i-FeVXF7pVocmUfQoPXGuJKR	i-2EZPhWWR7yHztg3zN2aNvh; i-34FRvyXQKUigF3Qr9AwKJe; i-FeVXF7pVocmUfQoPXGuJKR			i-2EZPhWWR7yHztg3zN2aNvh; i-34FRvyXQKUigF3Qr9AwKJe; i-FeVXF7pVocmUfQoPXGuJKR	i-2EZPhWWR7yHztg3zN2aNvh; i-34FRvyXQKUigF3Qr9AwKJe; i-FeVXF7pVocmUfQoPXGuJKR	True	3	0	0		0			https://github.com/swerik-project/riksdagen-motions/blob/main/data/201112/mot-201112-FöU-00240.xml
436	201112	data/201112/mot-201112-MJU-00269.xml	True	1.0	1.0	1.0	7	0	0	7	7	0.0	1.0	0.0	i-2GE534P2Foy3WpqKPVNeW8; i-DLt3BwBDVwBxqxVEki5m5B; i-HsGsAzKWHQY5pjyAYNXAz7; i-LSGLGKPPdgKqe7pxwHn9sf; i-V1piU7dAy9T73Gqt6tm91j; i-WG11xmCpAW9nyyXv1sJFAK; i-XSuWURvcJRjSbVSYUBBuD2	i-2GE534P2Foy3WpqKPVNeW8; i-DLt3BwBDVwBxqxVEki5m5B; i-HsGsAzKWHQY5pjyAYNXAz7; i-LSGLGKPPdgKqe7pxwHn9sf; i-V1piU7dAy9T73Gqt6tm91j; i-WG11xmCpAW9nyyXv1sJFAK; i-XSuWURvcJRjSbVSYUBBuD2	i-2GE534P2Foy3WpqKPVNeW8; i-DLt3BwBDVwBxqxVEki5m5B; i-HsGsAzKWHQY5pjyAYNXAz7; i-LSGLGKPPdgKqe7pxwHn9sf; i-V1piU7dAy9T73Gqt6tm91j; i-WG11xmCpAW9nyyXv1sJFAK; i-XSuWURvcJRjSbVSYUBBuD2			i-2GE534P2Foy3WpqKPVNeW8; i-DLt3BwBDVwBxqxVEki5m5B; i-HsGsAzKWHQY5pjyAYNXAz7; i-LSGLGKPPdgKqe7pxwHn9sf; i-V1piU7dAy9T73Gqt6tm91j; i-WG11xmCpAW9nyyXv1sJFAK; i-XSuWURvcJRjSbVSYUBBuD2	i-2GE534P2Foy3WpqKPVNeW8; i-DLt3BwBDVwBxqxVEki5m5B; i-HsGsAzKWHQY5pjyAYNXAz7; i-LSGLGKPPdgKqe7pxwHn9sf; i-V1piU7dAy9T73Gqt6tm91j; i-WG11xmCpAW9nyyXv1sJFAK; i-XSuWURvcJRjSbVSYUBBuD2	True	7	0	0		0			https://github.com/swerik-project/riksdagen-motions/blob/main/data/201112/mot-201112-MJU-00269.xml
437	201213	data/201213/mot-201213-AU-00386.xml	False	1.0	0.8888888888888888	0.9411764705882353	8	0	1	9	8	0.1111111111111111	0.8888888888888888	0.0	i-2GE534P2Foy3WpqKPVNeW8; i-7YbH6oTUwG4Qn94QEVE6as; i-9x2nw6aosA3pyEJfJTc1eD; i-Atz7ai4RJKnyNCwfSAJEeC; i-C2s3YhmmVmNkgvznmmnD4x; i-FfCiJc8kVZcwio9wsCvVkH; i-HsGsAzKWHQY5pjyAYNXAz7; i-Q6T8pKy9pERdSQEuTcARyR; i-SNtv8jZRB19Jr8oegj1mGK	i-2GE534P2Foy3WpqKPVNeW8; i-7YbH6oTUwG4Qn94QEVE6as; i-9x2nw6aosA3pyEJfJTc1eD; i-C2s3YhmmVmNkgvznmmnD4x; i-FfCiJc8kVZcwio9wsCvVkH; i-HsGsAzKWHQY5pjyAYNXAz7; i-Q6T8pKy9pERdSQEuTcARyR; i-SNtv8jZRB19Jr8oegj1mGK	i-2GE534P2Foy3WpqKPVNeW8; i-7YbH6oTUwG4Qn94QEVE6as; i-9x2nw6aosA3pyEJfJTc1eD; i-C2s3YhmmVmNkgvznmmnD4x; i-FfCiJc8kVZcwio9wsCvVkH; i-HsGsAzKWHQY5pjyAYNXAz7; i-Q6T8pKy9pERdSQEuTcARyR; i-SNtv8jZRB19Jr8oegj1mGK		i-Atz7ai4RJKnyNCwfSAJEeC	i-2GE534P2Foy3WpqKPVNeW8; i-7YbH6oTUwG4Qn94QEVE6as; i-9x2nw6aosA3pyEJfJTc1eD; i-C2s3YhmmVmNkgvznmmnD4x; i-FfCiJc8kVZcwio9wsCvVkH; i-HsGsAzKWHQY5pjyAYNXAz7; i-Q6T8pKy9pERdSQEuTcARyR; i-SNtv8jZRB19Jr8oegj1mGK	i-2GE534P2Foy3WpqKPVNeW8; i-7YbH6oTUwG4Qn94QEVE6as; i-9x2nw6aosA3pyEJfJTc1eD; i-Atz7ai4RJKnyNCwfSAJEeC; i-C2s3YhmmVmNkgvznmmnD4x; i-FfCiJc8kVZcwio9wsCvVkH; i-HsGsAzKWHQY5pjyAYNXAz7; i-Q6T8pKy9pERdSQEuTcARyR; i-SNtv8jZRB19Jr8oegj1mGK	False	9	1	0		0			https://github.com/swerik-project/riksdagen-motions/blob/main/data/201213/mot-201213-AU-00386.xml
438	201213	data/201213/mot-201213-MJU-00287.xml	True	1.0	1.0	1.0	1	0	0	1	1	0.0	1.0	0.0	i-Uxe3rhosBnSZpqJX5d7gpy	i-Uxe3rhosBnSZpqJX5d7gpy	i-Uxe3rhosBnSZpqJX5d7gpy			i-Uxe3rhosBnSZpqJX5d7gpy	i-Uxe3rhosBnSZpqJX5d7gpy	True	1	0	0		0			https://github.com/swerik-project/riksdagen-motions/blob/main/data/201213/mot-201213-MJU-00287.xml
439	201213	data/201213/mot-201213-NU-00332.xml	False	1.0	0.8571428571428571	0.9230769230769231	6	0	1	7	6	0.14285714285714285	0.8571428571428571	0.0	i-2EZPhWWR7yHztg3zN2aNvh; i-Atz7ai4RJKnyNCwfSAJEeC; i-FeVXF7pVocmUfQoPXGuJKR; i-LSGLGKPPdgKqe7pxwHn9sf; i-VRHymVx7EsX48sg7b5qmpS; i-WG11xmCpAW9nyyXv1sJFAK; i-XSuWURvcJRjSbVSYUBBuD2	i-2EZPhWWR7yHztg3zN2aNvh; i-FeVXF7pVocmUfQoPXGuJKR; i-LSGLGKPPdgKqe7pxwHn9sf; i-VRHymVx7EsX48sg7b5qmpS; i-WG11xmCpAW9nyyXv1sJFAK; i-XSuWURvcJRjSbVSYUBBuD2	i-2EZPhWWR7yHztg3zN2aNvh; i-FeVXF7pVocmUfQoPXGuJKR; i-LSGLGKPPdgKqe7pxwHn9sf; i-VRHymVx7EsX48sg7b5qmpS; i-WG11xmCpAW9nyyXv1sJFAK; i-XSuWURvcJRjSbVSYUBBuD2		i-Atz7ai4RJKnyNCwfSAJEeC	i-2EZPhWWR7yHztg3zN2aNvh; i-FeVXF7pVocmUfQoPXGuJKR; i-LSGLGKPPdgKqe7pxwHn9sf; i-VRHymVx7EsX48sg7b5qmpS; i-WG11xmCpAW9nyyXv1sJFAK; i-XSuWURvcJRjSbVSYUBBuD2	i-2EZPhWWR7yHztg3zN2aNvh; i-Atz7ai4RJKnyNCwfSAJEeC; i-FeVXF7pVocmUfQoPXGuJKR; i-LSGLGKPPdgKqe7pxwHn9sf; i-VRHymVx7EsX48sg7b5qmpS; i-WG11xmCpAW9nyyXv1sJFAK; i-XSuWURvcJRjSbVSYUBBuD2	False	7	1	0		0			https://github.com/swerik-project/riksdagen-motions/blob/main/data/201213/mot-201213-NU-00332.xml
440	201314	data/201314/mot-201314-MJU-00229.xml	True	1.0	1.0	1.0	1	0	0	1	1	0.0	1.0	0.0	i-S1jBpohzgG7cgcBjfgN1Fb	i-S1jBpohzgG7cgcBjfgN1Fb	i-S1jBpohzgG7cgcBjfgN1Fb			i-S1jBpohzgG7cgcBjfgN1Fb	i-S1jBpohzgG7cgcBjfgN1Fb	True	1	0	0		0			https://github.com/swerik-project/riksdagen-motions/blob/main/data/201314/mot-201314-MJU-00229.xml
441	201314	data/201314/mot-201314-NU-00284.xml	True	1.0	1.0	1.0	2	0	0	2	2	0.0	1.0	0.0	i-CUvgh8FbAS51NxDGz1KFL7; i-Wg4JiBuxTz9fesArDXiMko	i-CUvgh8FbAS51NxDGz1KFL7; i-Wg4JiBuxTz9fesArDXiMko	i-CUvgh8FbAS51NxDGz1KFL7; i-Wg4JiBuxTz9fesArDXiMko			i-CUvgh8FbAS51NxDGz1KFL7; i-Wg4JiBuxTz9fesArDXiMko	i-CUvgh8FbAS51NxDGz1KFL7; i-Wg4JiBuxTz9fesArDXiMko	True	2	0	0		0			https://github.com/swerik-project/riksdagen-motions/blob/main/data/201314/mot-201314-NU-00284.xml
442	201314	data/201314/mot-201314-NU-00299.xml	False	1.0	0.75	0.8571428571428571	3	0	1	4	3	0.25	0.75	0.0	i-4d51CJWhx39kVpCvcwxZq8; i-KTYc2rBrcxPNyJRR5s4dQD; i-RZNwwHohbyBgLVVG4Dy1Bj; i-TVwo4mCECu692GW3ntqQzo	i-KTYc2rBrcxPNyJRR5s4dQD; i-RZNwwHohbyBgLVVG4Dy1Bj; i-TVwo4mCECu692GW3ntqQzo	i-KTYc2rBrcxPNyJRR5s4dQD; i-RZNwwHohbyBgLVVG4Dy1Bj; i-TVwo4mCECu692GW3ntqQzo		i-4d51CJWhx39kVpCvcwxZq8	i-KTYc2rBrcxPNyJRR5s4dQD; i-RZNwwHohbyBgLVVG4Dy1Bj; i-TVwo4mCECu692GW3ntqQzo	i-4d51CJWhx39kVpCvcwxZq8; i-KTYc2rBrcxPNyJRR5s4dQD; i-RZNwwHohbyBgLVVG4Dy1Bj; i-TVwo4mCECu692GW3ntqQzo	False	4	1	0		0			https://github.com/swerik-project/riksdagen-motions/blob/main/data/201314/mot-201314-NU-00299.xml
443	201415	data/201415/mot-201415-NU-02749.xml	False	0.0	0.0	0.0	0	3	1	1	3	1.0	0.0	1.0	i-S1jBpohzgG7cgcBjfgN1Fb	i-3YAEMbZXswzuyekFnSxXSF; i-L2jZQY1rmXeXy9EGfsxUKG; i-SQtBtzxQLj4TaXXq9jLy7r		i-3YAEMbZXswzuyekFnSxXSF; i-L2jZQY1rmXeXy9EGfsxUKG; i-SQtBtzxQLj4TaXXq9jLy7r	i-S1jBpohzgG7cgcBjfgN1Fb	i-3YAEMbZXswzuyekFnSxXSF; i-L2jZQY1rmXeXy9EGfsxUKG; i-SQtBtzxQLj4TaXXq9jLy7r	i-3YAEMbZXswzuyekFnSxXSF; i-L2jZQY1rmXeXy9EGfsxUKG; i-SQtBtzxQLj4TaXXq9jLy7r	True	3	0	0		0			https://github.com/swerik-project/riksdagen-motions/blob/main/data/201415/mot-201415-NU-02749.xml
444	201415	data/201415/mot-201415-NU-03098.xml	True	1.0	1.0	1.0	3	0	0	3	3	0.0	1.0	0.0	i-4dnqFdd2E3dHMPK1WWi5Tx; i-5JKbBodBpCZ1A4ajEWCxPv; i-DF6yJMSNGfT6HwisDSi4qz	i-4dnqFdd2E3dHMPK1WWi5Tx; i-5JKbBodBpCZ1A4ajEWCxPv; i-DF6yJMSNGfT6HwisDSi4qz	i-4dnqFdd2E3dHMPK1WWi5Tx; i-5JKbBodBpCZ1A4ajEWCxPv; i-DF6yJMSNGfT6HwisDSi4qz			i-4dnqFdd2E3dHMPK1WWi5Tx; i-5JKbBodBpCZ1A4ajEWCxPv; i-DF6yJMSNGfT6HwisDSi4qz	i-4dnqFdd2E3dHMPK1WWi5Tx; i-5JKbBodBpCZ1A4ajEWCxPv; i-DF6yJMSNGfT6HwisDSi4qz	True	3	0	0		0			https://github.com/swerik-project/riksdagen-motions/blob/main/data/201415/mot-201415-NU-03098.xml
445	201415	data/201415/mot-201415-SoU-02352.xml	True	1.0	1.0	1.0	2	0	0	2	2	0.0	1.0	0.0	i-Ev6Dx3pWj2WT32VGQpabaz; i-RgiFneJos5UFYxcw7xkPxz	i-Ev6Dx3pWj2WT32VGQpabaz; i-RgiFneJos5UFYxcw7xkPxz	i-Ev6Dx3pWj2WT32VGQpabaz; i-RgiFneJos5UFYxcw7xkPxz			i-Ev6Dx3pWj2WT32VGQpabaz; i-RgiFneJos5UFYxcw7xkPxz	i-Ev6Dx3pWj2WT32VGQpabaz; i-RgiFneJos5UFYxcw7xkPxz	True	2	0	0		0			https://github.com/swerik-project/riksdagen-motions/blob/main/data/201415/mot-201415-SoU-02352.xml
446	201516	data/201516/mot-201516-AU-02806.xml	True	1.0	1.0	1.0	1	0	0	1	1	0.0	1.0	0.0	i-iThmkGNxBe7XUsT8b92pZ	i-iThmkGNxBe7XUsT8b92pZ	i-iThmkGNxBe7XUsT8b92pZ			i-iThmkGNxBe7XUsT8b92pZ	i-iThmkGNxBe7XUsT8b92pZ	True	1	0	0		0			https://github.com/swerik-project/riksdagen-motions/blob/main/data/201516/mot-201516-AU-02806.xml
447	201516	data/201516/mot-201516-KrU-00050.xml	True	1.0	1.0	1.0	7	0	0	7	7	0.0	1.0	0.0	i-3SiHjpmKqDX1ahURx9ZWt3; i-7EGhEVdWhirq9oiHvVcrQR; i-7Gy2xwC7Jyimjy9QTKnQEf; i-8voj19hLWTGJHkxNP79tRb; i-9XTMNkDLu5u66FsWiwysh1; i-B4hV7rgBZqLtXzSvZhQHbo; i-Beux79YM43dDCxrVuBqfWw	i-3SiHjpmKqDX1ahURx9ZWt3; i-7EGhEVdWhirq9oiHvVcrQR; i-7Gy2xwC7Jyimjy9QTKnQEf; i-8voj19hLWTGJHkxNP79tRb; i-9XTMNkDLu5u66FsWiwysh1; i-B4hV7rgBZqLtXzSvZhQHbo; i-Beux79YM43dDCxrVuBqfWw	i-3SiHjpmKqDX1ahURx9ZWt3; i-7EGhEVdWhirq9oiHvVcrQR; i-7Gy2xwC7Jyimjy9QTKnQEf; i-8voj19hLWTGJHkxNP79tRb; i-9XTMNkDLu5u66FsWiwysh1; i-B4hV7rgBZqLtXzSvZhQHbo; i-Beux79YM43dDCxrVuBqfWw			i-3SiHjpmKqDX1ahURx9ZWt3; i-7EGhEVdWhirq9oiHvVcrQR; i-7Gy2xwC7Jyimjy9QTKnQEf; i-8voj19hLWTGJHkxNP79tRb; i-9XTMNkDLu5u66FsWiwysh1; i-B4hV7rgBZqLtXzSvZhQHbo; i-Beux79YM43dDCxrVuBqfWw	i-3SiHjpmKqDX1ahURx9ZWt3; i-7EGhEVdWhirq9oiHvVcrQR; i-7Gy2xwC7Jyimjy9QTKnQEf; i-8voj19hLWTGJHkxNP79tRb; i-9XTMNkDLu5u66FsWiwysh1; i-B4hV7rgBZqLtXzSvZhQHbo; i-Beux79YM43dDCxrVuBqfWw	True	7	0	0		0			https://github.com/swerik-project/riksdagen-motions/blob/main/data/201516/mot-201516-KrU-00050.xml
448	201516	data/201516/mot-201516-UbU-01921.xml	True	1.0	1.0	1.0	1	0	0	1	1	0.0	1.0	0.0	i-XScHuZhUG7vGfDLenjxRiL	i-XScHuZhUG7vGfDLenjxRiL	i-XScHuZhUG7vGfDLenjxRiL			i-XScHuZhUG7vGfDLenjxRiL	i-XScHuZhUG7vGfDLenjxRiL	True	1	0	0		0			https://github.com/swerik-project/riksdagen-motions/blob/main/data/201516/mot-201516-UbU-01921.xml
449	201617	data/201617/mot-201617-JuU-03177.xml	True	1.0	1.0	1.0	1	0	0	1	1	0.0	1.0	0.0	i-PBSxPmi2qJkmc16jpZDA6Y	i-PBSxPmi2qJkmc16jpZDA6Y	i-PBSxPmi2qJkmc16jpZDA6Y			i-PBSxPmi2qJkmc16jpZDA6Y	i-PBSxPmi2qJkmc16jpZDA6Y	True	1	0	0		0			https://github.com/swerik-project/riksdagen-motions/blob/main/data/201617/mot-201617-JuU-03177.xml
450	201617	data/201617/mot-201617-NU-01301.xml	True	1.0	1.0	1.0	1	0	0	1	1	0.0	1.0	0.0	i-VRHymVx7EsX48sg7b5qmpS	i-VRHymVx7EsX48sg7b5qmpS	i-VRHymVx7EsX48sg7b5qmpS			i-VRHymVx7EsX48sg7b5qmpS	i-VRHymVx7EsX48sg7b5qmpS	True	1	0	0		0			https://github.com/swerik-project/riksdagen-motions/blob/main/data/201617/mot-201617-NU-01301.xml
451	201617	data/201617/mot-201617-UbU-00282.xml	True	1.0	1.0	1.0	2	0	0	2	2	0.0	1.0	0.0	i-Ev6Dx3pWj2WT32VGQpabaz; i-pxoYe2yJTd56QvbXJ8RGr	i-Ev6Dx3pWj2WT32VGQpabaz; i-pxoYe2yJTd56QvbXJ8RGr	i-Ev6Dx3pWj2WT32VGQpabaz; i-pxoYe2yJTd56QvbXJ8RGr			i-Ev6Dx3pWj2WT32VGQpabaz; i-pxoYe2yJTd56QvbXJ8RGr	i-Ev6Dx3pWj2WT32VGQpabaz; i-pxoYe2yJTd56QvbXJ8RGr	True	2	0	0		0			https://github.com/swerik-project/riksdagen-motions/blob/main/data/201617/mot-201617-UbU-00282.xml
452	201718	data/201718/mot-201718-MJU-00824.xml	True	1.0	1.0	1.0	1	0	0	1	1	0.0	1.0	0.0	i-BNs9NctwwvjUQnQxyESNVd	i-BNs9NctwwvjUQnQxyESNVd	i-BNs9NctwwvjUQnQxyESNVd			i-BNs9NctwwvjUQnQxyESNVd	i-BNs9NctwwvjUQnQxyESNVd	True	1	0	0		0			https://github.com/swerik-project/riksdagen-motions/blob/main/data/201718/mot-201718-MJU-00824.xml
453	201718	data/201718/mot-201718-MJU-01181.xml	True	1.0	1.0	1.0	1	0	0	1	1	0.0	1.0	0.0	i-JyuoWkg9RUZd3XVSA6MfE6	i-JyuoWkg9RUZd3XVSA6MfE6	i-JyuoWkg9RUZd3XVSA6MfE6			i-JyuoWkg9RUZd3XVSA6MfE6	i-JyuoWkg9RUZd3XVSA6MfE6	True	1	0	0		0			https://github.com/swerik-project/riksdagen-motions/blob/main/data/201718/mot-201718-MJU-01181.xml
454	201718	data/201718/mot-201718-UU-02681.xml	False	1.0	0.8181818181818182	0.9	9	0	2	11	9	0.18181818181818182	0.8181818181818182	0.0	i-4d51CJWhx39kVpCvcwxZq8; i-5NG8haprnyzzwKpK9HjwGZ; i-9bqWLXmB7Cb3r3JUmkkLBy; i-B34sv9ytsiioT1XaQtyXUo; i-EgqHRHVoW5y9USDYuNoYuA; i-GLpGALNASBTHSmgDcbTu4m; i-HA8qZKZU3je8nF69VtPrqk; i-TifWqzmRuorK3zFDqAUZk8; i-V94NXHxQRsQu6mMDHyZAxs; i-X74MvWzSQtfREMzLLMbjc7; i-YG3se2hZeuEdiGKSwKyaKF	i-5NG8haprnyzzwKpK9HjwGZ; i-9bqWLXmB7Cb3r3JUmkkLBy; i-EgqHRHVoW5y9USDYuNoYuA; i-GLpGALNASBTHSmgDcbTu4m; i-HA8qZKZU3je8nF69VtPrqk; i-TifWqzmRuorK3zFDqAUZk8; i-V94NXHxQRsQu6mMDHyZAxs; i-X74MvWzSQtfREMzLLMbjc7; i-YG3se2hZeuEdiGKSwKyaKF	i-5NG8haprnyzzwKpK9HjwGZ; i-9bqWLXmB7Cb3r3JUmkkLBy; i-EgqHRHVoW5y9USDYuNoYuA; i-GLpGALNASBTHSmgDcbTu4m; i-HA8qZKZU3je8nF69VtPrqk; i-TifWqzmRuorK3zFDqAUZk8; i-V94NXHxQRsQu6mMDHyZAxs; i-X74MvWzSQtfREMzLLMbjc7; i-YG3se2hZeuEdiGKSwKyaKF		i-4d51CJWhx39kVpCvcwxZq8; i-B34sv9ytsiioT1XaQtyXUo	i-5NG8haprnyzzwKpK9HjwGZ; i-9bqWLXmB7Cb3r3JUmkkLBy; i-EgqHRHVoW5y9USDYuNoYuA; i-GLpGALNASBTHSmgDcbTu4m; i-HA8qZKZU3je8nF69VtPrqk; i-TifWqzmRuorK3zFDqAUZk8; i-V94NXHxQRsQu6mMDHyZAxs; i-X74MvWzSQtfREMzLLMbjc7; i-YG3se2hZeuEdiGKSwKyaKF	i-4d51CJWhx39kVpCvcwxZq8; i-5NG8haprnyzzwKpK9HjwGZ; i-9bqWLXmB7Cb3r3JUmkkLBy; i-B34sv9ytsiioT1XaQtyXUo; i-EgqHRHVoW5y9USDYuNoYuA; i-GLpGALNASBTHSmgDcbTu4m; i-HA8qZKZU3je8nF69VtPrqk; i-TifWqzmRuorK3zFDqAUZk8; i-V94NXHxQRsQu6mMDHyZAxs; i-X74MvWzSQtfREMzLLMbjc7; i-YG3se2hZeuEdiGKSwKyaKF	False	11	2	0		0			https://github.com/swerik-project/riksdagen-motions/blob/main/data/201718/mot-201718-UU-02681.xml
455	201819	data/201819/mot-201819-CU-03043.xml	True	1.0	1.0	1.0	3	0	0	3	3	0.0	1.0	0.0	i-4up3MKHRwxhpoLfZgub9Fu; i-8fLDFKe7DukdiZtVTQStKM; i-9fmcZcGuiE51S4XGih65wn	i-4up3MKHRwxhpoLfZgub9Fu; i-8fLDFKe7DukdiZtVTQStKM; i-9fmcZcGuiE51S4XGih65wn	i-4up3MKHRwxhpoLfZgub9Fu; i-8fLDFKe7DukdiZtVTQStKM; i-9fmcZcGuiE51S4XGih65wn			i-4up3MKHRwxhpoLfZgub9Fu; i-8fLDFKe7DukdiZtVTQStKM; i-9fmcZcGuiE51S4XGih65wn	i-4up3MKHRwxhpoLfZgub9Fu; i-8fLDFKe7DukdiZtVTQStKM; i-9fmcZcGuiE51S4XGih65wn	True	3	0	0		0			https://github.com/swerik-project/riksdagen-motions/blob/main/data/201819/mot-201819-CU-03043.xml
456	201819	data/201819/mot-201819-TU-02899.xml	True	1.0	1.0	1.0	5	0	0	5	5	0.0	1.0	0.0	i-3yGB8i2p5vZhm4Sy536rgC; i-73o5S2z3dmzixAt7gzz34E; i-AFto3gTmjTfTgomtq31hLZ; i-Kc3AcmXkcmGKhXRxHt6DUP; i-S1jBpohzgG7cgcBjfgN1Fb	i-3yGB8i2p5vZhm4Sy536rgC; i-73o5S2z3dmzixAt7gzz34E; i-AFto3gTmjTfTgomtq31hLZ; i-Kc3AcmXkcmGKhXRxHt6DUP; i-S1jBpohzgG7cgcBjfgN1Fb	i-3yGB8i2p5vZhm4Sy536rgC; i-73o5S2z3dmzixAt7gzz34E; i-AFto3gTmjTfTgomtq31hLZ; i-Kc3AcmXkcmGKhXRxHt6DUP; i-S1jBpohzgG7cgcBjfgN1Fb			i-3yGB8i2p5vZhm4Sy536rgC; i-73o5S2z3dmzixAt7gzz34E; i-AFto3gTmjTfTgomtq31hLZ; i-Kc3AcmXkcmGKhXRxHt6DUP; i-S1jBpohzgG7cgcBjfgN1Fb	i-3yGB8i2p5vZhm4Sy536rgC; i-73o5S2z3dmzixAt7gzz34E; i-AFto3gTmjTfTgomtq31hLZ; i-Kc3AcmXkcmGKhXRxHt6DUP; i-S1jBpohzgG7cgcBjfgN1Fb	True	5	0	0		0			https://github.com/swerik-project/riksdagen-motions/blob/main/data/201819/mot-201819-TU-02899.xml
457	201819	data/201819/mot-201819-UbU-02933.xml	True	1.0	1.0	1.0	4	0	0	4	4	0.0	1.0	0.0	i-5kLPqJYKuXdEi7mU2QqyGZ; i-Apyf3DsrtN2zmshEtt35Qo; i-J3vB7EYXWFGfYPGahysXrd; i-RaMkfMt8MzwfqAxncChJEu	i-5kLPqJYKuXdEi7mU2QqyGZ; i-Apyf3DsrtN2zmshEtt35Qo; i-J3vB7EYXWFGfYPGahysXrd; i-RaMkfMt8MzwfqAxncChJEu	i-5kLPqJYKuXdEi7mU2QqyGZ; i-Apyf3DsrtN2zmshEtt35Qo; i-J3vB7EYXWFGfYPGahysXrd; i-RaMkfMt8MzwfqAxncChJEu			i-5kLPqJYKuXdEi7mU2QqyGZ; i-Apyf3DsrtN2zmshEtt35Qo; i-J3vB7EYXWFGfYPGahysXrd; i-RaMkfMt8MzwfqAxncChJEu	i-5kLPqJYKuXdEi7mU2QqyGZ; i-Apyf3DsrtN2zmshEtt35Qo; i-J3vB7EYXWFGfYPGahysXrd; i-RaMkfMt8MzwfqAxncChJEu	True	4	0	0		0			https://github.com/swerik-project/riksdagen-motions/blob/main/data/201819/mot-201819-UbU-02933.xml
458	201920	data/201920/mot-201920-SoU-02399.xml	True	1.0	1.0	1.0	2	0	0	2	2	0.0	1.0	0.0	i-73o5S2z3dmzixAt7gzz34E; i-DGTHVhbApAq9J741uJW2uT	i-73o5S2z3dmzixAt7gzz34E; i-DGTHVhbApAq9J741uJW2uT	i-73o5S2z3dmzixAt7gzz34E; i-DGTHVhbApAq9J741uJW2uT			i-73o5S2z3dmzixAt7gzz34E; i-DGTHVhbApAq9J741uJW2uT	i-73o5S2z3dmzixAt7gzz34E; i-DGTHVhbApAq9J741uJW2uT	True	2	0	0		0			https://github.com/swerik-project/riksdagen-motions/blob/main/data/201920/mot-201920-SoU-02399.xml
459	201920	data/201920/mot-201920-TU-00896.xml	True	1.0	1.0	1.0	1	0	0	1	1	0.0	1.0	0.0	i-8LDEcfmJoNdnZMCPvSjiNu	i-8LDEcfmJoNdnZMCPvSjiNu	i-8LDEcfmJoNdnZMCPvSjiNu			i-8LDEcfmJoNdnZMCPvSjiNu	i-8LDEcfmJoNdnZMCPvSjiNu	True	1	0	0		0			https://github.com/swerik-project/riksdagen-motions/blob/main/data/201920/mot-201920-TU-00896.xml
460	201920	data/201920/mot-201920-UbU-00052.xml	True	1.0	1.0	1.0	4	0	0	4	4	0.0	1.0	0.0	i-5kLPqJYKuXdEi7mU2QqyGZ; i-Apyf3DsrtN2zmshEtt35Qo; i-ChDzdZDYwg4X9oGXyFy8Ta; i-J3vB7EYXWFGfYPGahysXrd	i-5kLPqJYKuXdEi7mU2QqyGZ; i-Apyf3DsrtN2zmshEtt35Qo; i-ChDzdZDYwg4X9oGXyFy8Ta; i-J3vB7EYXWFGfYPGahysXrd	i-5kLPqJYKuXdEi7mU2QqyGZ; i-Apyf3DsrtN2zmshEtt35Qo; i-ChDzdZDYwg4X9oGXyFy8Ta; i-J3vB7EYXWFGfYPGahysXrd			i-5kLPqJYKuXdEi7mU2QqyGZ; i-Apyf3DsrtN2zmshEtt35Qo; i-ChDzdZDYwg4X9oGXyFy8Ta; i-J3vB7EYXWFGfYPGahysXrd	i-5kLPqJYKuXdEi7mU2QqyGZ; i-Apyf3DsrtN2zmshEtt35Qo; i-ChDzdZDYwg4X9oGXyFy8Ta; i-J3vB7EYXWFGfYPGahysXrd	True	4	0	0		0			https://github.com/swerik-project/riksdagen-motions/blob/main/data/201920/mot-201920-UbU-00052.xml
461	202021	data/202021/mot-202021-KU-02266.xml	True	1.0	1.0	1.0	1	0	0	1	1	0.0	1.0	0.0	i-S1jBpohzgG7cgcBjfgN1Fb	i-S1jBpohzgG7cgcBjfgN1Fb	i-S1jBpohzgG7cgcBjfgN1Fb			i-S1jBpohzgG7cgcBjfgN1Fb	i-S1jBpohzgG7cgcBjfgN1Fb	True	1	0	0		0			https://github.com/swerik-project/riksdagen-motions/blob/main/data/202021/mot-202021-KU-02266.xml
462	202021	data/202021/mot-202021-SkU-03220.xml	True	1.0	1.0	1.0	5	0	0	5	5	0.0	1.0	0.0	i-26JwMpJPh7ufEnA9hhtP9j; i-56GdsFT6s6AKjKP51Hrmn5; i-Mf3zjD1SVGBHTEHbp1Vz4A; i-WwZzVPGhpXnyH5jyp86JB7; i-XHzgSBhvzhMtyTsYMbxgy4	i-26JwMpJPh7ufEnA9hhtP9j; i-56GdsFT6s6AKjKP51Hrmn5; i-Mf3zjD1SVGBHTEHbp1Vz4A; i-WwZzVPGhpXnyH5jyp86JB7; i-XHzgSBhvzhMtyTsYMbxgy4	i-26JwMpJPh7ufEnA9hhtP9j; i-56GdsFT6s6AKjKP51Hrmn5; i-Mf3zjD1SVGBHTEHbp1Vz4A; i-WwZzVPGhpXnyH5jyp86JB7; i-XHzgSBhvzhMtyTsYMbxgy4			i-26JwMpJPh7ufEnA9hhtP9j; i-56GdsFT6s6AKjKP51Hrmn5; i-Mf3zjD1SVGBHTEHbp1Vz4A; i-WwZzVPGhpXnyH5jyp86JB7; i-XHzgSBhvzhMtyTsYMbxgy4	i-26JwMpJPh7ufEnA9hhtP9j; i-56GdsFT6s6AKjKP51Hrmn5; i-Mf3zjD1SVGBHTEHbp1Vz4A; i-WwZzVPGhpXnyH5jyp86JB7; i-XHzgSBhvzhMtyTsYMbxgy4	True	5	0	0		0			https://github.com/swerik-project/riksdagen-motions/blob/main/data/202021/mot-202021-SkU-03220.xml
463	202021	data/202021/mot-202021-SoU-01758.xml	True	1.0	1.0	1.0	2	0	0	2	2	0.0	1.0	0.0	i-5sQf8wA27pVo43qpEZ2jUa; i-Apyf3DsrtN2zmshEtt35Qo	i-5sQf8wA27pVo43qpEZ2jUa; i-Apyf3DsrtN2zmshEtt35Qo	i-5sQf8wA27pVo43qpEZ2jUa; i-Apyf3DsrtN2zmshEtt35Qo			i-5sQf8wA27pVo43qpEZ2jUa; i-Apyf3DsrtN2zmshEtt35Qo	i-5sQf8wA27pVo43qpEZ2jUa; i-Apyf3DsrtN2zmshEtt35Qo	True	2	0	0		0			https://github.com/swerik-project/riksdagen-motions/blob/main/data/202021/mot-202021-SoU-01758.xml
464	202122	data/202122/mot-202122-CU-01505.xml	True	1.0	1.0	1.0	1	0	0	1	1	0.0	1.0	0.0	i-WwZzVPGhpXnyH5jyp86JB7	i-WwZzVPGhpXnyH5jyp86JB7	i-WwZzVPGhpXnyH5jyp86JB7			i-WwZzVPGhpXnyH5jyp86JB7	i-WwZzVPGhpXnyH5jyp86JB7	True	1	0	0		0			https://github.com/swerik-project/riksdagen-motions/blob/main/data/202122/mot-202122-CU-01505.xml
465	202122	data/202122/mot-202122-NU-00397.xml	True	1.0	1.0	1.0	1	0	0	1	1	0.0	1.0	0.0	i-TFG2PW7ay7mUZBy2GoJDbV	i-TFG2PW7ay7mUZBy2GoJDbV	i-TFG2PW7ay7mUZBy2GoJDbV			i-TFG2PW7ay7mUZBy2GoJDbV	i-TFG2PW7ay7mUZBy2GoJDbV	True	1	0	0		0			https://github.com/swerik-project/riksdagen-motions/blob/main/data/202122/mot-202122-NU-00397.xml
466	202122	data/202122/mot-202122-SfU-02928.xml	True	1.0	1.0	1.0	2	0	0	2	2	0.0	1.0	0.0	i-Lw92TAaAVgG8Kdf7YxhViy; i-TXWjMfPNdu6NddKf5hSeRx	i-Lw92TAaAVgG8Kdf7YxhViy; i-TXWjMfPNdu6NddKf5hSeRx	i-Lw92TAaAVgG8Kdf7YxhViy; i-TXWjMfPNdu6NddKf5hSeRx			i-Lw92TAaAVgG8Kdf7YxhViy; i-TXWjMfPNdu6NddKf5hSeRx	i-Lw92TAaAVgG8Kdf7YxhViy; i-TXWjMfPNdu6NddKf5hSeRx	True	2	0	0		0			https://github.com/swerik-project/riksdagen-motions/blob/main/data/202122/mot-202122-SfU-02928.xml
467	202223	data/202223/mot-202223-CU-01899.xml	True	1.0	1.0	1.0	1	0	0	1	1	0.0	1.0	0.0	i-S1jBpohzgG7cgcBjfgN1Fb	i-S1jBpohzgG7cgcBjfgN1Fb	i-S1jBpohzgG7cgcBjfgN1Fb			i-S1jBpohzgG7cgcBjfgN1Fb	i-S1jBpohzgG7cgcBjfgN1Fb	True	1	0	0		0			https://github.com/swerik-project/riksdagen-motions/blob/main/data/202223/mot-202223-CU-01899.xml
468	202223	data/202223/mot-202223-SoU-00085.xml	True	1.0	1.0	1.0	7	0	0	7	7	0.0	1.0	0.0	i-3SiHjpmKqDX1ahURx9ZWt3; i-9XTMNkDLu5u66FsWiwysh1; i-DthTyR9U9R8S6NVcPNcNQA; i-EgXqeVnPhVAxu5tLpK9F8M; i-QrNvzg6SGj92wj2YY77ZNA; i-Xbq1HVkxhCYVmfPLN63HRo; i-Xte2hVf6qgEgJA6sWB1cDH	i-3SiHjpmKqDX1ahURx9ZWt3; i-9XTMNkDLu5u66FsWiwysh1; i-DthTyR9U9R8S6NVcPNcNQA; i-EgXqeVnPhVAxu5tLpK9F8M; i-QrNvzg6SGj92wj2YY77ZNA; i-Xbq1HVkxhCYVmfPLN63HRo; i-Xte2hVf6qgEgJA6sWB1cDH	i-3SiHjpmKqDX1ahURx9ZWt3; i-9XTMNkDLu5u66FsWiwysh1; i-DthTyR9U9R8S6NVcPNcNQA; i-EgXqeVnPhVAxu5tLpK9F8M; i-QrNvzg6SGj92wj2YY77ZNA; i-Xbq1HVkxhCYVmfPLN63HRo; i-Xte2hVf6qgEgJA6sWB1cDH			i-3SiHjpmKqDX1ahURx9ZWt3; i-9XTMNkDLu5u66FsWiwysh1; i-DthTyR9U9R8S6NVcPNcNQA; i-EgXqeVnPhVAxu5tLpK9F8M; i-QrNvzg6SGj92wj2YY77ZNA; i-Xbq1HVkxhCYVmfPLN63HRo; i-Xte2hVf6qgEgJA6sWB1cDH	i-3SiHjpmKqDX1ahURx9ZWt3; i-9XTMNkDLu5u66FsWiwysh1; i-DthTyR9U9R8S6NVcPNcNQA; i-EgXqeVnPhVAxu5tLpK9F8M; i-QrNvzg6SGj92wj2YY77ZNA; i-Xbq1HVkxhCYVmfPLN63HRo; i-Xte2hVf6qgEgJA6sWB1cDH	True	7	0	0		0			https://github.com/swerik-project/riksdagen-motions/blob/main/data/202223/mot-202223-SoU-00085.xml
469	202223	data/202223/mot-202223-UbU-02079.xml	True	1.0	1.0	1.0	1	0	0	1	1	0.0	1.0	0.0	i-JQCU38kBabAgvaTVEnxBqL	i-JQCU38kBabAgvaTVEnxBqL	i-JQCU38kBabAgvaTVEnxBqL			i-JQCU38kBabAgvaTVEnxBqL	i-JQCU38kBabAgvaTVEnxBqL	True	1	0	0		0			https://github.com/swerik-project/riksdagen-motions/blob/main/data/202223/mot-202223-UbU-02079.xml
470	202324	data/202324/mot-202324-CU-02193.xml	True	1.0	1.0	1.0	1	0	0	1	1	0.0	1.0	0.0	i-S1jBpohzgG7cgcBjfgN1Fb	i-S1jBpohzgG7cgcBjfgN1Fb	i-S1jBpohzgG7cgcBjfgN1Fb			i-S1jBpohzgG7cgcBjfgN1Fb	i-S1jBpohzgG7cgcBjfgN1Fb	True	1	0	0		0			https://github.com/swerik-project/riksdagen-motions/blob/main/data/202324/mot-202324-CU-02193.xml
471	202324	data/202324/mot-202324-SoU-02653.xml	True	1.0	1.0	1.0	6	0	0	6	6	0.0	1.0	0.0	i-2HFQhchqUWZTJKFYz4PjBu; i-8fLDFKe7DukdiZtVTQStKM; i-9P5NZaksQybZxn8tBxUxvh; i-EE6FRts3Vi6U8EPsiGPPgm; i-Uq8cgRMrRNcxY3QYetppCT; i-Vk3BD1VwPAAm9tVnGHJL8B	i-2HFQhchqUWZTJKFYz4PjBu; i-8fLDFKe7DukdiZtVTQStKM; i-9P5NZaksQybZxn8tBxUxvh; i-EE6FRts3Vi6U8EPsiGPPgm; i-Uq8cgRMrRNcxY3QYetppCT; i-Vk3BD1VwPAAm9tVnGHJL8B	i-2HFQhchqUWZTJKFYz4PjBu; i-8fLDFKe7DukdiZtVTQStKM; i-9P5NZaksQybZxn8tBxUxvh; i-EE6FRts3Vi6U8EPsiGPPgm; i-Uq8cgRMrRNcxY3QYetppCT; i-Vk3BD1VwPAAm9tVnGHJL8B			i-2HFQhchqUWZTJKFYz4PjBu; i-8fLDFKe7DukdiZtVTQStKM; i-9P5NZaksQybZxn8tBxUxvh; i-EE6FRts3Vi6U8EPsiGPPgm; i-Uq8cgRMrRNcxY3QYetppCT; i-Vk3BD1VwPAAm9tVnGHJL8B	i-2HFQhchqUWZTJKFYz4PjBu; i-8fLDFKe7DukdiZtVTQStKM; i-9P5NZaksQybZxn8tBxUxvh; i-EE6FRts3Vi6U8EPsiGPPgm; i-Uq8cgRMrRNcxY3QYetppCT; i-Vk3BD1VwPAAm9tVnGHJL8B	True	6	0	0		0			https://github.com/swerik-project/riksdagen-motions/blob/main/data/202324/mot-202324-SoU-02653.xml
472	202324	data/202324/mot-202324-TU-01997.xml	True	1.0	1.0	1.0	2	0	0	2	2	0.0	1.0	0.0	i-Rkuvz2uZsGGCtRXDRZK2YV; i-SHwqJX3QmUDS4ynvAk16a	i-Rkuvz2uZsGGCtRXDRZK2YV; i-SHwqJX3QmUDS4ynvAk16a	i-Rkuvz2uZsGGCtRXDRZK2YV; i-SHwqJX3QmUDS4ynvAk16a			i-Rkuvz2uZsGGCtRXDRZK2YV; i-SHwqJX3QmUDS4ynvAk16a	i-Rkuvz2uZsGGCtRXDRZK2YV; i-SHwqJX3QmUDS4ynvAk16a	True	2	0	0		0			https://github.com/swerik-project/riksdagen-motions/blob/main/data/202324/mot-202324-TU-01997.xml
